symbol,name,exchange,isin
20MICRONS,20 Microns Limited,NSE,INE144J01027
21STCENMGM,21st Century Management Services Limited,NSE,INE253B01015
360ONE,360 ONE WAM LIMITED,NSE,INE466L01038
3BBLACKBIO,3B Blackbio Dx Limited,NSE,INE994E01018
3IINFOLTD,3i Infotech Limited,NSE,INE748C01038
3MINDIA,3M India Limited,NSE,INE470A01017
3PLAND,3P Land Holdings Limited,NSE,INE105C01023
5PAISA,5Paisa Capital Limited,NSE,INE618L01018
63MOONS,63 moons technologies limited,NSE,INE111B01023
A2ZINFRA,A2Z Infra Engineering Limited,NSE,INE619I01012
AAATECH,AAA Technologies Limited,NSE,INE0D0U01013
AADHARHFC,Aadhar Housing Finance Limited,NSE,INE883F01010
AAKASH,Aakash Exploration Services Limited,NSE,INE087Z01024
AAREYDRUGS,Aarey Drugs & Pharmaceuticals Limited,NSE,INE198H01019
AARNAV,Aarnav Fashions Limited,NSE,INE750R01016
AARON,Aaron Industries Limited,NSE,INE721Z01010
AARTECH,Aartech Solonics Limited,NSE,INE01C001026
AARTIDRUGS,Aarti Drugs Limited,NSE,INE767A01016
AARTIIND,Aarti Industries Limited,NSE,INE769A01020
AARTIPHARM,Aarti Pharmalabs Limited,NSE,INE0LRU01027
AARTISURF,Aarti Surfactants Limited,NSE,INE09EO01013
AARVI,Aarvi Encon Limited,NSE,INE754X01016
AASTHA,Aastha Spintex Limited,NSE,INE2FMX01012
AAVAS,Aavas Financiers Limited,NSE,INE216P01012
ABAN,Aban Offshore Limited,NSE,INE421A01028
ABANSENT,Abans Enterprises Limited,NSE,INE365O01028
ABB,ABB India Limited,NSE,INE117A01022
ABBOTINDIA,Abbott India Limited,NSE,INE358A01014
ABCAPITAL,Aditya Birla Capital Limited,NSE,INE674K01013
ABCOTS,A B Cotspin India Limited,NSE,INE08PH01015
ABDL,Allied Blenders and Distillers Limited,NSE,INE552Z01027
ABFRL,Aditya Birla Fashion and Retail Limited,NSE,INE647O01011
ABINFRA,A B Infrabuild Limited,NSE,INE00YB01025
ABLBL,Aditya Birla Lifestyle Brands Limited,NSE,INE14LE01019
ABMINTLLTD,ABM International Limited,NSE,INE251C01025
ABMKNO,ABM Knowledgeware Limited,NSE,INE850B01026
ABREL,Aditya Birla Real Estate Limited,NSE,INE055A01016
ABSLAMC,Aditya Birla Sun Life AMC Limited,NSE,INE404A01024
ACC,ACC Limited,NSE,INE012A01025
ACCELYA,Accelya Solutions India Limited,NSE,INE793A01012
ACCURACY,Accuracy Shipping Limited,NSE,INE648Z01023
ACE,Action Construction Equipment Limited,NSE,INE731H01025
ACEINTEG,Ace Integrated Solutions Limited,NSE,INE543V01017
ACGL,Automobile Corporation of Goa Limited,NSE,INE451C01013
ACI,Archean Chemical Industries Limited,NSE,INE128X01021
ACL,Andhra Cements Limited,NSE,INE666E01020
ACMESOLAR,Acme Solar Holdings Limited,NSE,INE622W01025
ACSTECH,ACS Technologies Limited,NSE,INE366C01021
ACUTAAS,Acutaas Chemicals Limited,NSE,INE00FF01025
ADANIENSOL,Adani Energy Solutions Limited,NSE,INE931S01010
ADANIENT,Adani Enterprises Limited,NSE,INE423A01024
ADANIGREEN,Adani Green Energy Limited,NSE,INE364U01010
ADANIPORTS,Adani Ports and Special Economic Zone Limited,NSE,INE742F01042
ADANIPOWER,Adani Power Limited,NSE,INE814H01029
ADDIND,Addi Industries Limited,NSE,INE757C01021
ADFFOODS,ADF Foods Limited,NSE,INE982B01027
ADL,Archidply Decor Limited,NSE,INE0CHO01012
ADOR,Ador Welding Limited,NSE,INE045A01017
ADROITIND,Adroit Industries (India) Limited,NSE,INE505M01015
ADROITINFO,Adroit Infotech Limited,NSE,INE737B01033
ADSL,Allied Digital Services Limited,NSE,INE102I01027
ADVAIT,Advait Energy Transitions Limited,NSE,INE0ALI01010
ADVANCE,Advance Agrolife Limited,NSE,INE1B0W01010
ADVANIHOTR,Advani Hotels & Resorts (India) Limited,NSE,INE199C01026
ADVENTHTL,Advent Hotels International Limited,NSE,INE28GN01010
ADVENZYMES,Advanced Enzyme Technologies Limited,NSE,INE837H01020
ADVIKCA,Advik Capital Limited,NSE,INE178T01024
AEGISLOG,Aegis Logistics Limited,NSE,INE208C01025
AEGISVOPAK,Aegis Vopak Terminals Limited,NSE,INE0INX01018
AEPL,Artemis Electricals and Projects Limited,NSE,INE757T01025
AEQUS,Aequs Limited,NSE,INE947N01017
AEROENTER,Aeroflex Enterprises Limited,NSE,INE065D01027
AEROFLEX,Aeroflex Industries Limited,NSE,INE024001021
AERONEU,Aeroflex Neu Limited,NSE,INE035801013
AEROPLANE,Amir Chand Jagdish Kumar (Exports) Limited,NSE,INE05TO01019
AETHER,Aether Industries Limited,NSE,INE0BWX01014
AFCONS,Afcons Infrastructure Limited,NSE,INE101I01011
AFFLE,Affle 3i Limited,NSE,INE00WC01027
AFFORDABLE,Affordable Robotic & Automation Limited,NSE,INE692Z01013
AFIL,Akme Fintrade (India) Limited,NSE,INE916Y01027
AFSL,Abans Financial Services Limited,NSE,INE00ZE01026
AGARIND,Agarwal Industrial Corporation Limited,NSE,INE204E01012
AGARWALEYE,Dr. Agarwal's Health Care Limited,NSE,INE943P01029
AGASTYAEN,Agastya Energy and Infrastructure Limited,NSE,INE753W01010
AGI,AGI Greenpac Limited,NSE,INE415A01038
AGIIL,Agi Infra Limited,NSE,INE976R01033
AGL,Allcargo Global Limited,NSE,INE1YPB01014
AGRITECH,Agri-Tech (India) Limited,NSE,INE449G01018
AGROPHOS,Agro Phos India Limited,NSE,INE740V01019
AGSTRA,AGS Transact Technologies Limited,NSE,INE583L01014
AHCL,Anlon Healthcare Limited,NSE,INE0Y8W01025
AHLADA,Ahlada Engineers Limited,NSE,INE00PV01013
AHLEAST,Asian Hotels (East) Limited,NSE,INE926K01017
AHLUCONT,Ahluwalia Contracts (India) Limited,NSE,INE758C01029
AHLWEST,Asian Hotels (West) Limited,NSE,INE915K01010
AIAENG,AIA Engineering Limited,NSE,INE212H01026
AIIL,Authum Investment & Infrastructure Limited,NSE,INE206F01022
AIRAN,Airan Limited,NSE,INE645W01026
AIROLAM,Airo Lam limited,NSE,INE801L01010
AJANTPHARM,Ajanta Pharma Limited,NSE,INE031B01049
AJAXENGG,Ajax Engineering Limited,NSE,INE274Y01021
AJMERA,Ajmera Realty & Infra India Limited,NSE,INE298G01035
AJOONI,Ajooni Biotech Limited,NSE,INE820Y01021
AKASH,Akash Infra-Projects Limited,NSE,INE737W01013
AKCAPIT,AK Capital Services Limited,NSE,INE701G01012
AKG,Akg Exim Limited,NSE,INE00Y801016
AKI,AKI India Limited,NSE,INE642Z01026
AKSHAR,Akshar Spintex Limited,NSE,INE256Z01025
AKSHARCHEM,AksharChem India Limited,NSE,INE542B01011
AKSHOPTFBR,Aksh Optifibre Limited,NSE,INE523B01011
AKUMS,Akums Drugs and Pharmaceuticals Limited,NSE,INE09XN01023
ALANKIT,Alankit Limited,NSE,INE914E01040
ALBERTDAVD,Albert David Limited,NSE,INE155C01010
ALEMBICLTD,Alembic Limited,NSE,INE426A01027
ALFREDHE,Alfred Herbert India Limited,NSE,INE782D01027
ALGOQUANT,Algoquant Fintech Limited,NSE,INE598D01035
ALICON,Alicon Castalloy Limited,NSE,INE062D01024
ALIVUS,Alivus Life Sciences Limited,NSE,INE03Q201024
ALKALI,Alkali Metals Limited,NSE,INE773I01017
ALKEM,Alkem Laboratories Limited,NSE,INE540L01014
ALKYLAMINE,Alkyl Amines Chemicals Limited,NSE,INE150B01039
ALLCARGO,Allcargo Logistics Limited,NSE,INE418H01029
ALLDIGI,Alldigi Tech Limited,NSE,INE835G01018
ALLTIME,All Time Plastics Limited,NSE,INE0GV601021
ALMONDZ,Almondz Global Securities Limited,NSE,INE326B01035
ALOKINDS,Alok Industries Limited,NSE,INE270A01029
ALPA,Alpa Laboratories Limited,NSE,INE385I01010
ALPHAGEO,Alphageo (India) Limited,NSE,INE137C01018
ALPINETEX,Alpine Texworld Limited,NSE,INE1JCQ01037
ALUFLUOR,Alufluoride Limited,NSE,INE058F01019
AMAGI,Amagi Media Labs Limited,NSE,INE121R01077
AMAL,Amal Limited,NSE,INE841D01013
AMANTA,Amanta Healthcare Limited,NSE,INE084K01015
AMARJOTHI,Amarjothi Spinning Mills Limited,NSE,INE484D01012
AMBALALSA,Ambalal Sarabhai Enterprises Limited,NSE,INE432A01017
AMBER,Amber Enterprises India Limited,NSE,INE371P01015
AMBICAAGAR,Ambica Agarbathies & Aroma industries Limited,NSE,INE792B01012
AMBIKCO,Ambika Cotton Mills Limited,NSE,INE540G01014
AMBUJACEM,Ambuja Cements Limited,NSE,INE079A01024
AMDIND,AMD Industries Limited,NSE,INE005I01014
AMJLAND,Amj Land Holdings Limited,NSE,INE606A01024
AMNPLST,Amines & Plasticizers Limited,NSE,INE275D01022
AMRUTANJAN,Amrutanjan Health Care Limited,NSE,INE098F01031
ANANDRATHI,Anand Rathi Wealth Limited,NSE,INE463V01026
ANANTRAJ,Anant Raj Limited,NSE,INE242C01024
ANDHRAPAP,ANDHRA PAPER LIMITED,NSE,INE435A01051
ANDHRSUGAR,The Andhra Sugars Limited,NSE,INE715B01021
ANDREWYU,Andrew Yule & Company Limited,NSE,INE449C01025
ANGELONE,Angel One Limited,NSE,INE732I01021
ANIKINDS,Anik Industries Limited,NSE,INE087B01017
ANKITMETAL,Ankit Metal & Power Limited,NSE,INE106I01010
ANMOL,Anmol India Limited,NSE,INE02AR01019
ANNAPURNA,Annapurna Swadisht Limited,NSE,INE0MGM01017
ANNU,Annu Projects Limited,NSE,INE103001017
ANSALAPI,Ansal Properties & Infrastructure Limited,NSE,INE436A01026
ANSALBU,Ansal Buildwell Limited,NSE,INE030C01015
ANTELOPUS,Antelopus Selan Energy Limited,NSE,INE818A01017
ANTGRAPHIC,Antarctica Limited,NSE,INE414B01021
ANTHEM,Anthem Biosciences Limited,NSE,INE0CZ201020
ANUHPHR,Anuh Pharma Limited,NSE,INE489G01022
ANUP,The Anup Engineering Limited,NSE,INE294Z01018
ANURAS,Anupam Rasayan India Limited,NSE,INE930P01018
APARINDS,Apar Industries Limited,NSE,INE372A01015
APCL,Anjani Portland Cement Limited,NSE,INE071F01012
APCOTEXIND,Apcotex Industries Limited,NSE,INE116A01032
APEX,Apex Frozen Foods Limited,NSE,INE346W01013
APLAPOLLO,APL Apollo Tubes Limited,NSE,INE702C01027
APLLTD,Alembic Pharmaceuticals Limited,NSE,INE901L01018
APOLLO,Apollo Micro Systems Limited,NSE,INE713T01028
APOLLOHOSP,Apollo Hospitals Enterprise Limited,NSE,INE437A01024
APOLLOPIPE,Apollo Pipes Limited,NSE,INE126J01016
APOLLOTYRE,Apollo Tyres Limited,NSE,INE438A01022
APOLSINHOT,Apollo Sindoori Hotels Limited,NSE,INE451F01024
APOORVA,Apoorva Leasing Finance and Investment Company Limited,NSE,INE217S01014
APTECHT,Aptech Limited,NSE,INE266F01018
APTUS,Aptus Value Housing Finance India Limited,NSE,INE852O01025
AQYLON,Aqylon Nexus Limited,NSE,INE416A01051
ARCHIDPLY,Archidply Industries Limited,NSE,INE877I01016
ARCHIES,Archies Limited,NSE,INE731A01020
ARCIL,Asset Reconstruction Company (India) Limited,NSE,INE148G01016
ARCL,ARCL Organics Limited,NSE,INE372M01010
ARDEE,Ardee Industries Limited,NSE,INE0XNF01022
ARE&M,Amara Raja Energy & Mobility Limited,NSE,INE885A01032
ARENTERP,Rajdarshan Industries Limited,NSE,INE610C01014
ARFIN,Arfin India Limited,NSE,INE784R01023
ARIES,Aries Agro Limited,NSE,INE298I01015
ARIHANT,Arihant Foundations & Housing Limited,NSE,INE413D01011
ARIHANTCAP,Arihant Capital Markets Limited,NSE,INE420B01036
ARIHANTSUP,Arihant Superstructures Limited,NSE,INE643K01018
ARIS,Arisinfra Solutions Limited,NSE,INE0H9P01028
ARKADE,Arkade Developers Limited,NSE,INE0QRL01017
ARMANFIN,Arman Financial Services Limited,NSE,INE109C01017
ARMEE,ArMee Infotech Limited,NSE,INE0TWE01016
AROGRANITE,Aro Granite Industries Limited,NSE,INE210C01013
ARROWGREEN,Arrow Greentech Limited,NSE,INE570D01018
ARSHIYA,Arshiya Limited,NSE,INE968D01022
ARSSBL,Anand Rathi Share and Stock Brokers Limited,NSE,INE549H01021
ARTEMISMED,Artemis Medicare Services Limited,NSE,INE025R01021
ARTNIRMAN,Art Nirman Limited,NSE,INE738V01013
ARVEE,Arvee Laboratories (India) Limited,NSE,INE006Z01016
ARVIND,Arvind Limited,NSE,INE034A01011
ARVINDFASN,Arvind Fashions Limited,NSE,INE955V01021
ARVSMART,Arvind SmartSpaces Limited,NSE,INE034S01021
ARYAMAN,Aryaman Financial Services Limited,NSE,INE032E01017
ASAHIINDIA,Asahi India Glass Limited,NSE,INE439A01020
ASAHISONG,Asahi Songwon Colors Limited,NSE,INE228I01012
ASAL,Automotive Stampings and Assemblies Limited,NSE,INE900C01027
ASALCBR,Associated Alcohols & Breweries Ltd.,NSE,INE073G01016
ASHAPURMIN,Ashapura Minechem Limited,NSE,INE348A01023
ASHIANA,Ashiana Housing Limited,NSE,INE365D01021
ASHIKAG,Ashika Global Securities Limited,NSE,INE094B01013
ASHIMASYN,Ashima Limited,NSE,INE440A01010
ASHOKA,Ashoka Buildcon Limited,NSE,INE442H01029
ASHOKAMET,Ashoka Metcast Limited,NSE,INE760Y01011
ASHOKLEY,Ashok Leyland Limited,NSE,INE208A01029
ASIANENE,Asian Energy Services Limited,NSE,INE276G01015
ASIANHOTNR,Asian Hotels (North) Limited,NSE,INE363A01022
ASIANPAINT,Asian Paints Limited,NSE,INE021A01026
ASIANTILES,Asian Granito India Limited,NSE,INE022I01019
ASIANTNE,Asian Tea & Exports Limited,NSE,INE822B01017
ASKAUTOLTD,ASK Automotive Limited,NSE,INE491J01022
ASMS,Avio Smart Market Stack Limited,NSE,INE855F01042
ASPINWALL,Aspinwall and Company Limited,NSE,INE991I01015
ASSAMENT,Assam Entrade Limited,NSE,INE165G01010
ASTAR,Asian Star Company Limited,NSE,INE194D01017
ASTEC,Astec LifeSciences Limited,NSE,INE563J01010
ASTERDM,Aster DM Quality Care Limited,NSE,INE914M01019
ASTRAL,Astral Limited,NSE,INE006I01046
ASTRAMICRO,Astra Microwave Products Limited,NSE,INE386C01029
ASTRAZEN,AstraZeneca Pharma India Limited,NSE,INE203A01020
ASTRON,Astron Paper & Board Mill Limited,NSE,INE646X01014
ATALREAL,Atal Realtech Limited,NSE,INE0ALR01029
ATAM,Atam Valves Limited,NSE,INE09KD01013
ATGL,Adani Total Gas Limited,NSE,INE399L01023
ATHERENERG,Ather Energy Limited,NSE,INE0LEZ01016
ATL,Allcargo Terminals Limited,NSE,INE0NN701020
ATLANTAA,ATLANTAA LIMITED,NSE,INE285H01022
ATLANTAELE,Atlanta Electricals Limited,NSE,INE0Z4F01028
ATLASCYCLE,Atlas Cycles (Haryana) Limited,NSE,INE446A01025
ATUL,Atul Limited,NSE,INE100A01010
ATULAUTO,Atul Auto Limited,NSE,INE951D01028
AUBANK,AU Small Finance Bank Limited,NSE,INE949L01017
AUGMONT,Augmont Enterprises Limited,NSE,INE16W401027
AURIONPRO,Aurionpro Solutions Limited,NSE,INE132H01018
AUROPHARMA,Aurobindo Pharma Limited,NSE,INE406A01037
AURUM,Aurum PropTech Limited,NSE,INE898S01029
AURUS,AURUS GEM CORPORATION LIMITED,NSE,INE142K01011
AUSOMENT,Ausom Enterprise Limited,NSE,INE218C01016
AUSTENG,Austin Engineering Company  Limited,NSE,INE759F01012
AUTOAXLES,Automotive Axles Limited,NSE,INE449A01011
AUTOIND,Autoline Industries Limited,NSE,INE718H01014
AVADHSUGAR,Avadh Sugar & Energy Limited,NSE,INE349W01017
AVALON,Avalon Technologies Limited,NSE,INE0LCL01028
AVANCE,Avance Technologies Limited,NSE,INE758A01072
AVANTEL,Avantel Limited,NSE,INE005B01027
AVANTIFEED,Avanti Feeds Limited,NSE,INE871C01038
AVG,AVG Logistics Limited,NSE,INE680Z01018
AVL,Aditya Vision Limited,NSE,INE679V01027
AVONMORE,Avonmore Capital & Management Services Limited,NSE,INE323B01024
AVROIND,AVRO INDIA LIMITED,NSE,INE652Z01025
AVTNPL,AVT Natural Products Limited,NSE,INE488D01021
AWFIS,Awfis Space Solutions Limited,NSE,INE108V01019
AWHCL,Antony Waste Handling Cell Limited,NSE,INE01BK01022
AWL,AWL Agri Business Limited,NSE,INE699H01024
AXISBANK,Axis Bank Limited,NSE,INE238A01034
AXISCADES,AXISCADES Technologies Limited,NSE,INE555B01013
AXITA,Axita Cotton Limited,NSE,INE02EZ01022
AXTEL,Axtel Industries Limited,NSE,INE767C01012
AYE,Aye Finance Limited,NSE,INE501X01029
AYMSYNTEX,AYM Syntex Limited,NSE,INE193B01039
AZAD,Azad Engineering Limited,NSE,INE02IJ01035
AZADIND,Azad India Mobility Limited,NSE,INE566M01017
BAFNAPH,Bafna Pharmaceuticals Limited,NSE,INE878I01022
BAGFILMS,B.A.G Films and Media Limited,NSE,INE116D01028
BAIDFIN,Baid Finserv Limited,NSE,INE020D01022
BAJAJ-AUTO,Bajaj Auto Limited,NSE,INE917I01010
BAJAJCON,Bajaj Consumer Care Limited,NSE,INE933K01021
BAJAJELEC,Bajaj Electricals Limited,NSE,INE193E01025
BAJAJFINSV,Bajaj Finserv Limited,NSE,INE918I01026
BAJAJHCARE,Bajaj Healthcare Limited,NSE,INE411U01027
BAJAJHFL,Bajaj Housing Finance Limited,NSE,INE377Y01014
BAJAJHIND,Bajaj Hindusthan Sugar Limited,NSE,INE306A01021
BAJAJHLDNG,Bajaj Holdings & Investment Limited,NSE,INE118A01012
BAJAJINDEF,Indef Manufacturing Limited,NSE,INE0O9T01021
BAJAJST,Bajaj Steel Industries Limited,NSE,INE704G01024
BAJEL,Bajel Projects Limited,NSE,INE0KQN01018
BAJFINANCE,Bajaj Finance Limited,NSE,INE296A01032
BALAJEE,Shree Tirupati Balajee Agro Trading Company Limited,NSE,INE0S2G01011
BALAJITELE,Balaji Telefilms Limited,NSE,INE794B01026
BALAMINES,Balaji Amines Limited,NSE,INE050E01027
BALAXI,BALAXI PHARMACEUTICALS LIMITED,NSE,INE618N01022
BALKRISHNA,Balkrishna Paper Mills Limited,NSE,INE875R01011
BALKRISIND,Balkrishna Industries Limited,NSE,INE787D01026
BALMLAWRIE,Balmer Lawrie & Company Limited,NSE,INE164A01016
BALPHARMA,Bal Pharma Limited,NSE,INE083D01012
BALRAMCHIN,Balrampur Chini Mills Limited,NSE,INE119A01028
BALUFORGE,Balu Forge Industries Limited,NSE,INE011E01029
BANARBEADS,Banaras Beads Limited,NSE,INE655B01011
BANARISUG,Bannari Amman Sugars Limited,NSE,INE459A01010
BANCOINDIA,Banco Products (I) Limited,NSE,INE213C01025
BANDHANBNK,Bandhan Bank Limited,NSE,INE545U01014
BANG,Bang Overseas Limited,NSE,INE863I01016
BANKA,Banka BioLoo Limited,NSE,INE862Y01015
BANKBARODA,Bank of Baroda,NSE,INE028A01039
BANKINDIA,Bank of India,NSE,INE084A01016
BANSALWIRE,Bansal Wire Industries Limited,NSE,INE0B9K01025
BANSWRAS,Banswara Syntex Limited,NSE,INE629D01020
BASF,BASF India Limited,NSE,INE373A01013
BASML,Bannari Amman Spinning Mills Limited,NSE,INE186H01022
BATAINDIA,Bata India Limited,NSE,INE176A01028
BATLIBOI,Batliboi Limited,NSE,INE177C01022
BAYERCROP,Bayer Cropscience Limited,NSE,INE462A01022
BBL,Bharat Bijlee Limited,NSE,INE464A01036
BBOX,Black Box Limited,NSE,INE676A01027
BBTC,The Bombay Burmah Trading Corporation Limited,NSE,INE050A01025
BBTCL,B&B Triplewall Containers Limited,NSE,INE01EE01011
BCG,Brightcom Group Limited,NSE,INE425B01027
BCLIND,Bcl Industries Limited,NSE,INE412G01024
BCONCEPTS,Brand Concepts Limited,NSE,INE977Y01011
BCPL,BCPL Railway Infrastructure Limited,NSE,INE00SW01015
BDL,Bharat Dynamics Limited,NSE,INE171Z01026
BEARDSELL,Beardsell Limited,NSE,INE520H01022
BECTORFOOD,Mrs. Bectors Food Specialities Limited,NSE,INE495P01020
BEDMUTHA,Bedmutha Industries Limited,NSE,INE844K01012
BEEKAY,Beekay Steel Industries Limited,NSE,INE213D01015
BEL,Bharat Electronics Limited,NSE,INE263A01024
BELLACASA,Bella Casa Fashion & Retail Limited,NSE,INE344T01014
BELRISE,Belrise Industries Limited,NSE,INE894V01022
BEML,BEML Limited,NSE,INE258A01024
BENARAS,Benares Hotels Limited,NSE,INE664D01019
BENGALASM,Bengal & Assam Company Limited,NSE,INE083K01017
BEPL,Bhansali Engineering Polymers Limited,NSE,INE922A01025
BERGEPAINT,Berger Paints (I) Limited,NSE,INE463A01038
BESTAGRO,Best Agrolife Limited,NSE,INE052T01021
BETA,Beta Drugs Limited,NSE,INE351Y01019
BFINVEST,BF Investment Limited,NSE,INE878K01010
BFUTILITIE,BF Utilities Limited,NSE,INE243D01012
BGRENERGY,BGR Energy Systems Limited,NSE,INE661I01014
BHAGCHEM,Bhagiradha Chemicals & Industries Limited,NSE,INE414D01027
BHAGERIA,Bhageria Industries Limited,NSE,INE354C01027
BHAGYANGR,Bhagyanagar India Limited,NSE,INE458B01036
BHANDARI,Bhandari Hosiery Exports Limited,NSE,INE474E01029
BHARATCOAL,Bharat Coking Coal Limited,NSE,INE05XR01022
BHARATFORG,Bharat Forge Limited,NSE,INE465A01025
BHARATGEAR,Bharat Gears Limited,NSE,INE561C01019
BHARATRAS,Bharat Rasayan Limited,NSE,INE838B01021
BHARATSE,Bharat Seats Limited,NSE,INE415D01024
BHARATWIRE,Bharat Wire Ropes Limited,NSE,INE316L01019
BHARTIARTL,Bharti Airtel Limited,NSE,INE397D01024
BHARTIHEXA,Bharti Hexacom Limited,NSE,INE343G01021
BHEL,Bharat Heavy Electricals Limited,NSE,INE257A01026
BI,Bilcare Limited,NSE,INE986A01012
BIGBLOC,Bigbloc Construction Limited,NSE,INE412U01025
BIKAJI,Bikaji Foods International Limited,NSE,INE00E101023
BIL,Bhartiya International Limited,NSE,INE828A01016
BILVYAPAR,BIL VYAPAR LIMITED,NSE,INE071A01013
BIMETAL,Bimetal Bearings Limited,NSE,INE469A01019
BIOCON,Biocon Limited,NSE,INE376G01013
BIOFILCHEM,Biofil Chemicals & Pharmaceuticals Limited,NSE,INE829A01014
BIRLACABLE,Birla Cable Limited,NSE,INE800A01015
BIRLACORPN,Birla Corporation Limited,NSE,INE340A01012
BIRLAMONEY,Aditya Birla Money Limited,NSE,INE865C01022
BIRLANU,BirlaNu Limited,NSE,INE557A01011
BIRLAPREC,Birla Precision Technologies Limited,NSE,INE372E01025
BLACKBUCK,BLACKBUCK LIMITED,NSE,INE0UIZ01018
BLACKROSE,Black Rose Inds. Limited,NSE,INE761G01016
BLAL,BEML Land Assets Limited,NSE,INE0N7W01012
BLBLIMITED,BLB Limited,NSE,INE791A01024
BLEL,Behari Lal Engineering Limited,NSE,INE1EEM01017
BLIL,Balmer Lawrie Investments Limited,NSE,INE525F01025
BLISSGVS,Bliss GVS Pharma Limited,NSE,INE416D01022
BLKASHYAP,B. L. Kashyap and Sons Limited,NSE,INE350H01032
BLS,BLS International Services Limited,NSE,INE153T01027
BLSE,BLS E-Services Limited,NSE,INE0NLT01010
BLUECLOUDS,Blue Cloud Softech Solutions Limited,NSE,INE373T01047
BLUECOAST,Blue Coast Hotels Limited,NSE,INE472B01011
BLUEDART,Blue Dart Express Limited,NSE,INE233B01017
BLUEJET,Blue Jet Healthcare Limited,NSE,INE0KBH01020
BLUESTARCO,Blue Star Limited,NSE,INE472A01039
BLUESTONE,BlueStone Jewellery and Lifestyle Limited,NSE,INE304W01038
BLUSPRING,Bluspring Enterprises Limited,NSE,INE0U4101014
BMWVENTLTD,BMW Ventures Limited,NSE,INE965W01036
BNAGROCHEM,BN Agrochem Limited,NSE,INE00HZ01011
BNALTD,B & A Limited,NSE,INE489D01011
BODALCHEM,Bodal Chemicals Limited,NSE,INE338D01028
BOHRAIND,Bohra Industries Limited,NSE,INE802W01023
BOMDYEING,Bombay Dyeing & Mfg Company Limited,NSE,INE032A01023
BONLON,Bonlon Industries Limited,NSE,INE0B9A01018
BORANA,Borana Weaves Limited,NSE,INE16SF01016
BOROLTD,Borosil Limited,NSE,INE02PY01013
BORORENEW,BOROSIL RENEWABLES LIMITED,NSE,INE666D01022
BOROSCI,Borosil Scientific Limited,NSE,INE02L001032
BOSCH-HCIL,BOSCH HOME COMFORT INDIA LIMITED,NSE,INE782A01015
BOSCHLTD,Bosch Limited,NSE,INE323A01026
BPCL,Bharat Petroleum Corporation Limited,NSE,INE029A01011
BPL,BPL Limited,NSE,INE110A01019
BPLPHARMA,Bharat Parenterals Limited,NSE,INE365Y01019
BRAHMINFRA,Brahmaputra Infrastructure Limited,NSE,INE320I01017
BRIGADE,Brigade Enterprises Limited,NSE,INE791I01019
BRIGHOTEL,Brigade Hotel Ventures Limited,NSE,INE03NU01014
BRIGHTBR,Bright Brothers Limited,NSE,INE630D01010
BRITANNIA,Britannia Industries Limited,NSE,INE216A01030
BRNL,Bharat Road Network Limited,NSE,INE727S01012
BROOKS,Brooks Laboratories Limited,NSE,INE650L01011
BSE,BSE Limited,NSE,INE118H01025
BSHSL,Bombay Super Hybrid Seeds Limited,NSE,INE032Z01020
BSL,BSL Limited,NSE,INE594B01012
BSOFT,BIRLASOFT LIMITED,NSE,INE836A01035
BTML,Bodhi Tree Multimedia Limited,NSE,INE0EEJ01023
BTTL,Bhilwara Technical Textiles Limited,NSE,INE274K01012
BUILDPRO,Shankara Buildpro Limited,NSE,INE24OJ01011
BURNPUR,Burnpur Cement Limited,NSE,INE817H01022
BUTTERFLY,Butterfly Gandhimathi Appliances Limited,NSE,INE295F01017
BVCL,Barak Valley Cements Limited,NSE,INE139I01011
BYKE,The Byke Hospitality Ltd,NSE,INE319B01014
CALSOFT,California Software Company Limited,NSE,INE526B01014
CAMLINFINE,Camlin Fine Sciences Limited,NSE,INE052I01032
CAMPUS,Campus Activewear Limited,NSE,INE278Y01022
CAMS,Computer Age Management Services Limited,NSE,INE596I01020
CANBK,Canara Bank,NSE,INE476A01022
CANFINHOME,Can Fin Homes Limited,NSE,INE477A01020
CANHLIFE,Canara HSBC Life Insurance Company Limited,NSE,INE01TY01017
CANTABIL,Cantabil Retail India Limited,NSE,INE068L01024
CAPACITE,Capacit'e Infraprojects Limited,NSE,INE264T01014
CAPILLARY,Capillary Technologies India Limited,NSE,INE0ILV01024
CAPITALSFB,Capital Small Finance Bank Limited,NSE,INE646H01017
CAPLIPOINT,Caplin Point Laboratories Limited,NSE,INE475E01026
CAPTRUST,Capital Trust Limited,NSE,INE707C01018
CARBORUNIV,Carborundum Universal Limited,NSE,INE120A01034
CARERATING,CARE Ratings Limited,NSE,INE752H01013
CARRARO,Carraro India Limited,NSE,INE0V7W01012
CARTRADE,Cartrade Tech Limited,NSE,INE290S01011
CARYSIL,CARYSIL LIMITED,NSE,INE482D01024
CASTROLIND,Castrol India Limited,NSE,INE172A01027
CCAVENUE,AvenuesAI Limited,NSE,INE483S01020
CCCL,Consolidated Construction Consortium Limited,NSE,INE429I01024
CCHHL,Country Club Hospitality & Holidays Limited,NSE,INE652F01027
CCL,CCL Products (India) Limited,NSE,INE421D01022
CDSL,Central Depository Services (India) Limited,NSE,INE736A01011
CEATLTD,CEAT Limited,NSE,INE482A01020
CEIGALL,Ceigall India Limited,NSE,INE0AG901020
CEINSYS,Ceinsys Tech Limited,NSE,INE016Q01014
CELEBRITY,Celebrity Fashions Limited,NSE,INE185H01016
CELLO,Cello World Limited,NSE,INE0LMW01024
CEMPRO,Cemindia Projects Limited,NSE,INE686A01026
CENTENKA,Century Enka Limited,NSE,INE485A01015
CENTEXT,Century Extrusions Limited,NSE,INE281A01026
CENTEXT-RE,Century Extrusions Limited-RE,NSE,INE281A20018
CENTRALBK,Central Bank of India,NSE,INE483A01010
CENTRUM,Centrum Capital Limited,NSE,INE660C01027
CENTUM,Centum Electronics Limited,NSE,INE320B01020
CENTURYPLY,Century Plyboards (India) Limited,NSE,INE348B01021
CERA,Cera Sanitaryware Limited,NSE,INE739E01017
CESC,CESC Limited,NSE,INE486A01021
CEWATER,Concord Enviro Systems Limited,NSE,INE037Z01029
CFEL,Confidence Futuristic Energetech Limited,NSE,INE700F01024
CGCL,Capri Global Capital Limited,NSE,INE180C01042
CGPOWER,CG Power and Industrial Solutions Limited,NSE,INE067A01029
CGVAK,CG Vak Software & Exports Limited,NSE,INE084D01010
CHALET,Chalet Hotels Limited,NSE,INE427F01016
CHAMBLFERT,Chambal Fertilizers & Chemicals Limited,NSE,INE085A01013
CHEMBOND,Chembond Material Technologies Limited,NSE,INE995D01025
CHEMBONDCH,Chembond Chemicals Limited,NSE,INE0TGX01019
CHEMCON,Chemcon Speciality Chemicals Limited,NSE,INE03YM01018
CHEMCRUX,Chemcrux Enterprises Limited,NSE,INE298W01016
CHEMFAB,Chemfab Alkalis Limited,NSE,INE783X01023
CHEMPLASTS,Chemplast Sanmar Limited,NSE,INE488A01050
CHENNPETRO,Chennai Petroleum Corporation Limited,NSE,INE178A01016
CHEVIOT,Cheviot Company Limited,NSE,INE974B01016
CHOICEIN,Choice International Limited,NSE,INE102B01014
CHOLAFIN,Cholamandalam Investment and Finance Company Limited,NSE,INE121A01024
CHOLAHLDNG,Cholamandalam Financial Holdings Limited,NSE,INE149A01033
CIEINDIA,CIE Automotive India Limited,NSE,INE536H01010
CIFL,Capital India Finance Limited,NSE,INE345H01024
CINELINE,Cineline India Limited,NSE,INE704H01022
CINEVISTA,Cinevista Limited,NSE,INE039B01026
CIPLA,Cipla Limited,NSE,INE059A01026
CLEAN,Clean Science and Technology Limited,NSE,INE227W01023
CLEANMAX,Clean Max Enviro Energy Solutions Limited,NSE,INE647U01026
CLEDUCATE,CL Educate Limited,NSE,INE201M01029
CLSEL,Chaman Lal Setia Exports Limited,NSE,INE419D01026
CMLL,Caliber Mining and Logistics Limited,NSE,INE11XY01018
CMPDI,Central Mine Planning & Design Institute Limited,NSE,INE05HV01027
CMRGREEN,CMR Green Technologies Limited,NSE,INE00WV01027
CMSINFO,CMS Info Systems Limited,NSE,INE925R01014
CNL,Creative Newtech Limited,NSE,INE985W01018
COALINDIA,Coal India Limited,NSE,INE522F01014
COASTCORP,Coastal Corporation Limited,NSE,INE377E01024
COCHINSHIP,Cochin Shipyard Limited,NSE,INE704P01025
COCKERILL,John Cockerill India Limited,NSE,INE515A01019
COFFEEDAY,Coffee Day Enterprises Limited,NSE,INE335K01011
COFORGE,Coforge Limited,NSE,INE591G01025
COHANCE,Cohance Lifesciences Limited,NSE,INE03QK01018
COLPAL,Colgate Palmolive (India) Limited,NSE,INE259A01022
COMFINTE,Comfort Intech Limited,NSE,INE819A01049
COMPEAU,Competent Automobiles Company Limited,NSE,INE823B01015
COMPINFO,Compuage Infocom Limited,NSE,INE070C01037
COMPUSOFT,Compucom Software Limited,NSE,INE453B01029
COMSYN,Commercial Syn Bags Limited,NSE,INE073V01015
CONCOR,Container Corporation of India Limited,NSE,INE111A01025
CONCORDBIO,Concord Biotech Limited,NSE,INE338H01029
CONFIPET,Confidence Petroleum India Limited,NSE,INE552D01024
CONSOFINVT,Consolidated Finvest & Holdings Limited,NSE,INE025A01027
CONTROLPR,Control Print Limited,NSE,INE663B01015
CORALFINAC,Coral India Finance & Housing Limited,NSE,INE558D01021
CORDELIA,Waterways Leisure Tourism Limited,NSE,INE0LZF01039
CORDSCABLE,Cords Cable Industries Limited,NSE,INE792I01017
COROMANDEL,Coromandel International Limited,NSE,INE169A01031
CORONA,CORONA Remedies Limited,NSE,INE02ZQ01018
COSMOFIRST,COSMO FIRST LIMITED,NSE,INE757A01017
COUNCODOS,Country Condo's Limited,NSE,INE695B01025
CPCAP,CP Capital Limited,NSE,INE521J01018
CPEDU,Career Point Edutech Limited,NSE,INE0P6P01016
CPL,Captain Polyplast Limited,NSE,INE536P01021
CPPLUS,Aditya Infotech Limited,NSE,INE819V01029
CRAFTSMAN,Craftsman Automation Limited,NSE,INE00LO01017
CRAMC,Canara Robeco Asset Management Company Limited,NSE,INE218I01013
CRAVATEX,Cravatex Limited,NSE,INE145E01017
CREATIVEYE,Creative Eye Limited,NSE,INE230B01021
CREDITACC,CREDITACCESS GRAMEEN LIMITED,NSE,INE741K01010
CREST,Crest Ventures Limited,NSE,INE559D01011
CRESTO,CRESTO TECHNO LIMITED,NSE,INE203Y01012
CRISIL,Crisil Limited,NSE,INE007A01025
CRIZAC,Crizac Limited,NSE,INE0S4R01014
CROMPTON,Crompton Greaves Consumer Electricals Limited,NSE,INE299U01018
CROWN,Crown Lifters Limited,NSE,INE491V01019
CRSL,Cressanda Railway Solutions Limited,NSE,INE716D01033
CSBBANK,CSB Bank Limited,NSE,INE679A01013
CSLFINANCE,CSL Finance Limited,NSE,INE718F01018
CSM,CSM Technologies Limited,NSE,INE0ZK601013
CTE,Cambridge Technology Enterprises Limited,NSE,INE627H01017
CUB,City Union Bank Limited,NSE,INE491A01021
CUBEXTUB,Cubex Tubings Limited,NSE,INE144D01012
CUMMINSIND,Cummins India Limited,NSE,INE298A01020
CUPID,Cupid Limited,NSE,INE509F01029
CURAA,Cura Technologies Limited,NSE,INE117B01020
CYBERMEDIA,Cyber Media (India) Limited,NSE,INE278G01037
CYBERTECH,Cybertech Systems And Software Limited,NSE,INE214A01019
CYIENT,Cyient Limited,NSE,INE136B01020
CYIENTDLM,Cyient DLM Limited,NSE,INE055S01018
DABUR,Dabur India Limited,NSE,INE016A01026
DAICHI,Dai-Ichi Karkaria Limited,NSE,INE928C01010
DALBHARAT,Dalmia Bharat Limited,NSE,INE00R701025
DALMIASUG,Dalmia Bharat Sugar and Industries Limited,NSE,INE495A01022
DAMCAPITAL,Dam Capital Advisors Limited,NSE,INE284H01025
DAMODARIND,Damodar Industries Limited,NSE,INE497D01022
DANGEE,Dangee Dums Limited,NSE,INE688Y01022
DATAMATICS,Datamatics Global Services Limited,NSE,INE365B01017
DATAPATTNS,Data Patterns (India) Limited,NSE,INE0IX101010
DAVANGERE,Davangere Sugar Company Limited,NSE,INE179G01029
DBCORP,D.B.Corp Limited,NSE,INE950I01011
DBEIL,Deepak Builders & Engineers India Limited,NSE,INE0OPA01027
DBL,Dilip Buildcon Limited,NSE,INE917M01012
DBOL,Dhampur Bio Organics Limited,NSE,INE0I3401014
DBREALTY,Valor Estate Limited,NSE,INE879I01012
DBSTOCKBRO,DB (International) Stock Brokers Limited,NSE,INE921B01025
DCAL,Dishman Carbogen Amcis Limited,NSE,INE385W01011
DCBBANK,DCB Bank Limited,NSE,INE503A01015
DCI,Dc Infotech And Communication Limited,NSE,INE0A1101019
DCM,DCM  Limited,NSE,INE498A01018
DCMFINSERV,DCM Financial Services Limited,NSE,INE891B01012
DCMNVL,DCM Nouvelle Limited,NSE,INE08KP01019
DCMSHRIRAM,DCM Shriram Limited,NSE,INE499A01024
DCMSIL,DCM Shriram International Limited,NSE,INE0OU201013
DCMSRIND,DCM Shriram Industries Limited,NSE,INE843D01027
DCW,DCW Limited,NSE,INE500A01029
DCXINDIA,DCX Systems Limited,NSE,INE0KL801015
DDEVPLSTIK,Ddev Plastiks Industries Limited,NSE,INE0HR601026
DECCANCE,Deccan Cements Limited,NSE,INE583C01021
DECNGOLD,Deccan Gold Mines Limited,NSE,INE945F01025
DEEDEV,DEE Development Engineers Limited,NSE,INE841L01016
DEEP,Deep Polymers Limited,NSE,INE00IY01012
DEEPA,Deepa Jewellers Limited,NSE,INE1M2N01020
DEEPAKFERT,Deepak Fertilizers and Petrochemicals Corporation Limited,NSE,INE501A01019
DEEPAKNTR,Deepak Nitrite Limited,NSE,INE288B01029
DEEPINDS,Deep Industries Limited,NSE,INE0FHS01024
DELHIVERY,Delhivery Limited,NSE,INE148O01028
DELPHIFX,DELPHI WORLD MONEY LIMITED,NSE,INE726L01027
DELTACORP,Delta Corp Limited,NSE,INE124G01033
DELTAMAGNT,Delta Manufacturing Limited,NSE,INE393A01011
DEN,Den Networks Limited,NSE,INE947J01015
DENORA,De Nora India Limited,NSE,INE244A01016
DENTA,Denta Water and Infra Solutions Limited,NSE,INE0R4L01018
DEVIT,Dev Information Technology Limited,NSE,INE060X01034
DEVX,Dev Accelerator Limited,NSE,INE0VOV01021
DEVYANI,Devyani International Limited,NSE,INE872J01023
DGCONTENT,Digicontent Limited,NSE,INE03JI01017
DHABRIYA,Dhabriya Polywood Limited,NSE,INE260R01016
DHAMPURSUG,Dhampur Sugar Mills Limited,NSE,INE041A01016
DHANBANK,Dhanlaxmi Bank Limited,NSE,INE680A01011
DHANUKA,Dhanuka Agritech Limited,NSE,INE435G01025
DHARAN,DHARAN INFRA-EPC LIMITED,NSE,INE278R01034
DHARMAJ,Dharmaj Crop Guard Limited,NSE,INE00OQ01016
DHATRE,Dhatre Udyog Limited,NSE,INE715T01031
DHOOTTRANS,Dhoot Transmission Limited,NSE,INE01NH01023
DHRUV,Dhruv Consultancy Services Limited,NSE,INE506Z01015
DHUNINV,Dhunseri Investments Limited,NSE,INE320L01011
DIACABS,Diamond Power Infrastructure Limited,NSE,INE989C01038
DIAMINESQ,Diamines & Chemicals Limited,NSE,INE591D01014
DIAMONDYD,Prataap Snacks Limited,NSE,INE393P01035
DICIND,DIC India Limited,NSE,INE303A01010
DIFFNKG,Diffusion Engineers Limited,NSE,INE184O01015
DIGIDRIVE,Digidrive Distributors Limited,NSE,INE0PSC01024
DIGISPICE,DiGiSPICE Technologies Limited,NSE,INE927C01020
DIGITIDE,Digitide Solutions Limited,NSE,INE0U4701011
DIGJAMLMTD,Digjam Limited,NSE,INE731U01028
DISAQ,Disa India Limited,NSE,INE131C01011
DISHTV,Dish TV India Limited,NSE,INE836F01026
DIVGIITTS,Divgi Torqtransfer Systems Limited,NSE,INE753U01022
DIVISLAB,Divi's Laboratories Limited,NSE,INE361B01024
DIXON,Dixon Technologies (India) Limited,NSE,INE935N01020
DJML,DJ Mediaprint & Logistics Limited,NSE,INE0B1K01014
DLF,DLF Limited,NSE,INE271C01023
DLINKINDIA,D-Link (India) Limited,NSE,INE250K01012
DMART,Avenue Supermarts Limited,NSE,INE192R01011
DMCC,DMCC SPECIALITY CHEMICALS LIMITED,NSE,INE505A01010
DNAMEDIA,Diligent Media Corporation Limited,NSE,INE016M01021
DODLA,Dodla Dairy Limited,NSE,INE021O01019
DOLATALGO,Dolat Algotech Limited,NSE,INE966A01022
DOLLAR,Dollar Industries Limited,NSE,INE325C01035
DOLLEX,Dollex Agrotech Limited,NSE,INE0JHH01011
DOLPHIN,Dolphin Offshore Enterprises (India) Limited,NSE,INE920A01037
DOMS,DOMS Industries Limited,NSE,INE321T01012
DONEAR,Donear Industries Limited,NSE,INE668D01028
DPABHUSHAN,D. P. Abhushan Limited,NSE,INE266Y01019
DPSCLTD,DPSC Limited,NSE,INE360C01024
DPWIRES,D P Wires Limited,NSE,INE864X01013
DRAGARWQ,Dr Agarwals Eye Hospital Limited,NSE,INE934C01018
DRCSYSTEMS,DRC Systems India Limited,NSE,INE03RS01027
DREAMFOLKS,Dreamfolks Services Limited,NSE,INE0JS101016
DREDGECORP,Dredging Corporation of India Limited,NSE,INE506A01018
DRREDDY,Dr. Reddy's Laboratories Limited,NSE,INE089A01031
DSFCL,DCM Shriram Fine Chemicals Limited,NSE,INE0OFM01015
DSKULKARNI,DS Kulkarni Developers Limited,NSE,INE891A01022
DSSL,Dynacons Systems & Solutions Limited,NSE,INE417B01040
DTIL,Dhunseri Tea & Industries Limited,NSE,INE341R01014
DUCON,Ducon Infratechnologies Limited,NSE,INE741L01018
DVL,Dhunseri Ventures Limited,NSE,INE477B01010
DWARKESH,Dwarikesh Sugar Industries Limited,NSE,INE366A01041
DYCL,Dynamic Cables Limited,NSE,INE600Y01019
DYNAMATECH,Dynamatic Technologies Limited,NSE,INE221B01012
DYNPRO,Dynemic Products Limited,NSE,INE256H01015
E2E,E2E Networks Limited,NSE,INE255Z01027
EASEMYTRIP,Easy Trip Planners Limited,NSE,INE07O001026
EASTSILK,Eastern Silk Industries Limited,NSE,INE962C01035
EASTWEST,East West Freight Carriers Limited,NSE,INE595R01023
EBGNG,GNG Electronics Limited,NSE,INE18JU01028
EBIX,EBIX Limited,NSE,INE432F01032
ECLERX,eClerx Services Limited,NSE,INE738I01010
ECORECO,Eco Recycling Limited,NSE,INE316A01038
ECOSMOBLTY,Ecos (India) Mobility & Hospitality Limited,NSE,INE06HJ01020
EDELWEISS,Edelweiss Financial Services Limited,NSE,INE532F01054
EFCIL,EFC (I) Limited,NSE,INE886D01026
EICHERMOT,Eicher Motors Limited,NSE,INE066A01021
EIDPARRY,EID Parry India Limited,NSE,INE126A01031
EIEL,Enviro Infra Engineers Limited,NSE,INE0LLY01014
EIFFL,Euro India Fresh Foods Limited,NSE,INE546V01010
EIHAHOTELS,EIH Associated Hotels Limited,NSE,INE276C01014
EIHOTEL,EIH Limited,NSE,INE230A01023
EIMCOELECO,Eimco Elecon (India) Limited,NSE,INE158B01016
EKC,Everest Kanto Cylinder Limited,NSE,INE184H01027
EKI,EKI Energy Services Limited,NSE,INE0CPR01018
ELANTAS,Elantas Beck India Limited,NSE,INE280B01018
ELCIDIN,EL CID Investments Limited,NSE,INE927X01018
ELDEHSG,Eldeco Housing And Industries Limited,NSE,INE668G01021
ELECON,Elecon Engineering Company Limited,NSE,INE205B01031
ELECTCAST,Electrosteel Castings Limited,NSE,INE086A01029
ELECTHERM,Electrotherm (India) Limited,NSE,INE822G01016
ELEVATE,Elevate Campuses Limited,NSE,INE147X01013
ELGIEQUIP,Elgi Equipments Limited,NSE,INE285A01027
ELGIRUBCO,Elgi Rubber Company Limited,NSE,INE819L01012
ELIN,Elin Electronics Limited,NSE,INE050401020
ELITECON,Elitecon International Limited,NSE,INE669R01026
ELLEN,Ellenbarrie Industrial Gases Limited,NSE,INE236E01022
ELPROINTL,Elpro International Limited,NSE,INE579B01039
EMAMILTD,Emami Limited,NSE,INE548C01032
EMAMIPAP,Emami Paper Mills Limited,NSE,INE830C01026
EMAMIREAL,Emami Realty Limited,NSE,INE778K01012
EMBDL,Embassy Developments Limited,NSE,INE069I01010
EMCURE,Emcure Pharmaceuticals Limited,NSE,INE168P01015
EMIL,Electronics Mart India Limited,NSE,INE02YR01019
EMKAY,Emkay Global Financial Services Limited,NSE,INE296H01011
EMMBI,Emmbi Industries Limited,NSE,INE753K01015
EMMVEE,Emmvee Photovoltaic Power Limited,NSE,INE1C6T01020
EMPIND,Empire Industries Limited,NSE,INE515H01014
EMPOWER,Empower India Limited,NSE,INE507F01023
EMSLIMITED,EMS Limited,NSE,INE0OV601013
EMUDHRA,eMudhra Limited,NSE,INE01QM01018
ENDURANCE,Endurance Technologies Limited,NSE,INE913H01037
ENERGYDEV,Energy Development Company Limited,NSE,INE306C01019
ENGINERSIN,Engineers India Limited,NSE,INE510A01028
ENIL,Entertainment Network (India) Limited,NSE,INE265F01028
ENKEIWHEL,Enkei Wheels (India) Limited,NSE,INE130L01014
ENRIN,Siemens Energy India Limited,NSE,INE1NPP01017
ENTERO,Entero Healthcare Solutions Limited,NSE,INE010601016
EPACK,EPACK Durable Limited,NSE,INE0G5901015
EPACKPEB,EPack Prefab Technologies Limited,NSE,INE0MLS01022
EPIGRAL,Epigral Limited,NSE,INE071N01016
EPL,EPL Limited,NSE,INE255A01020
EQUIPPP,Equippp Social Impact Technologies Limited,NSE,INE217G01035
EQUITASBNK,Equitas Small Finance Bank Limited,NSE,INE063P01018
ERIS,Eris Lifesciences Limited,NSE,INE406M01024
ESABINDIA,Esab India Limited,NSE,INE284A01012
ESAFSFB,ESAF Small Finance Bank Limited,NSE,INE818W01011
ESCORTS,Escorts Kubota Limited,NSE,INE042A01014
ESDS,ESDS Software Solution Limited,NSE,INE0DRI01029
ESSARSHPNG,Essar Shipping Limited,NSE,INE122M01019
ESSENTIA,Integra Essentia Limited,NSE,INE418N01035
ESTER,Ester Industries Limited,NSE,INE778B01029
ETERNAL,ETERNAL LIMITED,NSE,INE758T01015
ETHOSLTD,Ethos Limited,NSE,INE04TZ01018
EUREKAFORB,Eureka Forbes Limited,NSE,INE0KCE01017
EUROBOND,Euro Panel Products Limited,NSE,INE505V01016
EUROPRATIK,Euro Pratik Sales Limited,NSE,INE198501012
EUROTEXIND,Eurotex Industries and Exports Limited,NSE,INE022C01012
EVEREADY,Eveready Industries India Limited,NSE,INE128A01029
EVERESTIND,Everest Industries Limited,NSE,INE295A01018
EXCELINDUS,Excel Industries Limited,NSE,INE369A01029
EXCELSOFT,Excelsoft Technologies Limited,NSE,INE606N01019
EXICOM,Exicom Tele-Systems Limited,NSE,INE777F01014
EXIDEIND,Exide Industries Limited,NSE,INE302A01020
EXPLEOSOL,Expleo Solutions Limited,NSE,INE201K01015
EXXARO,Exxaro Tiles Limited,NSE,INE0GFE01026
FABTECH,Fabtech Technologies Limited,NSE,INE0HF201011
FACT,Fertilizers and Chemicals Travancore Limited,NSE,INE188A01015
FAIRCHEMOR,Fairchem Organics Limited,NSE,INE0DNW01011
FAZE3Q,Faze Three Limited,NSE,INE963C01033
FCL,Fineotex Chemical Limited,NSE,INE045J01034
FCSSOFT,FCS Software Solutions Limited,NSE,INE512B01022
FDC,FDC Limited,NSE,INE258B01022
FEDDERSHOL,Fedders Holding Limited,NSE,INE417D01020
FEDERALBNK,The Federal Bank  Limited,NSE,INE171A01029
FEDFINA,Fedbank Financial Services Limited,NSE,INE007N01010
FEL,Future Enterprises Limited,NSE,INE623B01027
FELDVR,Future Enterprises Limited,NSE,IN9623B01058
FERMENTA,Fermenta Biotech Limited,NSE,INE225B01021
FIBERWEB,Fiberweb (India) Limited,NSE,INE296C01020
FIEMIND,Fiem Industries Limited,NSE,INE737H01014
FILATEX,Filatex India Limited,NSE,INE816B01035
FILATFASH,Filatex Fashions Limited,NSE,INE185E01021
FINCABLES,Finolex Cables Limited,NSE,INE235A01022
FINEORG,Fine Organic Industries Limited,NSE,INE686Y01026
FINKURVE,Finkurve Financial Services Limited,NSE,INE734I01027
FINOPB,Fino Payments Bank Limited,NSE,INE02NC01014
FINPIPE,Finolex Industries Limited,NSE,INE183A01024
FIRSTCRY,Brainbees Solutions Limited,NSE,INE02RE01045
FISCHER,Fischer Medical Ventures Limited,NSE,INE771F01041
FIVESTAR,Five-Star Business Finance Limited,NSE,INE128S01021
FLAIR,Flair Writing Industries Limited,NSE,INE00Y201027
FLEXITUFF,Flexituff Ventures International Limited,NSE,INE060J01017
FLFL,Future Lifestyle Fashions Limited,NSE,INE452O01016
FLUOROCHEM,Gujarat Fluorochemicals Limited,NSE,INE09N301011
FMGOETZE,Federal-Mogul Goetze (India) Limited.,NSE,INE529A01010
FMNL,Future Market Networks Limited,NSE,INE360L01017
FOCUS,Focus Lighting and Fixtures Limited,NSE,INE593W01028
FOODSIN,Foods & Inns Limited,NSE,INE976E01023
FORCEMOT,FORCE MOTORS LTD,NSE,INE451A01017
FORTIS,Fortis Healthcare Limited,NSE,INE061F01013
FOSECOIND,Foseco India Limited,NSE,INE519A01011
FRACTAL,Fractal Analytics Limited,NSE,INE212S01015
FREDUN,Fredun Pharmaceuticals Limited,NSE,INE194R01017
FRONTSP,Frontier Springs Limited,NSE,INE572D01014
FSL,Firstsource Solutions Limited,NSE,INE684F01012
FUSION,Fusion Finance Limited,NSE,INE139R01012
GABRIEL,Gabriel India Limited,NSE,INE524A01029
GAEL,Gujarat Ambuja Exports Limited,NSE,INE036B01030
GAIL,GAIL (India) Limited,NSE,INE129A01019
GAJA,Gaja Alternative Asset Management Limited,NSE,INE18UN01038
GALAPREC,Gala Precision Engineering Limited,NSE,INE0RE001014
GALAXYSURF,Galaxy Surfactants Limited,NSE,INE600K01018
GALLANTT,Gallantt Ispat Limited,NSE,INE297H01019
GANDHAR,Gandhar Oil Refinery (India) Limited,NSE,INE717W01049
GANDHITUBE,Gandhi Special Tubes Limited,NSE,INE524B01027
GANECOS,Ganesha Ecosphere Limited,NSE,INE845D01014
GANESHBE,Ganesh Benzoplast Limited,NSE,INE388A01029
GANESHCP,Ganesh Consumer Products Limited,NSE,INE652V01016
GANESHHOU,GANESH HOUSING LIMITED,NSE,INE460C01014
GANGAFORGE,Ganga Forging Limited,NSE,INE691Z01023
GANGESSECU,Ganges Securities Limited,NSE,INE335W01016
GARFIBRES,Garware Technical Fibres Limited,NSE,INE276A01018
GARUDA,Garuda Construction and Engineering Limited,NSE,INE0JVO01026
GATECH,GACM Technologies Limited,NSE,INE224E01028
GATECHDVR,GACM Technologies Limited,NSE,INE224E01036
GATEWAY,Gateway Distriparks Limited,NSE,INE079J01017
GAUDIUMIVF,Gaudium IVF and Women Health Limited,NSE,INE0P8B01020
GAYAHWS,Gayatri Highways Limited,NSE,INE287Z01012
GAYAPROJ,Gayatri Projects Limited,NSE,INE336H01023
GCSL,Gretex Corporate Services Limited,NSE,INE199P01028
GEECEE,GeeCee Ventures Limited,NSE,INE916G01016
GEEKAYWIRE,Geekay Wires Limited,NSE,INE669X01032
GEMAROMA,Gem Aromatics Limited,NSE,INE06XZ01023
GENCON,Generic Engineering Construction and Projects Limited,NSE,INE854S01022
GENESYS,Genesys International Corporation Limited,NSE,INE727B01026
GENSOL,Gensol Engineering Limited,NSE,INE06H201014
GENUSPAPER,Genus Paper & Boards Limited,NSE,INE949P01018
GENUSPOWER,Genus Power Infrastructures Limited,NSE,INE955D01029
GEOJITFSL,Geojit Financial Services Limited,NSE,INE007B01023
GESHIP,The Great Eastern Shipping Company Limited,NSE,INE017A01032
GFLLIMITED,GFL Limited,NSE,INE538A01037
GFSTEELS,Grand Foundry Limited,NSE,INE534A01028
GHCL,GHCL Limited,NSE,INE539A01019
GHCLTEXTIL,GHCL Textiles Limited,NSE,INE0PA801013
GICHSGFIN,GIC Housing Finance Limited,NSE,INE289B01019
GICL,Globe International Carriers Limited,NSE,INE947T01022
GICRE,General Insurance Corporation of India,NSE,INE481Y01014
GILLANDERS,Gillanders Arbuthnot & Company Limited,NSE,INE047B01011
GILLETTE,Gillette India Limited,NSE,INE322A01010
GINNIFILA,Ginni Filaments Limited,NSE,INE424C01010
GIPCL,Gujarat Industries Power Company Limited,NSE,INE162A01010
GKB,GKB Ophthalmics Limited,NSE,INE265D01015
GKENERGY,GK Energy Limited,NSE,INE1AG301022
GKSL,Gujarat Kidney And Super Speciality Limited,NSE,INE0V0W01025
GKWLIMITED,GKW Limited,NSE,INE528A01020
GLAND,Gland Pharma Limited,NSE,INE068V01023
GLASSWALL,Glass Wall Systems (India) Limited,NSE,INE644Q01039
GLAXO,GlaxoSmithKline Pharmaceuticals Limited,NSE,INE159A01016
GLENMARK,Glenmark Pharmaceuticals Limited,NSE,INE935A01035
GLFL,Gujarat Lease Financing Limited,NSE,INE540A01017
GLOBAL,Global Education Limited,NSE,INE291W01037
GLOBALE,Globale Tessile Limited,NSE,INE0URU01010
GLOBALVECT,Global Vectra Helicorp Limited,NSE,INE792H01019
GLOBE,GLOBE ENTERPRISES (INDIA) LIMITED,NSE,INE581X01021
GLOBECIVIL,Globe Civil Projects Limited,NSE,INE0V3U01015
GLOBUSSPR,Globus Spirits Limited,NSE,INE615I01010
GLOSTERLTD,Gloster Limited,NSE,INE350Z01018
GLOTTIS,Glottis Limited,NSE,INE0TQE01026
GMBREW,GM Breweries Limited,NSE,INE075D01018
GMDCLTD,Gujarat Mineral Development Corporation Limited,NSE,INE131A01031
GMMPFAUDLR,GMM Pfaudler Limited,NSE,INE541A01023
GMRAIRPORT,GMR AIRPORTS LIMITED,NSE,INE776C01039
GMRP&UI,GMR Power and Urban Infra Limited,NSE,INE0CU601026
GNA,GNA Axles Limited,NSE,INE934S01014
GNFC,Gujarat Narmada Valley Fertilizers and Chemicals Limited,NSE,INE113A01013
GNRL,Gujarat Natural Resources Limited,NSE,INE207H01018
GOACARBON,Goa Carbon Limited,NSE,INE426D01013
GOCLCORP,GOCL Corporation Limited,NSE,INE077F01035
GOCOLORS,Go Fashion (India) Limited,NSE,INE0BJS01011
GODAVARIB,Godavari Biorefineries Limited,NSE,INE497S01012
GODFRYPHLP,Godfrey Phillips India Limited,NSE,INE260B01028
GODIGIT,Go Digit General Insurance Limited,NSE,INE03JT01014
GODREJAGRO,Godrej Agrovet Limited,NSE,INE850D01014
GODREJCP,Godrej Consumer Products Limited,NSE,INE102D01028
GODREJIND,Godrej Industries Limited,NSE,INE233A01035
GODREJPROP,Godrej Properties Limited,NSE,INE484J01027
GOKEX,Gokaldas Exports Limited,NSE,INE887G01027
GOKUL,Gokul Refoils and Solvent Limited,NSE,INE020J01029
GOKULAGRO,Gokul Agro Resources Limited,NSE,INE314T01033
GOLDENTOBC,Golden Tobacco Limited,NSE,INE973A01010
GOLDIAM,Goldiam International Limited,NSE,INE025B01025
GOLDTECH,AION-TECH SOLUTIONS LIMITED,NSE,INE805A01014
GOODLUCK,Goodluck India Limited,NSE,INE127I01024
GOODYEAR,Goodyear India Limited,NSE,INE533A01012
GOPAL,Gopal Snacks Limited,NSE,INE0L9R01028
GOYALALUM,Goyal Aluminiums Limited,NSE,INE705X01026
GPIL,Godawari Power And Ispat limited,NSE,INE177H01039
GPPL,Gujarat Pipavav Port Limited,NSE,INE517F01014
GPTHEALTH,GPT Healthcare Limited,NSE,INE486R01017
GPTINFRA,GPT Infraprojects Limited,NSE,INE390G01014
GRADIENTE,Gradiente Infotainment Limited,NSE,INE361K01017
GRANDOAK,Grand Oak Canyons Distillery Limited,NSE,INE926B01016
GRANULES,Granules India Limited,NSE,INE101D01020
GRAPHITE,Graphite India Limited,NSE,INE371A01025
GRASIM,Grasim Industries Limited,NSE,INE047A01021
GRAUWEIL,Grauer & Weil India Limited,NSE,INE266D01021
GRAVISSHO,Graviss Hospitality Limited,NSE,INE214F01026
GRAVITA,Gravita India Limited,NSE,INE024L01027
GREAVESCOT,Greaves Cotton Limited,NSE,INE224A01026
GREENLAM,Greenlam Industries Limited,NSE,INE544R01021
GREENPANEL,Greenpanel Industries Limited,NSE,INE08ZM01014
GREENPLY,Greenply Industries Limited,NSE,INE461C01038
GREENPOWER,Orient Green Power Company Limited,NSE,INE999K01014
GRINDWELL,Grindwell Norton Limited,NSE,INE536A01023
GRINFRA,G R Infraprojects Limited,NSE,INE201P01022
GRMOVER,GRM Overseas Limited,NSE,INE192H01020
GROBTEA,The Grob Tea Company Limited,NSE,INE646C01018
GROWW,Billionbrains Garage Ventures Limited,NSE,INE0HOQ01053
GRPLTD,GRP Limited,NSE,INE137I01015
GRSE,Garden Reach Shipbuilders & Engineers Limited,NSE,INE382Z01011
GRWRHITECH,Garware Hi-Tech Films Limited,NSE,INE291A01017
GSFC,Gujarat State Fertilizers & Chemicals Limited,NSE,INE026A01025
GSLSU,Global Surfaces Limited,NSE,INE0JSX01015
GSPCROP,GSP Crop Science Limited,NSE,INE713R01022
GSPLTRANS,GSPL Transmission Limited,NSE,INE1TUG01013
GSS,GSS Infotech Limited,NSE,INE871H01011
GTECJAINX,G-TEC JAINX EDUCATION LIMITED,NSE,INE586X01012
GTL,GTL Limited,NSE,INE043A01012
GTLINFRA,GTL Infrastructure Limited,NSE,INE221H01019
GTPL,GTPL Hathway Limited,NSE,INE869I01013
GUFICBIO,Gufic Biosciences Limited,NSE,INE742B01025
GUJALKALI,Gujarat Alkalies and Chemicals Limited,NSE,INE186A01019
GUJAPOLLO,Gujarat Apollo Industries Limited,NSE,INE826C01016
GUJENERGY,GUJARAT ENERGY LIMITED,NSE,INE844O01030
GUJRAFFIA,Gujarat Raffia Industries Limited,NSE,INE610B01024
GUJTHEM,Gujarat Themis Biosyn Limited,NSE,INE942C01045
GULFOILLUB,Gulf Oil Lubricants India Limited,NSE,INE635Q01029
GULFPETRO,GP Petroleums Limited,NSE,INE586G01017
GULPOLY,Gulshan Polyols Limited,NSE,INE255D01024
GVKPIL,GVK Power & Infrastructure Limited,NSE,INE251H01024
GVPIL,GE Power India Limited,NSE,INE878A01011
GVPTECH,GVP Infotech Limited,NSE,INE382T01030
GVT&D,GE Vernova T&D India Limited,NSE,INE200A01026
GYFTR,Gyftr Limited,NSE,INE724A01017
HAL,Hindustan Aeronautics Limited,NSE,INE066F01020
HALDER,Halder Venture Limited,NSE,INE115S01010
HALDYNGL,Haldyn Glass Limited,NSE,INE506D01020
HALEOSLABS,HALEOS LABS LIMITED,NSE,INE320X01016
HAMPTON,Hampton Sky Realty Limited,NSE,INE299D01022
HAPPSTMNDS,Happiest Minds Technologies Limited,NSE,INE419U01012
HAPPYFORGE,Happy Forgings Limited,NSE,INE330T01021
HARDWYN,Hardwyn India Limited,NSE,INE626Z01029
HARIOMPIPE,Hariom Pipe Industries Limited,NSE,INE00EV01017
HARRMALAYA,Harrisons  Malayalam Limited,NSE,INE544A01019
HARSHA,Harsha Engineers International Limited,NSE,INE0JUS01029
HATHWAY,Hathway Cable & Datacom Limited,NSE,INE982F01036
HATSUN,Hatsun Agro Product Limited,NSE,INE473B01035
HAVELLS,Havells India Limited,NSE,INE176B01034
HAVISHA,Sri Havisha Hospitality and Infrastructure Limited,NSE,INE293B01029
HAWKINCOOK,Hawkins Cookers Limited,NSE,INE979B01015
HAZOOR,Hazoor Multi Projects Limited,NSE,INE550F01049
HBESD,HB Estate Developers Limited,NSE,INE640B01021
HBLENGINE,HBL Engineering Limited,NSE,INE292B01021
HBPOR,HB Portfolio Limited,NSE,INE638B01025
HBSL,HB Stockholdings Limited,NSE,INE550B01022
HCC,Hindustan Construction Company Limited,NSE,INE549A01026
HCG,Healthcare Global Enterprises Limited,NSE,INE075I01017
HCL-INSYS,HCL Infosystems Limited,NSE,INE236A01020
HCLTECH,HCL Technologies Limited,NSE,INE860A01027
HDBFS,HDB Financial Services Limited,NSE,INE756I01012
HDFCAMC,HDFC Asset Management Company Limited,NSE,INE127D01025
HDFCBANK,HDFC Bank Limited,NSE,INE040A01034
HDFCLIFE,HDFC Life Insurance Company Limited,NSE,INE795G01014
HDIL,Housing Development and Infrastructure Limited,NSE,INE191I01012
HEADSUP,Heads UP Ventures Limited,NSE,INE759V01019
HEALTHX,Health X Platform Limited,NSE,INE019J01013
HECPROJECT,HEC Infra Projects Limited,NSE,INE558R01013
HEGAM,HEG Advanced Materials Limited,NSE,INE545A01024
HEIDELBERG,HeidelbergCement India Limited,NSE,INE578A01017
HEMIPROP,Hemisphere Properties India Limited,NSE,INE0AJG01018
HERANBA,Heranba Industries Limited,NSE,INE694N01015
HERITGFOOD,Heritage Foods Limited,NSE,INE978A01027
HEROMOTOCO,Hero MotoCorp Limited,NSE,INE158A01026
HEROMOTORS,Hero Motors Limited,NSE,INE012G01022
HESTERBIO,Hester Biosciences Limited,NSE,INE782E01017
HEXAGON,Hexagon Nutrition Limited,NSE,INE0JUI01012
HEXATRADEX,Hexa Tradex Limited,NSE,INE750M01017
HEXT,Hexaware Technologies Limited,NSE,INE093A01041
HFCL,HFCL Limited,NSE,INE548A01028
HGINFRA,H.G. Infra Engineering Limited,NSE,INE926X01010
HGM,HandsOn Global Management (HGM) Limited,NSE,INE596H01014
HGS,Hinduja Global Solutions Limited,NSE,INE170I01016
HIKAL,Hikal Limited,NSE,INE475B01022
HILINFRA,Highway Infrastructure Limited,NSE,INE00RL01028
HILTON,Hilton Metal Forging Limited,NSE,INE788H01017
HIMATSEIDE,Himatsingka Seide Limited,NSE,INE049A01027
HINDADH,Hindustan Adhesives Limited,NSE,INE074C01013
HINDALCO,Hindalco Industries Limited,NSE,INE038A01020
HINDALUMI,Hind Aluminium Industries Limited,NSE,INE227B01019
HINDCOMPOS,Hindustan Composites Limited,NSE,INE310C01029
HINDCON,Hindcon Chemicals Limited,NSE,INE642Y01029
HINDCOPPER,Hindustan Copper Limited,NSE,INE531E01026
HINDOILEXP,Hindustan Oil Exploration Company Limited,NSE,INE345A01011
HINDPETRO,Hindustan Petroleum Corporation Limited,NSE,INE094A01015
HINDUNILVR,Hindustan Unilever Limited,NSE,INE030A01027
HINDWAREAP,Hindware Home Innovation Limited,NSE,INE05AN01011
HINDZINC,Hindustan Zinc Limited,NSE,INE267A01025
HIRECT,Hirect Limited,NSE,INE835D01023
HISARMETAL,Hisar Metal Industries Limited,NSE,INE598C01011
HITECH,Hi-Tech Pipes Limited,NSE,INE106T01025
HITECHCORP,Hitech Corporation Limited,NSE,INE120D01012
HITECHGEAR,The Hi-Tech Gears Limited,NSE,INE127B01011
HLEGLAS,HLE Glascoat Limited,NSE,INE461D01028
HLVLTD,HLV LIMITED,NSE,INE102A01024
HMAAGRO,HMA Agro Industries Limited,NSE,INE0ECP01024
HMT,HMT Limited,NSE,INE262A01018
HMVL,Hindustan Media Ventures Limited,NSE,INE871K01015
HNDFDS,Hindustan Foods Limited,NSE,INE254N01026
HOMEFIRST,Home First Finance Company India Limited,NSE,INE481N01025
HONASA,Honasa Consumer Limited,NSE,INE0J5401028
HONAUT,Honeywell Automation India Limited,NSE,INE671A01010
HONDAPOWER,Honda India Power Products Limited,NSE,INE634A01018
HORIZONIND,Horizon Industrial Parks Limited,NSE,INE685T01010
HPAL,HP Adhesives Limited,NSE,INE0GSL01024
HPIL,Hindprakash Industries Limited,NSE,INE05X901010
HPL,HPL Electric & Power Limited,NSE,INE495S01016
HRYNSHP,Hariyana Ship Breakers Limited,NSE,INE400G01011
HSCL,Himadri Speciality Chemical Limited,NSE,INE019C01026
HTEL,Hy-Tech Engineers Limited,NSE,INE0LEG01024
HTMEDIA,HT Media Limited,NSE,INE501G01024
HUBTOWN,Hubtown Limited,NSE,INE703H01016
HUDCO,Housing & Urban Development Corporation Limited,NSE,INE031A01017
HUHTAMAKI,Huhtamaki India Limited,NSE,INE275B01026
HYBRIDFIN,Hybrid Financial Services Limited,NSE,INE965B01022
HYUNDAI,Hyundai Motor India Limited,NSE,INE0V6F01027
IBULLSLTD,Indiabulls Limited,NSE,INE126M01010
ICDSLTD,ICDS Limited,NSE,INE613B01010
ICEMAKE,Ice Make Refrigeration Limited,NSE,INE520Y01019
ICICIAMC,ICICI Prudential Asset Management Company Limited,NSE,INE346A01027
ICICIBANK,ICICI Bank Limited,NSE,INE090A01021
ICICIGI,ICICI Lombard General Insurance Company Limited,NSE,INE765G01017
ICICIPRULI,ICICI Prudential Life Insurance Company Limited,NSE,INE726G01019
ICIL,Indo Count Industries Limited,NSE,INE483B01026
ICRA,ICRA Limited,NSE,INE725G01011
IDBI,IDBI Bank Limited,NSE,INE008A01015
IDEA,Vodafone Idea Limited,NSE,INE669E01016
IDEAFORGE,Ideaforge Technology Limited,NSE,INE349Y01013
IDFCFIRSTB,IDFC First Bank Limited,NSE,INE092T01019
IEX,Indian Energy Exchange Limited,NSE,INE022Q01020
IFBAGRO,IFB Agro Industries Limited,NSE,INE076C01018
IFBIND,IFB Industries Limited,NSE,INE559A01017
IFCI,IFCI Limited,NSE,INE039A01010
IFGLEXPOR,IFGL Refractories Limited,NSE,INE133Y01011
IGARASHI,Igarashi Motors India Limited,NSE,INE188B01013
IGCL,Indogulf Cropsciences Limited,NSE,INE05J901018
IGIL,International Gemological Institute Limited,NSE,INE0Q9301021
IGL,Indraprastha Gas Limited,NSE,INE203G01027
IGPL,IG Petrochemicals Limited,NSE,INE204A01010
IIFL,IIFL Finance Limited,NSE,INE530B01024
IIFLCAPS,IIFL Capital Services Limited,NSE,INE489L01022
IITL,Industrial Investment Trust Limited,NSE,INE886A01014
IKIO,IKIO Technologies Limited,NSE,INE0LOJ01019
IKS,Inventurus Knowledge Solutions Limited,NSE,INE115Q01022
IL&FSENGG,IL&FS Engineering and Construction Company Limited,NSE,INE369I01014
IL&FSTRANS,IL&FS Transportation Networks Limited,NSE,INE975G01012
IMAGICAA,Imagicaaworld Entertainment Limited,NSE,INE172N01012
IMFA,Indian Metals & Ferro Alloys Limited,NSE,INE919H01018
IMPAL,India Motor Parts and Accessories Limited,NSE,INE547E01014
IMPEXFERRO,Impex Ferro Tech Limited,NSE,INE691G01015
INA,Insolation Energy Limited,NSE,INE0LGX01024
INCREDIBLE,INCREDIBLE INDUSTRIES LIMITED,NSE,INE452L01012
INDBANK,Indbank Merchant Banking Services Limited,NSE,INE841B01017
INDGN,Indegene Limited,NSE,INE065X01017
INDHOTEL,The Indian Hotels Company Limited,NSE,INE053A01029
INDIACEM,The India Cements Limited,NSE,INE383A01012
INDIAGLYCO,India Glycols Limited,NSE,INE560A01023
INDIAMART,Indiamart Intermesh Limited,NSE,INE933S01016
INDIANB,Indian Bank,NSE,INE562A01011
INDIANCARD,Indian Card Clothing Company Limited,NSE,INE061A01014
INDIANHUME,Indian Hume Pipe Company Limited,NSE,INE323C01030
INDIASHLTR,India Shelter Finance Corporation Limited,NSE,INE922K01024
INDIGO,InterGlobe Aviation Limited,NSE,INE646L01027
INDIGOPNTS,Indigo Paints Limited,NSE,INE09VQ01012
INDIQUBE,Indiqube Spaces Limited,NSE,INE06ST01018
INDNIPPON,India Nippon Electricals Limited,NSE,INE092B01025
INDOAMIN,Indo Amines Limited,NSE,INE760F01028
INDOBORAX,Indo Borax & Chemicals Limited,NSE,INE803D01021
INDOCO,Indoco Remedies Limited,NSE,INE873D01024
INDOFARM,Indo Farm Equipment Limited,NSE,INE622H01018
INDOKEM,Indokem Limited,NSE,INE716F01012
INDOMIM,INDO-MIM Limited,NSE,INE084101034
INDORAMA,Indo Rama Synthetics (India) Limited,NSE,INE156A01020
INDOSTAR,IndoStar Capital Finance Limited,NSE,INE896L01010
INDOTECH,Indo Tech Transformers Limited,NSE,INE332H01014
INDOTHAI,Indo Thai Securities Limited,NSE,INE337M01021
INDOUS,Indo Us Biotech Limited,NSE,INE250Z01010
INDOWIND,Indowind Energy Limited,NSE,INE227G01018
INDPRUD,Industrial & Prudential Investment Company Limited,NSE,INE620D01011
INDRAMEDCO,Indraprastha Medical Corporation Limited,NSE,INE681B01017
INDSWFTLAB,Ind-Swift Laboratories Limited,NSE,INE915B01019
INDTERRAIN,Indian Terrain Fashions Limited,NSE,INE611L01021
INDUSINDBK,IndusInd Bank Limited,NSE,INE095A01012
INDUSTOWER,Indus Towers Limited,NSE,INE121J01017
INFOBEAN,InfoBeans Technologies Limited,NSE,INE344S01016
INFOMEDIA,Infomedia Press Limited,NSE,INE669A01022
INFY,Infosys Limited,NSE,INE009A01021
INGERRAND,Ingersoll Rand (India) Limited,NSE,INE177A01018
INNOVACAP,Innova Captab Limited,NSE,INE0DUT01020
INNOVANA,Innovana Thinklabs Limited,NSE,INE403Y01018
INNOVISION,Innovision Limited,NSE,INE0ADB01012
INOXGREEN,Inox Green Energy Services Limited,NSE,INE510W01014
INOXINDIA,INOX India Limited,NSE,INE616N01034
INOXWIND,Inox Wind Limited,NSE,INE066P01011
INSECTICID,Insecticides (India) Limited,NSE,INE070I01018
INSPIRISYS,Inspirisys Solutions Limited,NSE,INE020G01017
INTELLECT,Intellect Design Arena Limited,NSE,INE306R01017
INTENTECH,Intense Technologies Limited,NSE,INE781A01025
INTERARCH,Interarch Building Solutions Limited,NSE,INE00M901018
INTLCONV,International Conveyors Limited,NSE,INE575C01027
INVENTURE,Inventure Growth & Securities Limited,NSE,INE878H01024
INVPRECQ,Investment & Precision Castings Limited,NSE,INE155E01016
IOB,Indian Overseas Bank,NSE,INE565A01014
IOC,Indian Oil Corporation Limited,NSE,INE242A01010
IOLCP,IOL Chemicals and Pharmaceuticals Limited,NSE,INE485C01029
IONEXCHANG,ION Exchange (India) Limited,NSE,INE570A01022
IPCALAB,IPCA Laboratories Limited,NSE,INE571A01038
IPL,India Pesticides Limited,NSE,INE0D6701023
IPRINGLTD,IP Rings Limited,NSE,INE558A01019
IRB,IRB Infrastructure Developers Limited,NSE,INE821I01022
IRCON,Ircon International Limited,NSE,INE962Y01021
IRCTC,Indian Railway Catering And Tourism Corporation Limited,NSE,INE335Y01020
IREDA,Indian Renewable Energy Development Agency Limited,NSE,INE202E01016
IRFC,Indian Railway Finance Corporation Limited,NSE,INE053F01010
IRIS,IRIS RegTech Solutions Limited,NSE,INE864K01010
IRISDOREME,Iris Clothings Limited,NSE,INE01GN01025
IRMENERGY,IRM Energy Limited,NSE,INE07U701015
ISFT,Intrasoft Technologies Limited,NSE,INE566K01011
ISGEC,Isgec Heavy Engineering Limited,NSE,INE858B01029
ISHANCH,Ishan Dyes and Chemicals Limited,NSE,INE561M01018
ISTLTD,I S T Limited,NSE,INE684B01029
ITC,ITC Limited,NSE,INE154A01025
ITCHOTELS,ITC Hotels Limited,NSE,INE379A01028
ITDC,India Tourism Development Corporation Limited,NSE,INE353K01014
ITI,ITI Limited,NSE,INE248A01017
ITL,ITL Industries Limited,NSE,INE478D01014
IVALUE,Ivalue Infosolutions Limited,NSE,INE056801025
IVC,IL&FS Investment Managers Limited,NSE,INE050B01023
IVP,IVP Limited,NSE,INE043C01018
IWP,The Indian Wood Products Company Limited,NSE,INE586E01020
IXIGO,Le Travenues Technology Limited,NSE,INE0HV901016
IZMO,IZMO Limited,NSE,INE848A01014
J&KBANK,The Jammu & Kashmir Bank Limited,NSE,INE168A01041
JAGRAN,Jagran Prakashan Limited,NSE,INE199G01027
JAGSNPHARM,Jagsonpal Pharmaceuticals Limited,NSE,INE048B01035
JAIBALAJI,Jai Balaji Industries Limited,NSE,INE091G01026
JAICORPLTD,Jai Corp Limited,NSE,INE070D01027
JAINREC,Jain Resource Recycling Limited,NSE,INE0YD401026
JAIPURKURT,Nandani Creation Limited,NSE,INE696V01013
JAMNAAUTO,Jamna Auto Industries Limited,NSE,INE039C01032
JARO,Jaro Institute of Technology Management and Research Limited,NSE,INE00YJ01010
JASH,Jash Engineering Limited,NSE,INE039O01029
JAYAGROGN,Jayant Agro Organics Limited,NSE,INE785A01026
JAYBARMARU,Jay Bharat Maruti Limited,NSE,INE571B01036
JAYKAY,Jaykay Enterprises Limited,NSE,INE903A01025
JAYNECOIND,Jayaswal Neco Industries Limited,NSE,INE854B01010
JAYSREETEA,Jayshree Tea & Industries Limited,NSE,INE364A01020
JBMA,JBM Auto Limited,NSE,INE927D01051
JENBURPH,Jenburkt Pharmaceuticals Limited,NSE,INE354A01013
JETFREIGHT,Jet Freight Logistics Limited,NSE,INE982V01025
JGCHEM,J.G.Chemicals Limited,NSE,INE0MB501011
JHS,JHS Svendgaard Laboratories Limited,NSE,INE544H01014
JINDALPHOT,Jindal Photo Limited,NSE,INE796G01012
JINDALPOLY,Jindal Poly Films Limited,NSE,INE197D01010
JINDALSAW,Jindal Saw Limited,NSE,INE324A01032
JINDALSTEL,JINDAL STEEL LIMITED,NSE,INE749A01030
JINDRILL,Jindal Drilling And Industries Limited,NSE,INE742C01031
JINDWORLD,Jindal Worldwide Limited,NSE,INE247D01039
JIOFIN,Jio Financial Services Limited,NSE,INE758E01017
JISLDVREQS,Jain Irrigation Systems Limited,NSE,IN9175A01010
JISLJALEQS,Jain Irrigation Systems Limited,NSE,INE175A01038
JITFINFRA,JITF Infralogistics Limited,NSE,INE863T01013
JKCEMENT,JK Cement Limited,NSE,INE823G01014
JKIL,J.Kumar Infraprojects Limited,NSE,INE576I01022
JKIPL,Jinkushal Industries Limited,NSE,INE1FF001016
JKLAKSHMI,JK Lakshmi Cement Limited,NSE,INE786A01032
JKPAPER,JK Paper Limited,NSE,INE789E01012
JKTYRE,JK Tyre & Industries Limited,NSE,INE573A01042
JLHL,Jupiter Life Line Hospitals Limited,NSE,INE682M01020
JMA,Jullundur Motor Agency (Delhi) Limited,NSE,INE412C01023
JMFINANCIL,JM Financial Limited,NSE,INE780C01023
JNKINDIA,JNK India Limited,NSE,INE0OAF01028
JNPR,Juniper Green Energy Limited,NSE,INE05C901015
JOCIL,Jocil Limited,NSE,INE839G01010
JPOLYINVST,Jindal Poly Investment and Finance Company Limited,NSE,INE147P01019
JPPOWER,Jaiprakash Power Ventures Limited,NSE,INE351F01018
JSFB,Jana Small Finance Bank Limited,NSE,INE953L01027
JSIPL,Jindal Supreme (India) Limited,NSE,INE1DLO01028
JSL,Jindal Stainless Limited,NSE,INE220G01021
JSLL,Jeena Sikho Lifecare Limited,NSE,INE0J5801029
JSWCEMENT,JSW Cement Limited,NSE,INE718I01012
JSWDULUX,JSW Dulux Limited,NSE,INE133A01011
JSWENERGY,JSW Energy Limited,NSE,INE121E01018
JSWHL,JSW Holdings Limited,NSE,INE824G01012
JSWINFRA,JSW Infrastructure Limited,NSE,INE880J01026
JSWSTEEL,JSW Steel Limited,NSE,INE019A01038
JTEKTINDIA,Jtekt India Limited,NSE,INE643A01035
JTLIND,JTL INDUSTRIES LIMITED,NSE,INE391J01032
JUBLCPL,Jubilant Agri and Consumer Products Limited,NSE,INE03CC01015
JUBLFOOD,Jubilant Foodworks Limited,NSE,INE797F01020
JUBLINGREA,Jubilant Ingrevia Limited,NSE,INE0BY001018
JUBLPHARMA,Jubilant Pharmova Limited,NSE,INE700A01033
JUNIPER,Juniper Hotels Limited,NSE,INE696F01016
JUSTDIAL,Just Dial Limited,NSE,INE599M01018
JWL,Jupiter Wagons Limited,NSE,INE209L01016
JYOTHYLAB,Jyothy Labs Limited,NSE,INE668F01031
JYOTICNC,Jyoti CNC Automation Limited,NSE,INE980O01024
JYOTIRES,Jyoti Resins & Adhesives Limited,NSE,INE577D01013
JYOTISTRUC,Jyoti Structures Limited,NSE,INE197A01024
KABRAEXTRU,Kabra Extrusion Technik Limited,NSE,INE900B01029
KAJARIACER,Kajaria Ceramics Limited,NSE,INE217B01036
KAKATCEM,Kakatiya Cement Sugar & Industries Limited,NSE,INE437B01014
KALAMANDIR,Sai Silks (Kalamandir) Limited,NSE,INE438K01021
KALPATARU,Kalpataru Limited,NSE,INE227J01012
KALYANI,Kalyani Commercials Limited,NSE,INE610E01010
KALYANIFRG,Kalyani Forge Limited,NSE,INE314G01014
KALYANKJIL,Kalyan Jewellers India Limited,NSE,INE303R01014
KAMAHOLD,Kama Holdings Limited,NSE,INE411F01010
KAMANWALA,Kamanwala Housing Construction Limited,NSE,INE344D01018
KAMATHOTEL,Kamat Hotels (I) Limited,NSE,INE967C01018
KAMDHENU,Kamdhenu Limited,NSE,INE390H01020
KAMOPAINTS,Kamdhenu Ventures Limited,NSE,INE0BTI01037
KANANIIND,Kanani Industries Limited,NSE,INE879E01037
KANCHI,Kanchi Karpooram Limited,NSE,INE081G01019
KANCOTEA,Kanco Tea & Industries Limited,NSE,INE398L01017
KANOHAR,Kanohar Electricals Limited,NSE,INE877D01025
KANORICHEM,Kanoria Chemicals & Industries Limited,NSE,INE138C01024
KANPRPLA,Kanpur Plastipack Limited,NSE,INE694E01014
KANSAINER,Kansai Nerolac Paints Limited,NSE,INE531A01024
KAPSTON,Kapston Services Limited,NSE,INE542Z01028
KARAMTARA,Karamtara Engineering Limited,NSE,INE590T01012
KARMAENG,Karma Energy Limited,NSE,INE725L01011
KARURVYSYA,Karur Vysya Bank Limited,NSE,INE036D01028
KAUSHALYA,Kaushalya Infrastructure Development Corporation Limited,NSE,INE234I01028
KAVDEFENCE,Kavveri Defence & Wireless Technologies Limited,NSE,INE641C01019
KAYA,Kaya Limited,NSE,INE587G01015
KAYNES,Kaynes Technology India Limited,NSE,INE918Z01012
KCP,KCP Limited,NSE,INE805C01028
KCPSUGIND,KCP Sugar and Industries Corporation Limited,NSE,INE790B01024
KDDL,KDDL Limited,NSE,INE291D01011
KDGREEN,KD Green Industries Limited,NSE,INE348N01042
KEC,KEC International Limited,NSE,INE389H01022
KECL,Kirloskar Electric Company Limited,NSE,INE134B01017
KEEPLEARN,DSJ Keep Learning Limited,NSE,INE055C01020
KEI,KEI Industries Limited,NSE,INE878B01027
KELLTONTEC,Kellton Tech Solutions Limited,NSE,INE164B01030
KENNAMET,Kennametal India Limited,NSE,INE717A01029
KERNEX,Kernex Microsystems (India) Limited,NSE,INE202H01019
KESORAMIND,Kesoram Industries Limited,NSE,INE087A01019
KEYFINSERV,Keynote Financial Services Limited,NSE,INE681C01015
KFINTECH,Kfin Technologies Limited,NSE,INE138Y01010
KHADIM,Khadim India Limited,NSE,INE834I01025
KHAICHEM,Khaitan Chemicals & Fertilizers Limited,NSE,INE745B01028
KHAITANLTD,Khaitan (India) Limited,NSE,INE731C01018
KHANDSE,Khandwala Securities Limited,NSE,INE060B01014
KICL,Kalyani Investment Company Limited,NSE,INE029L01018
KILITCH,Kilitch Drugs (India) Limited,NSE,INE729D01010
KIMS,Krishna Institute of Medical Sciences Limited,NSE,INE967H01025
KINGFA,Kingfa Science & Technology (India) Limited,NSE,INE473D01015
KIOCL,KIOCL Limited,NSE,INE880L01014
KIRANVYPAR,Kiran Vyapar Limited,NSE,INE555P01013
KIRIINDUS,Kiri Industries Limited,NSE,INE415I01015
KIRLFER,Kirloskar Ferrous Industries Limited,NSE,INE884B01025
KIRLOSBROS,Kirloskar Brothers Limited,NSE,INE732A01036
KIRLOSENG,Kirloskar Oil Engines Limited,NSE,INE146L01010
KIRLOSIND,Kirloskar Industries Limited,NSE,INE250A01039
KIRLPNU,Kirloskar Pneumatic Company Limited,NSE,INE811A01038
KISSHT,OnEMI Technology Solutions Limited,NSE,INE12F801023
KITEX,Kitex Garments Limited,NSE,INE602G01020
KJMCFIN,KJMC Financial Services Limited,NSE,INE533C01018
KKCL,Kewal Kiran Clothing Limited,NSE,INE401H01017
KLBRENG-B,Kilburn Engineering Limited,NSE,INE338F01015
KMCSHIL,K M C Speciality Hospitals (India) Limited,NSE,INE879K01018
KMEW,Knowledge Marine & Engineering Works Limited,NSE,INE0CJD01029
KMSUGAR,K.M.Sugar Mills Limited,NSE,INE157H01023
KNACK,Knack Packaging Limited,NSE,INE17QZ01016
KNAGRI,KN Agri Resources Limited,NSE,INE0KNW01016
KNRCON,KNR Constructions Limited,NSE,INE634I01029
KOHINOOR,Kohinoor Foods Limited,NSE,INE080B01012
KOKUYOCMLN,Kokuyo Camlin Limited,NSE,INE760A01029
KOLTEPATIL,Kolte - Patil Developers Limited,NSE,INE094I01018
KOPRAN,Kopran Limited,NSE,INE082A01010
KOTAKBANK,Kotak Mahindra Bank Limited,NSE,INE237A01036
KOTARISUG,Kothari Sugars And Chemicals Limited,NSE,INE419A01022
KOTHARIPET,Kothari Petrochemicals Limited,NSE,INE720A01015
KOTHARIPRO,Kothari Products Limited,NSE,INE823A01017
KOTIC,Kothari Industrial Corporation Limited,NSE,INE972A01020
KOTYARK,Kotyark Industries Limited,NSE,INE0J0B01017
KOVAI,Kovai Medical Center & Hospital Limited,NSE,INE177F01017
KPEL,K.P. Energy Limited,NSE,INE127T01021
KPIGREEN,KPI Green Energy Limited,NSE,INE542W01025
KPIL,Kalpataru Projects International Limited,NSE,INE220B01022
KPITTECH,KPIT Technologies Limited,NSE,INE04I401011
KPL,Kwality Pharmaceuticals Limited,NSE,INE552U01010
KPRMILL,K.P.R. Mill Limited,NSE,INE930H01031
KRBL,KRBL Limited,NSE,INE001B01026
KREBSBIO,Krebs Biochemicals and Industries Limited,NSE,INE268B01013
KRIDHANINF,Kridhan Infra Limited,NSE,INE524L01026
KRISHANA,Krishana Phoschem Limited,NSE,INE506W01020
KRISHIVAL,Krishival Foods Limited,NSE,INE0GGO01015
KRISHNADEF,Krishna Defence And Allied Industries Limited,NSE,INE0J5601015
KRITI,Kriti Industries (India) Limited,NSE,INE479D01038
KRITIKA,Kritika Wires Limited,NSE,INE00Z501029
KRITINUT,Kriti Nutrients Limited,NSE,INE798K01010
KRN,KRN Heat Exchanger and Refrigeration Limited,NSE,INE0Q3J01015
KRONOX,Kronox Lab Sciences Limited,NSE,INE0ATZ01017
KROSS,Kross Limited,NSE,INE0O6601022
KRSNAA,Krsnaa Diagnostics Limited,NSE,INE08LI01020
KRYSTAL,Krystal Integrated Services Limited,NSE,INE0QN801017
KSB,Ksb Limited,NSE,INE999A01023
KSCL,Kaveri Seed Company Limited,NSE,INE455I01029
KSE,KSE Limited,NSE,INE953E01022
KSHINTL,KSH International Limited,NSE,INE987S01020
KSHITIJPOL,Kshitij Polyline Limited,NSE,INE013801027
KSL,Kalyani Steels Limited,NSE,INE907A01026
KSOLVES,Ksolves India Limited,NSE,INE0D6I01023
KSR,KSR Footwear Limited,NSE,INE1SPP01016
KTKBANK,The Karnataka Bank Limited,NSE,INE614B01018
KUANTUM,Kuantum Papers Limited,NSE,INE529I01021
KUSUMGAR,Kusumgar Limited,NSE,INE0ISX01025
KWIL,Kwality Wall's (India) Limited,NSE,INE2KCE01013
LADDERUP,Ladderup Finance Limited,NSE,INE519D01015
LAGNAM,Lagnam Spintex Limited,NSE,INE548Z01017
LAHOTIOV,Lahoti Overseas Limited,NSE,INE515C01023
LAKPRE,Lakshmi Precision Screws Limited,NSE,INE651C01018
LAKSHMIMIL,Lakshmi Mills Company Limited,NSE,INE938C01019
LAL,Lorenzini Apparels Limited,NSE,INE740X01023
LALITHAA,Lalithaa Jewellery Mart Limited,NSE,INE0K9O01026
LALPATHLAB,Dr. Lal Path Labs Ltd.,NSE,INE600L01024
LAMBODHARA,Lambodhara Textiles Limited,NSE,INE112F01022
LANCER,Lancer Container Lines Limited,NSE,INE359U01028
LANCORHOL,Lancor Holdings Limited,NSE,INE572G01025
LANDMARK,Landmark Cars Limited,NSE,INE559R01029
LANDSMILL,Landsmill Green Limited,NSE,INE688J01023
LAOPALA,La Opala RG Limited,NSE,INE059D01020
LASERPOWER,Laser Power & Infra Limited,NSE,INE17IR01028
LATENTVIEW,Latent View Analytics Limited,NSE,INE0I7C01011
LATTEYS,Latteys Industries Limited,NSE,INE262Z01023
LAURUSLABS,Laurus Labs Limited,NSE,INE947Q01028
LAXMICOT,Laxmi Cotspin Limited,NSE,INE801V01019
LAXMIDENTL,Laxmi Dental Limited,NSE,INE0WO601020
LAXMIINDIA,Laxmi India Finance Limited,NSE,INE06WU01026
LCCINFOTEC,LCC Infotech Limited,NSE,INE938A01021
LCCPROJECT,LCC Projects Limited,NSE,INE1FPN01026
LCL,Lohia Corp Limited,NSE,INE0QJW01029
LEAPIND,LEAP India Limited,NSE,INE00GO01025
LEENEE,Lee & Nee Softwares Exports Limited,NSE,INE791B01014
LEMERITE,Le Merite Exports Limited,NSE,INE0G1L01025
LEMONTREE,Lemon Tree Hotels Limited,NSE,INE970X01018
LENSKART,Lenskart Solutions Limited,NSE,INE956O01016
LEXUS,Lexus Granito (India) Limited,NSE,INE500X01013
LFIC,Lakshmi Finance & Industrial Corporation Limited,NSE,INE850E01012
LGBBROSLTD,LG Balakrishnan & Bros Limited,NSE,INE337A01034
LGEINDIA,LG Electronics India Limited,NSE,INE324D01010
LGHL,Laxmi Goldorna House Limited,NSE,INE258Y01016
LIBAS,Libas Consumer Products Limited,NSE,INE908V01012
LIBERTSHOE,Liberty Shoes Limited,NSE,INE557B01019
LICHSGFIN,LIC Housing Finance Limited,NSE,INE115A01026
LICI,Life Insurance Corporation Of India,NSE,INE0J1Y01017
LIKHITHA,Likhitha Infrastructure Limited,NSE,INE060901027
LINC,Linc Limited,NSE,INE802B01027
LINCOLN,Lincoln Pharmaceuticals Limited,NSE,INE405C01035
LINDEINDIA,Linde India Limited,NSE,INE473A01011
LKPSEC,LKP Securities Limited,NSE,INE341H01023
LLOYDSENGG,LLOYDS ENGINEERING WORKS LIMITED,NSE,INE093R01011
LLOYDSENT,Lloyds Enterprises Limited,NSE,INE080I01025
LLOYDSME,Lloyds Metals And Energy Limited,NSE,INE281B01032
LMW,LMW Limited,NSE,INE269B01029
LODHA,Lodha Developers Limited,NSE,INE670K01029
LOKESHMACH,Lokesh Machines Limited,NSE,INE397H01017
LORDSCHLO,Lords Chloro Alkali Limited,NSE,INE846D01012
LOTUSCHO,Lotus Chocolate Company Limited,NSE,INE026D01011
LOTUSDEV,Sri Lotus Developers and Realty Limited,NSE,INE0V9Q01010
LOTUSEYE,Lotus Eye Hospital and Institute Limited,NSE,INE947I01017
LOVABLE,Lovable Lingerie Limited,NSE,INE597L01014
LOYALTEX,Loyal Textile Mills Limited,NSE,INE970D01010
LPDC,Landmark Property Development Company Limited,NSE,INE197J01017
LT,Larsen & Toubro Limited,NSE,INE018A01030
LTF,L&T Finance Limited,NSE,INE498L01015
LTFOODS,LT Foods Limited,NSE,INE818H01020
LTM,LTM Limited,NSE,INE214T01019
LTTS,L&T Technology Services Limited,NSE,INE010V01017
LUMAXIND,Lumax Industries Limited,NSE,INE162B01018
LUMAXTECH,Lumax Auto Technologies Limited,NSE,INE872H01027
LUMINO,Lumino Industries Limited,NSE,INE185Q01025
LUPIN,Lupin Limited,NSE,INE326A01037
LUXIND,Lux Industries Limited,NSE,INE150G01020
LXCHEM,Laxmi Organic Industries Limited,NSE,INE576O01020
LYKALABS,Lyka Labs Limited,NSE,INE933A01014
M&M,Mahindra & Mahindra Limited,NSE,INE101A01026
M&MFIN,Mahindra & Mahindra Financial Services Limited,NSE,INE774D01024
MAANALU,Maan Aluminium Limited,NSE,INE215I01027
MACPOWER,Macpower CNC Machines Limited,NSE,INE155Z01011
MADHAV,Madhav Marbles and Granites Limited,NSE,INE925C01016
MADHAVIPL,Madhav Infra Projects Limited,NSE,INE631R01026
MADHUCON,Madhucon Projects Limited,NSE,INE378D01032
MADRASFERT,Madras Fertilizers Limited,NSE,INE414A01015
MAFATIND,Mafatlal Industries Limited,NSE,INE270B01035
MAGADSUGAR,Magadh Sugar & Energy Limited,NSE,INE347W01011
MAGNUM,Magnum Ventures Limited,NSE,INE387I01016
MAHABANK,Bank of Maharashtra,NSE,INE457A01014
MAHAPEXLTD,Maha Rashtra Apex Corporation Limited,NSE,INE843B01013
MAHASTEEL,Mahamaya Steel Industries Limited,NSE,INE451L01014
MAHEPC,Mahindra EPC Irrigation Limited,NSE,INE215D01010
MAHESHWARI,Maheshwari Logistics Limited,NSE,INE263W01010
MAHLIFE,Mahindra Lifespace Developers Limited,NSE,INE813A01018
MAHLOG,Mahindra Logistics Limited,NSE,INE766P01016
MAHSCOOTER,Maharashtra Scooters Limited,NSE,INE288A01013
MAHSEAMLES,Maharashtra Seamless Limited,NSE,INE271B01025
MAITHANALL,Maithan Alloys Limited,NSE,INE683C01011
MAJESAUT,Majestic Auto Limited,NSE,INE201B01022
MAKERSL,Makers Laboratories Limited,NSE,INE987A01010
MALLCOM,Mallcom (India) Limited,NSE,INE389C01015
MALUPAPER,Malu Paper Mills Limited,NSE,INE383H01017
MAMATA,Mamata Machinery Limited,NSE,INE0TO701015
MANAKALUCO,Manaksia Aluminium Company Limited,NSE,INE859Q01017
MANAKCOAT,Manaksia Coated Metals & Industries Limited,NSE,INE830Q01018
MANAKSIA,Manaksia Limited,NSE,INE015D01022
MANAKSTEEL,Manaksia Steels Limited,NSE,INE824Q01011
MANALIPETC,Manali Petrochemicals Limited,NSE,INE201A01024
MANAPPURAM,Manappuram Finance Limited,NSE,INE522D01027
MANBA,Manba Finance Limited,NSE,INE939X01013
MANCREDIT,Mangal Credit and Fincorp Limited,NSE,INE545L01039
MANGALAM,Mangalam Drugs And Organics Limited,NSE,INE584F01014
MANGLMCEM,Mangalam Cement Limited,NSE,INE347A01017
MANIKA,Manika Plastech Limited,NSE,INE0KWF01020
MANINDS,Man Industries (India) Limited,NSE,INE993A01026
MANINFRA,Man Infraconstruction Limited,NSE,INE949H01023
MANIPALHOS,Manipal Health Enterprises Limited,NSE,INE459N01021
MANKIND,Mankind Pharma Limited,NSE,INE634S01028
MANOMAY,Manomay Tex India Limited,NSE,INE784W01015
MANORAMA,Manorama Industries Limited,NSE,INE00VM01036
MANORG,Mangalam Organics Limited,NSE,INE370D01013
MANUGRAPH,Manugraph India Limited,NSE,INE867A01022
MANYAVAR,Vedant Fashions Limited,NSE,INE825V01034
MAPMYINDIA,C.E. Info Systems Limited,NSE,INE0BV301023
MARALOVER,Maral Overseas Limited,NSE,INE882A01013
MARATHON,Marathon Nextgen Realty Limited,NSE,INE182D01020
MARICO,Marico Limited,NSE,INE196A01026
MARINE,Marine Electricals (India) Limited,NSE,INE01JE01028
MARKOLINES,Markolines Pavement Technologies Limited,NSE,INE0FW001016
MARKSANS,Marksans Pharma Limited,NSE,INE750C01026
MARSONS,Marsons Limited,NSE,INE415B01044
MARUTI,Maruti Suzuki India Limited,NSE,INE585B01010
MASFIN,MAS Financial Services Limited,NSE,INE348L01012
MASKINVEST,Mask Investments Limited,NSE,INE885F01015
MASTEK,Mastek Limited,NSE,INE759A01021
MASTERTR,Master Trust Limited,NSE,INE677D01037
MATRIMONY,Matrimony.Com Limited,NSE,INE866R01028
MAWANASUG,Mawana Sugars Limited,NSE,INE636A01039
MAXESTATES,Max Estates Limited,NSE,INE03EI01018
MAXHEALTH,Max Healthcare Institute Limited,NSE,INE027H01010
MAXIND,Max India Limited,NSE,INE0CG601016
MAYURUNIQ,Mayur Uniquoters Ltd,NSE,INE040D01038
MAZDA,Mazda Limited,NSE,INE885E01042
MAZDOCK,Mazagon Dock Shipbuilders Limited,NSE,INE249Z01020
MBAPL,Madhya Bharat Agro Products Limited,NSE,INE900L01028
MBECL,Mcnally Bharat Engineering Company Limited,NSE,INE748A01024
MBEL,M & B Engineering Limited,NSE,INE08N601015
MBLINFRA,MBL Infrastructure Limited,NSE,INE912H01013
MCCHRLS-B,Mac Charles India Limited,NSE,INE435D01014
MCL,M TEK COPPER LIMITED,NSE,INE813V01022
MCLEODRUSS,Mcleod Russel India Limited,NSE,INE942G01012
MCLOUD,Magellanic Cloud Limited,NSE,INE613C01026
MCX,Multi Commodity Exchange of India Limited,NSE,INE745G01043
MEDANTA,Global Health Limited,NSE,INE474Q01031
MEDIASSIST,Medi Assist Healthcare Services Limited,NSE,INE456Z01021
MEDICAMEQ,Medicamen Biotech Limited,NSE,INE646B01010
MEDICAPQ,Medi Caps Limited,NSE,INE442D01010
MEDICO,Medico Remedies Limited,NSE,INE630Y01024
MEDPLUS,Medplus Health Services Limited,NSE,INE804L01022
MEESHO,Meesho Limited,NSE,INE0VDM01015
MEGASTAR,Megastar Foods Limited,NSE,INE00EM01016
MEIL,Mangal Electrical Industries Limited,NSE,INE0PKD01011
MENNPIS,Menon Pistons Limited,NSE,INE650G01029
MENONBE,Menon Bearings Limited,NSE,INE071D01033
MEP,MEP Infrastructure Developers Limited,NSE,INE776I01010
MERCANTILE,Mercantile Ventures Limited,NSE,INE689O01013
MERCURYEV,Mercury Ev-Tech Limited,NSE,INE763M01028
METROBRAND,Metro Brands Limited,NSE,INE317I01021
METROGLOBL,Metroglobal Limited,NSE,INE085D01033
METROPOLIS,Metropolis Healthcare Limited,NSE,INE112L01020
MFML,Mahalaxmi Fabric Mills Limited,NSE,INE0US801024
MFSL,Max Financial Services Limited,NSE,INE180A01020
MGEL,Mangalam Global Enterprise Limited,NSE,INE0APB01032
MGL,Mahanagar Gas Limited,NSE,INE002S01010
MHLXMIRU,Mahalaxmi Rubtech Limited,NSE,INE112D01035
MHRIL,Mahindra Holidays & Resorts India Limited,NSE,INE998I01010
MICEL,MIC Electronics Limited,NSE,INE287C01037
MIDHANI,Mishra Dhatu Nigam Limited,NSE,INE099Z01011
MIDWESTLTD,Midwest Limited,NSE,INE0XAD01024
MIIL,Meghna Infracon Infrastructure Limited,NSE,INE898Q01015
MILKYMIST,Milky Mist Dairy Food Limited,NSE,INE00IT01020
MINALIND,Minal Industries Limited,NSE,INE097E01028
MINDACORP,Minda Corporation Limited,NSE,INE842C01021
MINDTECK,Mindteck (India) Limited,NSE,INE110B01017
MIRZAINT,Mirza International Limited,NSE,INE771A01026
MITCON,MITCON Consultancy & Engineering Services Limited,NSE,INE828O01033
MITTAL,Mittal Life Style Limited,NSE,INE997Y01027
MKEXIM,M.K. Exim (India) Limited,NSE,INE227F01010
MKPL,M K Proteins Limited,NSE,INE964W01021
MLKFOOD,Milkfood Limited,NSE,INE588G01021
MMFL,MM Forgings Limited,NSE,INE227C01017
MMP,MMP Industries Limited,NSE,INE511Y01018
MMTC,MMTC Limited,NSE,INE123F01029
MMWL,Media Matrix Worldwide Limited,NSE,INE200D01020
MOBIKWIK,One Mobikwik Systems Limited,NSE,INE0HLU01028
MODINATUR,Modi Naturals Limited,NSE,INE537F01012
MODIRUBBER,Modi Rubber Limited,NSE,INE832A01018
MODIS,Modis Navnirman Limited,NSE,INE0L0L01012
MODISONLTD,MODISON LIMITED,NSE,INE737D01021
MODTHREAD,Modern Threads (India) Limited,NSE,INE794W01014
MOHITE,Mohite Industries Limited,NSE,INE154B01023
MOHITIND,Mohit Industries Limited,NSE,INE954E01012
MOIL,MOIL Limited,NSE,INE490G01020
MOKSH,Moksh Ornaments Limited,NSE,INE514Y01020
MOL,Meghmani Organics Limited,NSE,INE0CT101020
MOLBIO,Molbio Diagnostics Limited,NSE,INE869T01028
MOLDTECH,Mold-Tek Technologies Limited,NSE,INE835B01035
MOLDTKPAC,Mold-Tek Packaging Limited,NSE,INE893J01029
MOMSBELIEF,Rays of Belief Limited,NSE,INE1FCO01014
MONARCH,Monarch Networth Capital Limited,NSE,INE903D01011
MONEYBOXX,Moneyboxx Finance Limited,NSE,INE296Q01012
MONTECARLO,Monte Carlo Fashions Limited,NSE,INE950M01013
MOREPENLAB,Morepen Laboratories Limited,NSE,INE083A01026
MOSCHIP,Moschip Technologies Limited,NSE,INE935B01025
MOTHERSON,Samvardhana Motherson International Limited,NSE,INE775A01035
MOTILALOFS,Motilal Oswal Financial Services Limited,NSE,INE338I01027
MOTISONS,Motisons Jewellers Limited,NSE,INE0FRK01020
MOTOGENFIN,The Motor & General Finance Limited,NSE,INE861B01023
MPDL,MPDL Limited,NSE,INE493H01014
MPHASIS,MphasiS Limited,NSE,INE356A01018
MPIMANIPAL,Manipal Payment and Identity Solutions Limited,NSE,INE241U01028
MPSLTD,MPS Limited,NSE,INE943D01017
MRF,MRF Limited,NSE,INE883A01011
MRPL,Mangalore Refinery and Petrochemicals Limited,NSE,INE103A01014
MSL,Mangalam Seeds Limited,NSE,INE829S01016
MSPL,MSP Steel & Power Limited,NSE,INE752G01015
MSTCLTD,Mstc Limited,NSE,INE255X01014
MSUMI,Motherson Sumi Wiring India Limited,NSE,INE0FS801015
MTARTECH,Mtar Technologies Limited,NSE,INE864I01014
MTEDUCARE,MT Educare Limited,NSE,INE472M01018
MTNL,Mahanagar Telephone Nigam Limited,NSE,INE153A01019
MUFIN,Mufin Green Finance Limited,NSE,INE08KJ01020
MUFTI,Credo Brands Marketing Limited,NSE,INE220Q01020
MUKANDLTD,Mukand Limited,NSE,INE304A01026
MUKESHB,Mukesh Babu Financial Services Limited,NSE,INE596B01017
MUKKA,Mukka Proteins Limited,NSE,INE0CG401037
MUKTAARTS,Mukta Arts Limited,NSE,INE374B01019
MUNJALAU,Munjal Auto Industries Limited,NSE,INE672B01032
MUNJALSHOW,Munjal Showa Limited,NSE,INE577A01027
MURUDCERA,Murudeshwar Ceramics Limited,NSE,INE692B01014
MUTHOOTCAP,Muthoot Capital Services Limited,NSE,INE296G01013
MUTHOOTFIN,Muthoot Finance Limited,NSE,INE414G01012
MUTHOOTMF,Muthoot Microfin Limited,NSE,INE046W01019
MVELECTRO,MV Electrosystems Limited,NSE,INE0OWZ01020
MVGJL,Manoj Vaibhav Gems N Jewellers Limited,NSE,INE0KNT01012
MWL,Mangalam Worldwide Limited,NSE,INE0JYY01029
MYSORPETRO,Mysore Petro Chemicals Limited,NSE,INE741A01011
NACLIND,NACL Industries Limited,NSE,INE295D01020
NAGREEKCAP,Nagreeka Capital & Infrastructure Limited,NSE,INE245I01016
NAGREEKEXP,Nagreeka Exports Limited,NSE,INE123B01028
NAHARCAP,Nahar Capital and Financial Services Limited,NSE,INE049I01012
NAHARINDUS,Nahar Industrial Enterprises Limited,NSE,INE289A01011
NAHARPOLY,Nahar Poly Films Limited,NSE,INE308A01027
NAHARSPING,Nahar Spinning Mills Limited,NSE,INE290A01027
NAM-INDIA,Nippon Life India Asset Management Limited,NSE,INE298J01013
NARMADA,Narmada Agrobase Limited,NSE,INE117Z01029
NATCAPSUQ,Natural Capsules Limited,NSE,INE936B01015
NATCOPHARM,Natco Pharma Limited,NSE,INE987B01026
NATHBIOGEN,Nath Bio-Genes (India) Limited,NSE,INE448G01010
NATIONALUM,National Aluminium Company Limited,NSE,INE139A01034
NATIONSTD,National Standard (India) Limited,NSE,INE166R01015
NAUKRI,Info Edge (India) Limited,NSE,INE663F01032
NAVA,NAVA LIMITED,NSE,INE725A01030
NAVINFLUOR,Navin Fluorine International Limited,NSE,INE048G01026
NAVKARCORP,Navkar Corporation Limited,NSE,INE278M01019
NAVKARURB,Navkar Urbanstructure Limited,NSE,INE268H01044
NAVNETEDUL,Navneet Education Limited,NSE,INE060A01024
NAZARA,Nazara Technologies Limited,NSE,INE418L01047
NBCC,NBCC (India) Limited,NSE,INE095N01031
NBIFIN,N. B. I. Industrial Finance Company Limited,NSE,INE365I01020
NCC,NCC Limited,NSE,INE868B01028
NCLIND,NCL Industries Limited,NSE,INE732C01016
NDGL,Naga Dhunseri Group Limited,NSE,INE756C01015
NDL,Nandan Denim Limited,NSE,INE875G01048
NDLVENTURE,NDL Ventures Limited,NSE,INE353A01023
NDRAUTO,Ndr Auto Components Limited,NSE,INE07OG01012
NDTV,New Delhi Television Limited,NSE,INE155G01029
NEAGI,Neelamalai Agro Industries Limited,NSE,INE605D01012
NECCLTD,North Eastern Carrying Corporation Limited,NSE,INE553C01016
NECLIFE,Nectar Lifesciences Limited,NSE,INE023H01027
NELCAST,Nelcast Limited,NSE,INE189I01024
NELCO,NELCO Limited,NSE,INE045B01015
NEOGEN,Neogen Chemicals Limited,NSE,INE136S01016
NEPHROPLUS,Nephrocare Health Services Limited,NSE,INE428V01029
NESCO,Nesco Limited,NSE,INE317F01035
NESTLEIND,Nestle India Limited,NSE,INE239A01024
NETWEB,Netweb Technologies India Limited,NSE,INE0NT901020
NETWORK18,Network18 Media & Investments Limited,NSE,INE870H01013
NEUEON,Neueon Corporation Limited,NSE,INE333I01044
NEULANDLAB,Neuland Laboratories Limited,NSE,INE794A01010
NEWGEN,Newgen Software Technologies Limited,NSE,INE619B01017
NEXTMEDIA,Next Mediaworks Limited,NSE,INE747B01016
NFL,National Fertilizers Limited,NSE,INE870D01012
NGIL,Nakoda Group of Industries Limited,NSE,INE236Y01012
NGLFINE,NGL Fine-Chem Limited,NSE,INE887E01022
NH,Narayana Hrudayalaya Ltd.,NSE,INE410P01011
NHPC,NHPC Limited,NSE,INE848E01016
NIACL,The New India Assurance Company Limited,NSE,INE470Y01017
NIBE,NIBE Limited,NSE,INE149O01018
NIBL,NRB Industrial Bearings Limited,NSE,INE047O01014
NICCOPAR,Nicco Parks & Resorts Limited,NSE,INE653C01022
NIITLTD,NIIT Limited,NSE,INE161A01038
NIITMTS,NIIT Learning Systems Limited,NSE,INE342G01023
NILAINFRA,Nila Infrastructures Limited,NSE,INE937C01029
NILASPACES,Nila Spaces Limited,NSE,INE00S901012
NILE,Nile Limited,NSE,INE445D01013
NILKAMAL,Nilkamal Limited,NSE,INE310A01015
NIMBSPROJ,Nimbus Projects Limited,NSE,INE875B01015
NINSYS,NINtec Systems Limited,NSE,INE395U01014
NIPPOBATRY,Indo-National Limited,NSE,INE567A01028
NIRAJ,Niraj Cement Structurals Limited,NSE,INE368I01016
NIRAJISPAT,Niraj Ispat Industries Limited,NSE,INE326T01011
NIRLON,Nirlon Limited,NSE,INE910A01012
NITCO,Nitco Limited,NSE,INE858F01012
NITINSPIN,Nitin Spinners Limited,NSE,INE229H01012
NITIRAJ,Nitiraj Engineers Limited,NSE,INE439T01012
NITTAGELA,Nitta Gelatin India Limited,NSE,INE265B01019
NIVABUPA,Niva Bupa Health Insurance Company Limited,NSE,INE995S01015
NKIND,NK Industries Limited,NSE,INE542C01019
NLCINDIA,NLC India Limited,NSE,INE589A01014
NMDC,NMDC Limited,NSE,INE584A01023
NOCIL,NOCIL Limited,NSE,INE163A01018
NOIDATOLL,Noida Toll Bridge Company Limited,NSE,INE781B01015
NORBTEAEXP,Norben Tea & Exports Limited,NSE,INE369C01017
NORTHARC,Northern Arc Capital Limited,NSE,INE850M01015
NOVAAGRI,Nova Agritech Limited,NSE,INE02H701025
NOVARTIND,Novartis India Limited,NSE,INE234A01025
NPST,Network People Services Technologies Limited,NSE,INE0FFK01017
NRAIL,N R Agarwal Industries Limited,NSE,INE740D01017
NRBBEARING,NRB Bearing Limited,NSE,INE349A01021
NRL,Nupur Recyclers Limited,NSE,INE0JM501013
NSIL,Nalwa Sons Investments Limited,NSE,INE023A01030
NSLNISP,NMDC Steel Limited,NSE,INE0NNS01018
NTCIND,NTC Industries Limited,NSE,INE920C01017
NTPC,NTPC Limited,NSE,INE733E01010
NTPCGREEN,NTPC Green Energy Limited,NSE,INE0ONG01011
NUCLEUS,Nucleus Software Exports Limited,NSE,INE096B01018
NURECA,Nureca Limited,NSE,INE0DSF01015
NUVAMA,Nuvama Wealth Management Limited,NSE,INE531F01023
NUVOCO,Nuvoco Vistas Corporation Limited,NSE,INE118D01016
NYKAA,FSN E-Commerce Ventures Limited,NSE,INE388Y01029
OAL,Oriental Aromatics Limited,NSE,INE959C01023
OBCL,OBCL Limited,NSE,INE426Z01016
OBEROIRLTY,Oberoi Realty Limited,NSE,INE093I01010
OCCLLTD,OCCL Limited,NSE,INE0PK601023
ODIGMA,Odigma Consultancy Solutions Limited,NSE,INE054301028
ODYCORP,Odyssey Corporation Limited,NSE,INE839E01023
OFSS,Oracle Financial Services Software Limited,NSE,INE881D01027
OIL,Oil India Limited,NSE,INE274J01014
OILCOUNTUB,Oil Country Tubular Limited,NSE,INE591A01010
OLAELEC,Ola Electric Mobility Limited,NSE,INE0LXG01040
OLECTRA,Olectra Greentech Limited,NSE,INE260D01016
OMAXAUTO,Omax Autos Limited,NSE,INE090B01011
OMAXE,Omaxe Limited,NSE,INE800H01010
OMFREIGHT,Om Freight Forwarders Limited,NSE,INE1BZC01019
OMINFRAL,OM INFRA LIMITED,NSE,INE239D01028
OMNI,Omnitech Engineering Limited,NSE,INE0UH301010
OMPOWER,Om Power Transmission Limited,NSE,INE25E901019
ONEGLOBAL,One Global Service Provider Limited,NSE,INE670O01013
ONELIFECAP,Onelife Capital Advisors Limited,NSE,INE912L01015
ONEPOINT,One Point One Solutions Limited,NSE,INE840Y01029
ONESOURCE,Onesource Specialty Pharma Limited,NSE,INE013P01021
ONGC,Oil & Natural Gas Corporation Limited,NSE,INE213A01029
ONIDA,Onida Electronics Limited,NSE,INE831A01028
ONIXSOLAR,Onix Solar Energy Limited,NSE,INE173M01012
ONMOBILE,OnMobile Global Limited,NSE,INE809I01019
ONWARDTEC,Onward Technologies Limited,NSE,INE229A01017
OPTIEMUS,Optiemus Infracom Limited,NSE,INE350C01017
OPTIFIN,Optimus Finance Limited,NSE,INE031G01022
ORBTEXP,Orbit Exports Limited,NSE,INE231G01010
ORCHASP,Orchasp Limited,NSE,INE215B01022
ORCHPHARMA,Orchid Pharma Limited,NSE,INE191A01027
ORICONENT,Oricon Enterprises Limited,NSE,INE730A01022
ORIENTALTL,Oriental Trimex Limited,NSE,INE998H01012
ORIENTBELL,Orient Bell Limited,NSE,INE607D01018
ORIENTCEM,Orient Cement Limited,NSE,INE876N01018
ORIENTCER,ORIENT CERATECH LIMITED,NSE,INE569C01020
ORIENTELEC,Orient Electric Limited,NSE,INE142Z01019
ORIENTHOT,Oriental Hotels Limited,NSE,INE750A01020
ORIENTLTD,Orient Press Limited,NSE,INE609C01024
ORIENTPPR,Orient Paper & Industries Limited,NSE,INE592A01026
ORIENTTECH,Orient Technologies Limited,NSE,INE0PPK01015
ORIRAIL,Oriental Rail Infrastructure Limited,NSE,INE457G01029
ORISSAMINE,The Orissa Minerals Development Company Limited,NSE,INE725E01024
ORKLAINDIA,Orkla India Limited,NSE,INE16NZ01023
ORTINGLOBE,ORTIN GLOBAL LIMITED,NSE,INE749B01020
OSIAHYPER,Osia Hyper Retail Limited,NSE,INE06IR01021
OSWALAGRO,Oswal Agro Mills Limited,NSE,INE142A01012
OSWALGREEN,Oswal Greentech Limited,NSE,INE143A01010
OSWALPUMPS,Oswal Pumps Limited,NSE,INE0BYP01024
OSWALSEEDS,ShreeOswal Seeds And Chemicals Limited,NSE,INE00IK01029
PACEDIGITK,Pace Digitek Limited,NSE,INE0S3G01027
PACIFICI,Pacific Industries Limited,NSE,INE883C01025
PAGEIND,Page Industries Limited,NSE,INE761H01022
PAISALO,Paisalo Digital Limited,NSE,INE420C01059
PAKKA,PAKKA LIMITED,NSE,INE551D01018
PALASHSECU,Palash Securities Limited,NSE,INE471W01019
PALREDTEC,Palred Technologies Limited,NSE,INE218G01033
PANACEABIO,Panacea Biotec Limited,NSE,INE922B01023
PANACHE,Panache Digilife Limited,NSE,INE895W01019
PANAMAPET,Panama Petrochem Limited,NSE,INE305C01029
PANCHMAHQ,Panchmahal Steel Limited,NSE,INE798F01010
PANORAMA,Panorama Studios International Limited,NSE,INE258R01028
PANSARI,Pansari Developers Limited,NSE,INE697V01011
PAR,Par Drugs And Chemicals Limited,NSE,INE04LG01015
PARACABLES,Paramount Communications Limited,NSE,INE074B01023
PARADEEP,Paradeep Phosphates Limited,NSE,INE088F01024
PARAGMILK,Parag Milk Foods Limited,NSE,INE883N01014
PARAS,Paras Defence and Space Technologies Limited,NSE,INE045601023
PARASPETRO,Paras Petrofils Limited,NSE,INE162C01024
PARIN,Parin Enterprises Limited,NSE,INE00U801010
PARKHOSPS,Park Medi World Limited,NSE,INE119201023
PARKHOTELS,Apeejay Surrendra Park Hotels Limited,NSE,INE988S01028
PARNAXLAB,Parnax Lab Limited,NSE,INE383L01019
PARSVNATH,Parsvnath Developers Limited,NSE,INE561H01026
PASHUPATI,Pashupati Cotspin Limited,NSE,INE124Y01028
PASUPTAC,Pasupati Acrylon Limited,NSE,INE818B01023
PATANJALI,Patanjali Foods Limited,NSE,INE619A01035
PATELENG,Patel Engineering Limited,NSE,INE244B01030
PATELRMART,Patel Retail Limited,NSE,INE0R8B01010
PATINTLOG,Patel Integrated Logistics Limited,NSE,INE529D01014
PAUSHAKLTD,Paushak Limited,NSE,INE111F01024
PAVNAIND,Pavna Industries Limited,NSE,INE07S101038
PAYTM,One 97 Communications Limited,NSE,INE982J01020
PBMPOLY,PBM Polytex Limited,NSE,INE501F01018
PCBL,PCBL Chemical Limited,NSE,INE602A01031
PCJEWELLER,PC Jeweller Limited,NSE,INE785M01021
PDMJEPAPER,Pudumjee Paper Products Limited,NSE,INE865T01018
PDSL,PDS Limited,NSE,INE111Q01021
PEARLPOLY,Pearl Polymers Limited,NSE,INE844A01013
PENIND,Pennar Industries Limited,NSE,INE932A01024
PENINLAND,Peninsula Land Limited,NSE,INE138A01028
PERMAGN,Permanent Magnets Limited,NSE,INE418E01018
PERNIASPOP,Purple Style Labs Limited,NSE,INE0I1B01016
PERSISTENT,Persistent Systems Limited,NSE,INE262H01021
PETRONET,Petronet LNG Limited,NSE,INE347G01014
PFC,Power Finance Corporation Limited,NSE,INE134E01011
PFIZER,Pfizer Limited,NSE,INE182A01018
PFOCUS,Prime Focus Limited,NSE,INE367G01038
PFS,PTC India Financial Services Limited,NSE,INE560K01014
PGEL,PG Electroplast Limited,NSE,INE457L01029
PGHH,Procter & Gamble Hygiene and Health Care Limited,NSE,INE179A01014
PGHL,Procter & Gamble Health Limited,NSE,INE199A01012
PGIL,Pearl Global Industries Limited,NSE,INE940H01022
PHOENIXLTD,The Phoenix Mills Limited,NSE,INE211B01039
PHOENXINTL,Phoenix International Limited,NSE,INE245B01011
PICCADIL,Piccadily Agro Industries Limited,NSE,INE546C01010
PIDILITIND,Pidilite Industries Limited,NSE,INE318A01026
PIGL,Power & Instrumentation (Gujarat) Limited,NSE,INE557Z01018
PIIND,PI Industries Limited,NSE,INE603J01030
PILANIINVS,Pilani Investment and Industries Corporation Limited,NSE,INE417C01014
PILITA,PIL ITALICA LIFESTYLE LIMITED,NSE,INE600A01035
PINELABS,Pine Labs Limited,NSE,INE15B701018
PIONEEREMB,Pioneer Embroideries Limited,NSE,INE156C01018
PIONRINV,Pioneer Investcorp Limited,NSE,INE746D01014
PIRAMALFIN,Piramal Finance Limited,NSE,INE202B01038
PITTIENG,Pitti Engineering Limited,NSE,INE450D01021
PIXTRANS,Pix Transmissions Limited,NSE,INE751B01018
PKTEA,The Peria Karamalai Tea & Produce Company Limited,NSE,INE431F01018
PLASTIBLEN,Plastiblends India Limited,NSE,INE083C01022
PLATIND,Platinum Industries Limited,NSE,INE0PT501018
PLAZACABLE,Plaza Wires Limited,NSE,INE0INJ01017
PML,Paul Merchants Limited,NSE,INE291E01019
PNB,Punjab National Bank,NSE,INE160A01022
PNBGILTS,PNB Gilts Limited,NSE,INE859A01011
PNBHOUSING,PNB Housing Finance Limited,NSE,INE572E01012
PNC,PNC Media and Entertainment Limited,NSE,INE392B01011
PNCINFRA,PNC Infratech Limited,NSE,INE195J01029
PNGJL,P N Gadgil Jewellers Limited,NSE,INE953R01016
PNGSREVA,PNGS Reva Diamond Jewellery Limited,NSE,INE1RDG01013
POCL,Pondy Oxides & Chemicals Limited,NSE,INE063E01061
PODDARMENT,Poddar Pigments Limited,NSE,INE371C01013
POEL,POCL Enterprises Limited,NSE,INE035S01028
POKARNA,Pokarna Limited,NSE,INE637C01025
POLICYBZR,PB Fintech Limited,NSE,INE417T01026
POLYCAB,Polycab India Limited,NSE,INE455K01017
POLYMED,Poly Medicure Limited,NSE,INE205C01021
POLYPLEX,Polyplex Corporation Limited,NSE,INE633B01018
POLYSPIN,Polyspin Exports Limited,NSE,INE914G01029
PONNIERODE,Ponni Sugars (Erode) Limited,NSE,INE838E01017
POONAWALLA,Poonawalla Fincorp Limited,NSE,INE511C01022
POWERGRID,Power Grid Corporation of India Limited,NSE,INE752E01010
POWERICA,Powerica Limited,NSE,INE921L01032
POWERINDIA,Hitachi Energy India Limited,NSE,INE07Y701011
POWERMECH,Power Mech Projects Limited,NSE,INE211R01019
PPAP,PPAP Automotive Limited,NSE,INE095I01015
PPL,Prakash Pipes Limited,NSE,INE050001010
PPLPHARMA,Piramal Pharma Limited,NSE,INE0DK501011
PRABHA,Prabha Energy Limited,NSE,INE0I0M01023
PRADPME,Pradeep Metals Limited,NSE,INE770A01010
PRAENG,Prajay Engineers Syndicate Limited,NSE,INE505C01016
PRAJIND,Praj Industries Limited,NSE,INE074A01025
PRAKASH,Prakash Industries Limited,NSE,INE603A01013
PRAKASHSTL,Prakash Steelage Limited,NSE,INE696K01024
PRANAV,Pranav Constructions Limited,NSE,INE0H4201019
PRASOLCHEM,Prasol Chemicals Limited,NSE,INE455U01024
PRAVEG,Praveg Limited,NSE,INE722B01019
PRAXIS,Praxis Home Retail Limited,NSE,INE546Y01022
PRECAM,Precision Camshafts Limited,NSE,INE484I01029
PRECOT,Precot Limited,NSE,INE283A01014
PRECWIRE,Precision Wires India Limited,NSE,INE372C01037
PREMCO,Premco Global Limited,NSE,INE001E01012
PREMEXPLN,Premier Explosives Limited,NSE,INE863B01029
PREMIER,Premier Limited,NSE,INE342A01018
PREMIERENE,Premier Energies Limited,NSE,INE0BS701011
PREMIERPOL,Premier Polyfilm Limited,NSE,INE309M01020
PRESTIGE,Prestige Estates Projects Limited,NSE,INE811K01011
PRICOLLTD,Pricol Limited,NSE,INE726V01018
PRIMESECU,Prime Securities Limited,NSE,INE032B01021
PRIMO,Primo Chemicals Limited,NSE,INE607A01022
PRINCEPIPE,Prince Pipes And Fittings Limited,NSE,INE689W01016
PRIORITY,Priority Jewels Limited,NSE,INE15EH01014
PRISMX,Prismx Global Ventures Limited,NSE,INE286N01028
PRITI,Priti International Limited,NSE,INE974Z01015
PRITIKAUTO,Pritika Auto Industries Limited,NSE,INE583R01029
PRIVISCL,Privi Speciality Chemicals Limited,NSE,INE959A01019
PROSTARM,Prostarm Info Systems Limited,NSE,INE0BX301013
PROTEAN,Protean eGov Technologies Limited,NSE,INE004A01022
PROZONER,Prozone Realty Limited,NSE,INE195N01013
PRSMJOHNSN,Prism Johnson Limited,NSE,INE010A01011
PRUDENT,Prudent Corporate Advisory Services Limited,NSE,INE00F201020
PRUDMOULI,Prudential Sugar Corporation Limited,NSE,INE024D01016
PSB,Punjab & Sind Bank,NSE,INE608A01012
PSPPROJECT,PSP Projects Limited,NSE,INE488V01015
PTC,PTC India Limited,NSE,INE877F01012
PTCIL,PTC Industries Limited,NSE,INE596F01018
PTL,PTL Enterprises Limited,NSE,INE034D01049
PUNJABCHEM,Punjab Chemicals & Crop Protection Limited,NSE,INE277B01014
PURVA,Puravankara Limited,NSE,INE323I01011
PVP,PVP Ventures Limited,NSE,INE362A01016
PVRINOX,PVR INOX Limited,NSE,INE191H01014
PVSL,Popular Vehicles and Services Limited,NSE,INE772T01024
PWL,Physicswallah Limited,NSE,INE0LP301011
PYRAMID,Pyramid Technoplast Limited,NSE,INE0MIS01010
QMSMEDI,QMS Medical Allied Services Limited,NSE,INE0FMW01018
QPOWER,Quality Power Electrical Equipments Limited,NSE,INE0SII01026
QUADFUTURE,Quadrant Future Tek Limited,NSE,INE0LRY01011
QUESS,Quess Corp Limited,NSE,INE615P01015
QUICKHEAL,Quick Heal Technologies Limited,NSE,INE306L01010
QUINT,Quint Digital Limited,NSE,INE641R01017
QUINTEGRA,Quintegra Solutions Limited,NSE,INE033B01011
RACE,Race Eco Chain Limited,NSE,INE084Q01012
RACLGEAR,RACL Geartech Limited,NSE,INE704B01017
RADAAN,Radaan Mediaworks India Limited,NSE,INE874F01027
RADHIKAJWE,Radhika Jeweltech Limited,NSE,INE583V01021
RADIANTCMS,Radiant Cash Management Services Limited,NSE,INE855R01021
RADICO,Radico Khaitan Limited,NSE,INE944F01028
RADIOCITY,Music Broadcast Limited,NSE,INE919I01024
RAILTEL,Railtel Corporation Of India Limited,NSE,INE0DD101019
RAIN,Rain Industries Limited,NSE,INE855B01025
RAINBOW,Rainbow Childrens Medicare Limited,NSE,INE961O01016
RAJESHEXPO,Rajesh Exports Limited,NSE,INE343B01030
RAJMET,Rajnandini Metal Limited,NSE,INE00KV01022
RAJOOENG,Rajoo Engineers Limited,NSE,INE535F01024
RAJPALAYAM,Rajapalayam Mills Limited,NSE,INE296E01026
RAJRATAN,Rajratan Global Wire Limited,NSE,INE451D01029
RAJRILTD,Raj Rayon Industries Limited,NSE,INE533D01032
RAJSREESUG,Rajshree Sugars & Chemicals Limited,NSE,INE562B01019
RAJTV,Raj Television Network Limited,NSE,INE952H01027
RALLIS,Rallis India Limited,NSE,INE613A01020
RAMANEWS,Shree Rama Newsprint Limited,NSE,INE278B01020
RAMAPHO,Rama Phosphates Limited,NSE,INE809A01032
RAMASTEEL,Rama Steel Tubes Limited,NSE,INE230R01035
RAMBHAJO,Advit Jewels Limited,NSE,INE1SJO01012
RAMCOCEM,The Ramco Cements Limited,NSE,INE331A01037
RAMCOIND,Ramco Industries Limited,NSE,INE614A01028
RAMCOSYS,Ramco Systems Limited,NSE,INE246B01019
RAMKY,Ramky Infrastructure Limited,NSE,INE874I01013
RAMRAT,Ram Ratna Wires Limited,NSE,INE207E01023
RANASUG,Rana Sugars Limited,NSE,INE625B01014
RANEHOLDIN,Rane Holdings Limited,NSE,INE384A01010
RATEGAIN,Rategain Travel Technologies Limited,NSE,INE0CLI01024
RATNAMANI,Ratnamani Metals & Tubes Limited,NSE,INE703B01027
RATNAVEER,Ratnaveer Precision Engineering Limited,NSE,INE05CZ01011
RAYMOND,Raymond Limited,NSE,INE301A01014
RAYMONDLSL,Raymond Lifestyle Limited,NSE,INE02ID01020
RAYMONDREL,Raymond Realty Limited,NSE,INE1SY401010
RBA,Restaurant Brands Asia Limited,NSE,INE07T201019
RBLBANK,RBL Bank Limited,NSE,INE976G01028
RBZJEWEL,RBZ Jewellers Limited,NSE,INE0PEQ01016
RCF,Rashtriya Chemicals and Fertilizers Limited,NSE,INE027A01015
RCOM,Reliance Communications Limited,NSE,INE330H01018
RECLTD,REC Limited,NSE,INE020B01018
REDINGTON,Redington Limited,NSE,INE891D01026
REDTAPE,Redtape Limited,NSE,INE0LXT01019
REFEX,Refex Industries Limited,NSE,INE056I01025
REGAAL,Regaal Resources Limited,NSE,INE0MHO01029
REGENCERAM,Regency Ceramics Limited,NSE,INE277C01012
RELAXO,Relaxo Footwears Limited,NSE,INE131B01039
RELCHEMQ,Reliance Chemotex Industries Limited,NSE,INE750D01016
RELIABLE,Reliable Data Services Limited,NSE,INE375Y01018
RELIANCE,Reliance Industries Limited,NSE,INE002A01018
RELIGARE,Religare Enterprises Limited,NSE,INE621H01010
RELINFRA,Reliance Infrastructure Limited,NSE,INE036A01016
RELTD,Ravindra Energy Limited,NSE,INE206N01018
REMSONSIND,Remsons Industries Limited,NSE,INE474C01023
RENTOMOJO,Rentomojo Limited,NSE,INE08T701025
RENUKA,Shree Renuka Sugars Limited,NSE,INE087H01022
REPCOHOME,Repco Home Finance Limited,NSE,INE612J01015
REPL,Rudrabhishek Enterprises Limited,NSE,INE364Z01019
REPRO,Repro India Limited,NSE,INE461B01014
RESPONIND,Responsive Industries Limited,NSE,INE688D01026
RETAIL,JHS Svendgaard Retail Ventures Limited,NSE,INE03DD01011
RGL,Renaissance Global Limited,NSE,INE722H01024
RHETAN,Rhetan TMT Limited,NSE,INE0KKN01029
RHFL,Reliance Home Finance Limited,NSE,INE217K01011
RHIM,RHI MAGNESITA INDIA LIMITED,NSE,INE743M01012
RHL,Robust Hotels Limited,NSE,INE508K01013
RICOAUTO,Rico Auto Industries Limited,NSE,INE209B01025
RIIL,Reliance Industrial Infrastructure Limited,NSE,INE046A01015
RIR,RIR Power Electronics Limited,NSE,INE302D01024
RISHABH,Rishabh Instruments Limited,NSE,INE0N2P01017
RITCO,Ritco Logistics Limited,NSE,INE01EG01016
RITES,RITES Limited,NSE,INE320J01015
RKDL,Ravi Kumar Distilleries Limited,NSE,INE722J01012
RKEC,RKEC Projects Limited,NSE,INE786W01010
RKFORGE,Ramkrishna Forgings Limited,NSE,INE399G01023
RKSWAMY,R K Swamy Limited,NSE,INE0NQ801033
RMC,RMC Switchgears Limited,NSE,INE655V01019
RMDRIP,R M Drip and Sprinklers Systems Limited,NSE,INE219Y01026
RML,Rane (Madras) Limited,NSE,INE050H01012
RNBDENIMS,R&B Denims Limited,NSE,INE012Q01039
ROHLTD,Royal Orchid Hotels Limited,NSE,INE283H01019
ROLEXRINGS,Rolex Rings Limited,NSE,INE645S01024
ROLLT,Rollatainers Limited,NSE,INE927A01040
ROML,Raj Oil Mills Limited,NSE,INE294G01026
ROSSARI,Rossari Biotech Limited,NSE,INE02A801020
ROSSELLIND,Rossell India Limited,NSE,INE847C01020
ROSSTECH,Rossell Techsys Limited,NSE,INE0OJW01016
ROTO,Roto Pumps Limited,NSE,INE535D01037
ROUTE,ROUTE MOBILE LIMITED,NSE,INE450U01017
RPEL,Raghav Productivity Enhancers Limited,NSE,INE912T01018
RPGLIFE,RPG Life Sciences Limited,NSE,INE105J01010
RPOWER,Reliance Power Limited,NSE,INE614G01033
RPPINFRA,R.P.P. Infra Projects Limited,NSE,INE324L01013
RPPL,Rajshree Polypack Limited,NSE,INE760W01023
RPSGVENT,RPSG VENTURES LIMITED,NSE,INE425Y01011
RPTECH,Rashi Peripherals Limited,NSE,INE0J1F01024
RRECL,RDB Real Estate Constructions Limited,NSE,INE0AK901016
RRIL,RRIL Limited,NSE,INE951M01037
RRKABEL,R R Kabel Limited,NSE,INE777K01022
RSDFIN,RSD Finance Limited,NSE,INE616F01022
RSL,Rajputana Stainless Limited,NSE,INE313L01016
RSSOFTWARE,R. S. Software (India) Limited,NSE,INE165B01029
RSWM,RSWM Limited,NSE,INE611A01016
RSYSTEMS,R Systems International Limited,NSE,INE411H01032
RTNINDIA,RattanIndia Enterprises Limited,NSE,INE834M01019
RTNPOWER,RattanIndia Power Limited,NSE,INE399K01017
RTSPOWR,RTS Power Corporation Limited,NSE,INE005C01017
RUBFILA,Rubfila International Limited,NSE,INE642C01025
RUBICON,Rubicon Research Limited,NSE,INE506V01022
RUBYMILLS,The Ruby Mills Limited,NSE,INE301D01026
RUCHINFRA,Ruchi Infrastructure Limited,NSE,INE413B01023
RUCHIRA,Ruchira Papers Limited,NSE,INE803H01014
RUDRA,Rudra Global Infra Products Limited,NSE,INE027T01023
RUPA,Rupa & Company Limited,NSE,INE895B01021
RUSHIL,Rushil Decor Limited,NSE,INE573K01025
RUSTOMJEE,Keystone Realtors Limited,NSE,INE263M01029
RVHL,Ravinder Heights Limited,NSE,INE09E501017
RVNL,Rail Vikas Nigam Limited,NSE,INE415G01027
RVTH,Revathi Equipment India Limited,NSE,INE0DAB01012
S&SPOWER,S&S Power Switchgears Limited,NSE,INE902B01017
SAATVIKGL,Saatvik Green Energy Limited,NSE,INE13B501022
SAB,SAB Industries Limited,NSE,INE137M01017
SADBHAV,Sadbhav Engineering Limited,NSE,INE226H01026
SADBHIN,Sadbhav Infrastructure Project Limited,NSE,INE764L01010
SADHNANIQ,Sadhana Nitrochem Limited,NSE,INE888C01040
SAFARI,Safari Industries (India) Limited,NSE,INE429E01023
SAGARDEEP,Sagardeep Alloys Limited,NSE,INE976T01013
SAGCEM,Sagar Cements Limited,NSE,INE229C01021
SAGILITY,SAGILITY LIMITED,NSE,INE0W2G01015
SAHLIBHFI,Shalibhadra Finance Limited,NSE,INE861D01011
SAHYADRI,Sahyadri Industries Limited,NSE,INE280H01015
SAICAPI,Sai Capital Limited,NSE,INE531X01018
SAIL,Steel Authority of India Limited,NSE,INE114A01011
SAILIFE,Sai Life Sciences Limited,NSE,INE570L01029
SAIPARENT,Sai Parenterals Limited,NSE,INE0H9F01037
SAKAR,Sakar Healthcare Limited,NSE,INE732S01012
SAKHTISUG,Sakthi Sugars Limited,NSE,INE623A01011
SAKSOFT,Saksoft Limited,NSE,INE667G01023
SAKUMA,Sakuma Exports Limited,NSE,INE190H01024
SALASAR,Salasar Techno Engineering Limited,NSE,INE170V01027
SALONA,Salona Cotspin Limited,NSE,INE498E01010
SALSTEEL,S.A.L. Steel Limited,NSE,INE658G01014
SALZERELEC,Salzer Electronics Limited,NSE,INE457F01013
SAMBANDAM,Sambandam Spinning Mills Limited,NSE,INE304D01012
SAMBHAAV,Sambhaav Media Limited,NSE,INE699B01027
SAMBHV,Sambhv Steel Tubes Limited,NSE,INE12NJ01018
SAMHI,Samhi Hotels Limited,NSE,INE08U801020
SAMMAANCAP,Sammaan Capital Limited,NSE,INE148I01020
SAMPANN,Sampann Utpadan India Limited,NSE,INE735M01018
SANATHAN,Sanathan Textiles Limited,NSE,INE0JPD01013
SANDESH,The Sandesh Limited,NSE,INE583B01015
SANDHAR,Sandhar Technologies Limited,NSE,INE278H01035
SANDUMA,Sandur Manganese & Iron Ores Limited,NSE,INE149K01016
SANGAMIND,Sangam (India) Limited,NSE,INE495C01010
SANGHVIMOV,Sanghvi Movers Limited,NSE,INE989A01032
SANOFI,Sanofi India Limited,NSE,INE058A01010
SANOFICONR,Sanofi Consumer Healthcare India Limited,NSE,INE0UOS01011
SANSERA,Sansera Engineering Limited,NSE,INE953O01021
SANSTAR,Sanstar Limited,NSE,INE08NE01025
SANWARIA,Sanwaria Consumer Limited,NSE,INE890C01046
SAPPHIRE,Sapphire Foods India Limited,NSE,INE806T01020
SAPPL,Shree Ajit Pulp & Paper Limited,NSE,INE185C01017
SARDAEN,Sarda Energy & Minerals Limited,NSE,INE385C01021
SAREGAMA,Saregama India Limited,NSE,INE979A01025
SARLAPOLY,Sarla Performance Fibers Limited,NSE,INE453D01025
SARVESHWAR,Sarveshwar Foods Limited,NSE,INE324X01026
SASKEN,Sasken Technologies Limited,NSE,INE231F01020
SATIA,Satia Industries Limited,NSE,INE170E01023
SATIN,Satin Creditcare Network Limited,NSE,INE836B01017
SAURASHCEM,Saurashtra Cement Limited,NSE,INE626A01014
SAYAJIHOTL,Sayaji Hotels Limited,NSE,INE318C01014
SAYAJIIND,Sayaji Industries Limited,NSE,INE327G01032
SBC,SBC Exports Limited,NSE,INE04AK01028
SBCL,Shivalik Bimetal Controls Limited,NSE,INE386D01027
SBFC,SBFC Finance Limited,NSE,INE423Y01016
SBGLP,Suratwwala Business Group Limited,NSE,INE05ST01028
SBICARD,SBI Cards and Payment Services Limited,NSE,INE018E01016
SBIFUNDS,SBI Funds Management Limited,NSE,INE640G01020
SBILIFE,SBI Life Insurance Company Limited,NSE,INE123W01016
SBIN,State Bank of India,NSE,INE062A01020
SCANSTL,Scan Steels Limited,NSE,INE099G01011
SCHAEFFLER,Schaeffler India Limited,NSE,INE513A01022
SCHAND,S Chand And Company Limited,NSE,INE807K01035
SCHNEIDER,Schneider Electric Infrastructure Limited,NSE,INE839M01018
SCI,Shipping Corporation Of India Limited,NSE,INE109A01011
SCILAL,Shipping Corporation of India Land and Assets Limited,NSE,INE0PB301013
SCODATUBES,Scoda Tubes Limited,NSE,INE090501011
SCPL,Sheetal Cool Products Limited,NSE,INE501Y01019
SDBL,Som Distilleries & Breweries Limited,NSE,INE480C01038
SEAMECLTD,Seamec Limited,NSE,INE497B01018
SECMARK,SecMark Consultancy Limited,NSE,INE0BTM01013
SECURKLOUD,SECUREKLOUD TECHNOLOGIES LIMITED,NSE,INE650K01021
SEDEMAC,SEDEMAC Mechatronics Limited,NSE,INE00XB01019
SEIL,Shanti Educational Initiatives Limited,NSE,INE440T01028
SEJALLTD,Sejal Glass Limited,NSE,INE955I01044
SEKURITIND,Saint Gobain Sekurit India Limited,NSE,INE068B01017
SEMAC,Semac Construction Limited,NSE,INE617A01013
SENCO,Senco Gold Limited,NSE,INE602W01027
SENORES,Senores Pharmaceuticals Limited,NSE,INE0RB801010
SEPC,SEPC Limited,NSE,INE964H01014
SERVOTECH,Servotech Renewable Power System Limited,NSE,INE782X01033
SESHAPAPER,Seshasayee Paper and Boards Limited,NSE,INE630A01024
SETCO,Setco Automotive Limited,NSE,INE878E01021
SETL,Standard Engineering Technology Limited,NSE,INE0M4D01010
SETUINFRA,Setubandhan Infrastructure Limited,NSE,INE023M01027
SEYAIND,Seya Industries Limited,NSE,INE573R01012
SFL,Sheela Foam Limited,NSE,INE916U01025
SGFIN,SG Finserve Limited,NSE,INE618R01015
SGIL,Synergy Green Industries Limited,NSE,INE00QT01015
SGL,STL Global Limited,NSE,INE353H01010
SGLRES,SGL Resources Limited,NSE,INE967B01028
SGMART,SG Mart Limited,NSE,INE385F01024
SGRL,Shree Ganesh Remedies Limited,NSE,INE414Y01015
SHADOWFAX,Shadowfax Technologies Limited,NSE,INE12UN01015
SHAH,Shah Metacorp Limited,NSE,INE482J01021
SHAHALLOYS,Shah Alloys Limited,NSE,INE640C01011
SHAILY,Shaily Engineering Plastics Limited,NSE,INE151G01028
SHAKTIPUMP,Shakti Pumps (India) Limited,NSE,INE908D01010
SHALBY,Shalby Limited,NSE,INE597J01018
SHALPAINTS,Shalimar Paints Limited,NSE,INE849C01026
SHANKARA,Shankara Building Products Limited,NSE,INE274V01019
SHANKESH,Shankesh Jewellers Limited,NSE,INE1WFC01025
SHANTI,Shanti Overseas (India) Limited,NSE,INE933X01016
SHANTIGEAR,Shanthi Gears Limited,NSE,INE631A01022
SHANTIGOLD,Shanti Gold International Limited,NSE,INE06ZD01017
SHARDACROP,Sharda Cropchem Limited,NSE,INE221J01015
SHARDAMOTR,Sharda Motor Industries Limited,NSE,INE597I01028
SHARDUL,Shardul Securities Limited,NSE,INE037B01020
SHAREINDIA,Share India Securities Limited,NSE,INE932X01026
SHBAJRG,Shri Bajrang Alliance Limited,NSE,INE402H01015
SHEKHAWATI,Shekhawati Industries Limited,NSE,INE268L01046
SHEMAROO,Shemaroo Entertainment Limited,NSE,INE363M01019
SHERVANI,Shervani Industrial Syndicate Limited,NSE,INE011D01013
SHILCTECH,Shilchar Technologies Limited,NSE,INE024F01011
SHILGRAVQ,Shilp Gravures Limited,NSE,INE960A01017
SHILPAMED,Shilpa Medicare Limited,NSE,INE790G01031
SHINDL,Sharat Industries Limited,NSE,INE220Z01013
SHIPROCKET,Shiprocket Limited,NSE,INE0FOO01011
SHIVAAGRO,Shiva Global Agro Industries Limited,NSE,INE960E01019
SHIVACEM,Shiva Cement Limited,NSE,INE555C01029
SHIVALIK,Shivalik Rasayan Limited,NSE,INE788J01021
SHIVAMAUTO,Shivam Autotech Limited,NSE,INE637H01024
SHIVAMILLS,Shiva Mills Limited,NSE,INE644Y01017
SHIVATEX,Shiva Texyarn Limited,NSE,INE705C01020
SHIVAUM,Shiv Aum Steels Limited,NSE,INE719F01016
SHK,S H Kelkar and Company Limited,NSE,INE500L01026
SHOPERSTOP,Shoppers Stop Limited,NSE,INE498B01024
SHRADDHA,Shraddha Prime Projects Limited,NSE,INE311M01018
SHRADHA,Shradha Realty Limited,NSE,INE715Y01031
SHREDIGCEM,Shree Digvijay Cement Co.Ltd,NSE,INE232A01011
SHREECEM,SHREE CEMENT LIMITED,NSE,INE070A01015
SHREEJISPG,Shreeji Shipping Global Limited,NSE,INE1B6101010
SHREEPUSHK,Shree Pushkar Chemicals & Fertilisers Limited,NSE,INE712K01011
SHREERAMA,Shree Rama Multi-Tech Limited,NSE,INE879A01019
SHRENIK,Shrenik Limited,NSE,INE632X01030
SHREYANIND,Shreyans Industries Limited,NSE,INE231C01019
SHRIKRISH,Shri Krishna Devcon Limited,NSE,INE997I01012
SHRINGARMS,Shringar House of Mangalsutra Limited,NSE,INE1B3L01017
SHRIPISTON,SPR Auto Technologies Limited,NSE,INE526E01018
SHRIRAMFIN,Shriram Finance Limited,NSE,INE721A01047
SHRIRAMPPS,Shriram Properties Limited,NSE,INE217L01019
SHRJAGP,Shri Jagdamba Polymers Limited,NSE,INE564J01026
SHUKRAPHAR,Shukra Pharmaceuticals Limited,NSE,INE551C01044
SHYAMCENT,Shyam Century Ferrous Limited,NSE,INE979R01011
SHYAMMETL,Shyam Metalics and Energy Limited,NSE,INE810G01011
SHYAMTEL,Shyam Telecom Limited,NSE,INE635A01023
SICAGEN,Sicagen India Limited,NSE,INE176J01011
SICALLOG,Sical Logistics Limited,NSE,INE075B01020
SIEL,Superior Industrial Enterprises Limited,NSE,INE843L01012
SIEMENS,Siemens Limited,NSE,INE003A01024
SIGACHI,Sigachi Industries Limited,NSE,INE0D0K01022
SIGIND,Signet Industries Limited,NSE,INE529F01035
SIGMA,Sigma Solve Limited,NSE,INE0A0S01028
SIGMAADV,SIGMA ADVANCED SYSTEMS LIMITED,NSE,INE933B01012
SIGNATURE,Signatureglobal (India) Limited,NSE,INE903U01023
SIGNPOST,Signpost India Limited,NSE,INE0KGZ01021
SIKA,Sika Interplant Systems Limited,NSE,INE438E01032
SIKKO,Sikko Industries Limited,NSE,INE112X01025
SIL,Standard Industries Limited,NSE,INE173A01025
SILGO,Silgo Retail Limited,NSE,INE01II01013
SILINV,SIL Investments Limited,NSE,INE923A01015
SILVERTUC,Silver Touch Technologies Limited,NSE,INE625X01026
SIMBHALS,Simbhaoli Sugars Limited,NSE,INE748T01016
SIMPLEXINF,Simplex Infrastructures Limited,NSE,INE059B01024
SIMPLXREA,Simplex Realty Limited,NSE,INE167H01014
SINCLAIR,Sinclairs Hotels Limited,NSE,INE985A01022
SINDHUTRAD,Sindhu Trade Links Limited,NSE,INE325D01025
SINGERIND,Singer India Limited,NSE,INE638A01035
SINTERCOM,Sintercom India Limited,NSE,INE129Z01016
SIRCA,Sirca Paints India Limited,NSE,INE792Z01011
SIS,SIS LIMITED,NSE,INE285J01028
SITINET,Siti Networks Limited,NSE,INE965H01011
SIYSIL,Siyaram Silk Mills Limited,NSE,INE076B01028
SJS,S.J.S. Enterprises Limited,NSE,INE284S01014
SJVN,SJVN Limited,NSE,INE002L01015
SKFINDIA,SKF India Limited,NSE,INE640A01023
SKFINDUS,SKF India (Industrial) Limited,NSE,INE2J8701016
SKIPPER,Skipper Limited,NSE,INE439E01022
SKMEGGPROD,SKM Egg Products Export (India) Limited,NSE,INE411D01023
SKYGOLD,SKY GOLD AND DIAMONDS LIMITED,NSE,INE01IU01018
SKYWAYS,Skyways Air Services Limited,NSE,INE0PX301025
SMARTLINK,Smartlink Holdings Limited,NSE,INE178C01020
SMARTWORKS,Smartworks Coworking Spaces Limited,NSE,INE0NAZ01010
SMCGLOBAL,SMC Global Securities Limited,NSE,INE103C01036
SMLMAH,SML Mahindra Limited,NSE,INE294B01019
SMLT,Sarthak Metals Limited,NSE,INE017W01010
SMSPHARMA,SMS Pharmaceuticals Limited,NSE,INE812G01025
SNOWMAN,Snowman Logistics Limited,NSE,INE734N01019
SOBHA,Sobha Limited,NSE,INE671H01015
SOFTTECH,Softtech Engineers Limited,NSE,INE728Z01015
SOLARA,Solara Active Pharma Sciences Limited,NSE,INE624Z01016
SOLARINDS,Solar Industries India Limited,NSE,INE343H01029
SOLARWORLD,Solarworld Energy Solutions Limited,NSE,INE0TY101024
SOLEX,Solex Energy Limited,NSE,INE880Y01017
SOMANYCERA,Somany Ceramics Limited,NSE,INE355A01028
SOMATEX,Soma Textiles & Industries Limited,NSE,INE314C01013
SOMICONVEY,Somi Conveyor Beltings Limited,NSE,INE323J01019
SONA,Sonaselection India Limited,NSE,INE0LLZ01011
SONACOMS,Sona BLW Precision Forgings Limited,NSE,INE073K01018
SONAL,Sonal Mercantile Limited,NSE,INE321M01017
SONAMLTD,SONAM LIMITED,NSE,INE00LM01029
SONATSOFTW,Sonata Software Limited,NSE,INE269A01021
SOTL,Savita Oil Technologies Limited,NSE,INE035D01020
SOUTHBANK,The South Indian Bank Limited,NSE,INE683A01023
SOUTHWEST,South West Pinnacle Exploration Limited,NSE,INE980Y01015
SPAL,S. P. Apparels Limited,NSE,INE212I01016
SPANDANA,Spandana Sphoorty Financial Limited,NSE,INE572J01011
SPARC,Sun Pharma Advanced Research Company Limited,NSE,INE232I01014
SPCENET,Spacenet Enterprises India Limited,NSE,INE970N01027
SPECIALITY,Speciality Restaurants Limited,NSE,INE247M01014
SPECTRUM,Spectrum Electrical Industries Limited,NSE,INE01EO01010
SPENCERS,Spencer's Retail Limited,NSE,INE020801028
SPIC,Southern Petrochemicals Industries Corporation  Limited,NSE,INE147A01011
SPLIL,SPL Industries Limited,NSE,INE978G01016
SPLPETRO,Supreme Petrochem Limited,NSE,INE663A01033
SPMLINFRA,SPML Infra Limited,NSE,INE937A01023
SPORTKING,Sportking India Limited,NSE,INE885H01029
SRD,Shankar Lal Rampal Dye-Chem Limited,NSE,INE01NE01012
SREEL,Sreeleathers Limited,NSE,INE099F01013
SRF,SRF Limited,NSE,INE647A01010
SRGHFL,SRG Housing Finance Limited,NSE,INE559N01010
SRHHYPOLTD,Sree Rayalaseema Hi-Strength Hypo Limited,NSE,INE917H01012
SRIKPRIND,Sri KPR Industries Limited,NSE,INE009C01019
SRM,SRM Contractors Limited,NSE,INE0R6Z01013
SRTL,Shree Ram Twistex Limited,NSE,INE19GK01015
SSDL,Saraswati Saree Depot Limited,NSE,INE0PQ101010
SSRETAIL,SS Retail Limited,NSE,INE1EQW01028
SSWL,Steel Strips Wheels Limited,NSE,INE802C01033
STALLION,Stallion India Fluorochemicals Limited,NSE,INE0RYC01010
STANLEY,Stanley Lifestyles Limited,NSE,INE01A001028
STAR,Strides Pharma Science Limited,NSE,INE939A01011
STARCEMENT,Star Cement Limited,NSE,INE460H01021
STARHEALTH,Star Health and Allied Insurance Company Limited,NSE,INE575P01011
STARPAPER,Star Paper Mills Limited,NSE,INE733A01018
STARTECK,Starteck Finance Limited,NSE,INE992I01013
STCINDIA,The State Trading Corporation of India Limited,NSE,INE655A01013
STEAMHOUSE,Steamhouse India Limited,NSE,INE0FRO01022
STEELCAS,Steelcast Limited,NSE,INE124E01038
STEELCITY,Steel City Securities Limited,NSE,INE395H01011
STEELXIND,STEEL EXCHANGE INDIA LIMITED,NSE,INE503B01021
STEL,Stel Holdings Limited,NSE,INE577L01016
STERTOOLS,Sterling Tools Limited,NSE,INE334A01023
STLNETWORK,STL Networks Limited,NSE,INE1VXE01018
STLSTRINF,Steel Strips Infrastructures Limited,NSE,INE205F01016
STLTECH,Sterlite Technologies Limited,NSE,INE089C01029
STOVEKRAFT,Stove Kraft Limited,NSE,INE00IN01015
STUDDS,Studds Accessories Limited,NSE,INE00Q601028
STYL,Seshaasai Technologies Limited,NSE,INE04VU01023
STYLAMIND,Stylam Industries Limited,NSE,INE239C01020
STYLEBAAZA,Baazar Style Retail Limited,NSE,INE01FR01028
STYRENIX,Styrenix Performance Materials Limited,NSE,INE189B01011
SUBEXLTD,Subex Limited,NSE,INE754A01055
SUBROS,Subros Limited,NSE,INE287B01021
SUDARCOLOR,Sudarshan Colorants India Limited,NSE,INE492A01029
SUDARSCHEM,Sudarshan Chemical Industries Limited,NSE,INE659A01023
SUDEEPPHRM,Sudeep Pharma Limited,NSE,INE0QPI01025
SUKHJITS,Sukhjit Starch & Chemicals Limited,NSE,INE450E01029
SULA,Sula Vineyards Limited,NSE,INE142Q01026
SUMEDHA,Sumedha Fiscal Services Limited,NSE,INE886B01012
SUMEETINDS,Sumeet Industries Limited,NSE,INE235C01036
SUMICHEM,Sumitomo Chemical India Limited,NSE,INE258G01013
SUMIT,Sumit Woods Limited,NSE,INE748Z01013
SUMMITSEC,Summit Securities Limited,NSE,INE519C01017
SUNCLAY,Sundaram Clayton Limited,NSE,INE0Q3R01026
SUNDARAM,Sundaram Multi Pap Limited,NSE,INE108E01023
SUNDARMFIN,Sundaram Finance Limited,NSE,INE660A01013
SUNDRMBRAK,Sundaram Brake Linings Limited,NSE,INE073D01013
SUNDRMFAST,Sundram Fasteners Limited,NSE,INE387A01021
SUNDROP,Sundrop Brands Limited,NSE,INE209A01019
SUNFLAG,Sunflag Iron And Steel Company Limited,NSE,INE947A01014
SUNLOC,Sunil Healthcare Limited,NSE,INE671C01016
SUNPHARMA,Sun Pharmaceutical Industries Limited,NSE,INE044A01036
SUNRAKSHAK,Sunrakshakk Industries India Limited,NSE,INE671K01027
SUNSHIEL,Sunshield Chemicals Limited,NSE,INE199E01014
SUNSHINE,Sunshine Pictures Limited,NSE,INE1B3O01011
SUNTECK,Sunteck Realty Limited,NSE,INE805D01034
SUNTV,Sun TV Network Limited,NSE,INE424H01027
SUPERHOUSE,Superhouse Limited,NSE,INE712B01010
SUPERSPIN,Super Spinning Mills Limited,NSE,INE662A01027
SUPRAJIT,Suprajit Engineering Limited,NSE,INE399C01030
SUPREME,Supreme Holdings & Hospitality (India) Limited,NSE,INE822E01011
SUPREMEENG,Supreme Engineering Limited,NSE,INE319Z01021
SUPREMEIND,Supreme Industries Limited,NSE,INE195A01028
SUPREMEINF,Supreme Infrastructure India Limited,NSE,INE550H01011
SUPRIYA,Supriya Lifescience Limited,NSE,INE07RO01027
SUPTANERY,Super Tannery Limited,NSE,INE460D01038
SURAJEST,Suraj Estate Developers Limited,NSE,INE843S01025
SURAJLTD,Suraj Limited,NSE,INE713C01016
SURAKSHA,Suraksha Diagnostic Limited,NSE,INE877V01027
SURANASOL,Surana Solar Limited,NSE,INE272L01022
SURANAT&P,Surana Telecom and Power Limited,NSE,INE130B01031
SURYALA,Suryalata Spinning Mills Limited,NSE,INE132C01027
SURYALAXMI,Suryalakshmi Cotton Mills Limited,NSE,INE713B01026
SURYAROSNI,Surya Roshni Limited,NSE,INE335A01020
SURYODAY,Suryoday Small Finance Bank Limited,NSE,INE428Q01011
SUTLEJTEX,Sutlej Textiles and Industries Limited,NSE,INE645H01027
SUVEN,Suven Life Sciences Limited,NSE,INE495B01038
SUVIDHAA,Suvidhaa Infoserve Limited,NSE,INE018401013
SUYOG,Suyog Telematics Limited,NSE,INE442P01014
SUZLON,Suzlon Energy Limited,NSE,INE040H01021
SVGLOBAL,S V Global Mill Limited,NSE,INE159L01013
SVLL,Shree Vasu Logistics Limited,NSE,INE00CE01017
SVPGLOB,SVP GLOBAL TEXTILES LIMITED,NSE,INE308E01029
SWANCORP,SWAN CORP LIMITED,NSE,INE665A01038
SWANDEF,Swan Defence and Heavy Industries Limited,NSE,INE542F01020
SWARAJ,Swaraj Suiting Limited,NSE,INE0GMR01016
SWARAJENG,Swaraj Engines Limited,NSE,INE277A01016
SWARNSAR,Swarnsarita Jewels India Limited,NSE,INE967A01012
SWASTIKAIN,Swastika Infra Limited,NSE,INE1QJA01015
SWELECTES,Swelect Energy Systems Limited,NSE,INE409B01013
SWIGGY,Swiggy Limited,NSE,INE00H001014
SWISSMLTRY,Swiss Military Consumer Goods Limited,NSE,INE010C01025
SWSOLAR,Sterling and Wilson Renewable Energy Limited,NSE,INE00M201021
SYMBIOTEC,Symbiotec Pharmalab Limited,NSE,INE899I01028
SYMPHONY,Symphony Limited,NSE,INE225D01027
SYNCOMF,Syncom Formulations (India) Limited,NSE,INE312C01025
SYNGENE,Syngene International Limited,NSE,INE398R01022
SYRMA,Syrma SGS Technology Limited,NSE,INE0DYJ01015
SYSTMTXC,Systematix Corporate Services Limited,NSE,INE356B01024
TAALTECH,Taal Tech Limited,NSE,INE524T01029
TAINWALCHM,Tainwala Chemical and Plastic (I) Limited,NSE,INE123C01018
TAJGVK,Taj GVK Hotels & Resorts Limited,NSE,INE586B01026
TAKE,TAKE Limited,NSE,INE142I01023
TALBROAUTO,Talbros Automotive Components Limited,NSE,INE187D01029
TAMBOLIIN,Tamboli Industries Limited,NSE,INE864J01012
TANAA,Taneja Aerospace & Aviation Limited,NSE,INE692C01020
TANLA,Tanla Platforms Limited,NSE,INE483C01032
TARACHAND,Tara Chand InfraLogistic Solutions Limited,NSE,INE555Z01020
TARAPUR,Tarapur Transformers Limited,NSE,INE747K01017
TARC,TARC Limited,NSE,INE0EK901012
TARIL,Transformers And Rectifiers (India) Limited,NSE,INE763I01026
TARMAT,Tarmat Limited,NSE,INE924H01018
TARSONS,Tarsons Products Limited,NSE,INE144Z01023
TASTYBITE,Tasty Bite Eatables Limited,NSE,INE488B01017
TATACAP,Tata Capital Limited,NSE,INE976I01016
TATACHEM,Tata Chemicals Limited,NSE,INE092A01019
TATACOMM,Tata Communications Limited,NSE,INE151A01013
TATACONSUM,TATA CONSUMER PRODUCTS LIMITED,NSE,INE192A01025
TATAELXSI,Tata Elxsi Limited,NSE,INE670A01012
TATAINVEST,Tata Investment Corporation Limited,NSE,INE672A01026
TATAPOWER,Tata Power Company Limited,NSE,INE245A01021
TATASTEEL,Tata Steel Limited,NSE,INE081A01020
TATATECH,Tata Technologies Limited,NSE,INE142M01025
TATVA,Tatva Chintan Pharma Chem Limited,NSE,INE0GK401011
TBOTEK,TBO Tek Limited,NSE,INE673O01025
TBZ,Tribhovandas Bhimji Zaveri Limited,NSE,INE760L01018
TCC,TCC Concept Limited,NSE,INE887D01024
TCI,Transport Corporation of India Limited,NSE,INE688A01022
TCIEXP,TCI Express Limited,NSE,INE586V01016
TCIFINANCE,TCI Finance Limited,NSE,INE911B01018
TCPLPACK,TCPL Packaging Limited,NSE,INE822C01015
TCS,Tata Consultancy Services Limited,NSE,INE467B01029
TDPOWERSYS,TD Power Systems Limited,NSE,INE419M01035
TEAMGTY,Team India Guaranty Limited,NSE,INE289C01025
TEAMLEASE,Teamlease Services Limited,NSE,INE985S01024
TECHM,Tech Mahindra Limited,NSE,INE669C01036
TECHNOCRAF,Technocraft Ventures Limited,NSE,INE1D0W01018
TECHNOE,Techno Electric & Engineering Company Limited,NSE,INE285K01026
TECHNVISN,TechNVision Ventures Limited,NSE,INE314H01012
TECILCHEM,TECIL Chemicals and Hydro Power Limited,NSE,INE014B01011
TEGA,Tega Industries Limited,NSE,INE011K01018
TEJASNET,Tejas Networks Limited,NSE,INE010J01012
TEMBO,Tembo Global Industries Limited,NSE,INE869Y01028
TEMPSENS,Tempsens Instruments (India) Limited,NSE,INE1KZI01025
TENNIND,Tenneco Clean Air India Limited,NSE,INE19RI01016
TERAI,Terai Tea Company Limited,NSE,INE390D01011
TERASOFT,Tera Software Limited,NSE,INE482B01010
TEXINFRA,Texmaco Infrastructure & Holdings Limited,NSE,INE435C01024
TEXMOPIPES,Texmo Pipes and Products Limited,NSE,INE141K01013
TEXRAIL,Texmaco Rail & Engineering Limited,NSE,INE621L01012
TFCILTD,Tourism Finance Corporation of India Limited,NSE,INE305A01023
TFL,Transwarranty Finance Limited,NSE,INE804H01012
TGBHOTELS,TGB Banquets And Hotels Limited,NSE,INE797H01018
TGVSL,TGV Sraac Limited,NSE,INE284B01028
THACKER,Thacker & Company Limited,NSE,INE077P01034
THAKDEV,Thakkers Developers Limited,NSE,INE403F01017
THANGAMAYL,Thangamayil Jewellery Limited,NSE,INE085J01014
THEINVEST,The Investment Trust Of India Limited,NSE,INE924D01017
THEJO,Thejo Engineering Limited,NSE,INE121N01019
THELEELA,Leela Palaces Hotels & Resorts Limited,NSE,INE0AQ201015
THEMISMED,Themis Medicare Limited,NSE,INE083B01024
THERMAX,Thermax Limited,NSE,INE152A01029
THOMASCOOK,Thomas Cook  (India)  Limited,NSE,INE332A01027
THOMASCOTT,Thomas Scott (India) Limited,NSE,INE480M01011
THYROCARE,Thyrocare Technologies Limited,NSE,INE594H01019
TI,Tilaknagar Industries Limited,NSE,INE133E01013
TICL,Twamev Construction and Infrastructure Limited,NSE,INE388G01026
TIGERLOGS,Tiger Logistics (India) Limited,NSE,INE906O01029
TIIL,Technocraft Industries (India) Limited,NSE,INE545H01011
TIINDIA,Tube Investments of India Limited,NSE,INE974X01010
TIJARIA,Tijaria Polypipes Limited,NSE,INE440L01017
TIL,TIL Limited,NSE,INE806C01018
TIMETECHNO,Time Technoplast Limited,NSE,INE508G01029
TIMEX,Timex Group India Limited,NSE,INE064A01026
TIMKEN,Timken India Limited,NSE,INE325A01013
TINNARUBR,Tinna Rubber and Infrastructure Limited,NSE,INE015C01016
TIPSFILMS,Tips Films Limited,NSE,INE0LQS01015
TIPSMUSIC,Tips Music Limited,NSE,INE716B01029
TIRUMALCHM,Thirumalai Chemicals Limited,NSE,INE338A01024
TIRUPATIFL,Tirupati Forge Limited,NSE,INE319Y01024
TITAGARH,TITAGARH RAIL SYSTEMS LIMITED,NSE,INE615H01020
TITAN,Titan Company Limited,NSE,INE280A01028
TMB,Tamilnad Mercantile Bank Limited,NSE,INE668A01016
TMCV,Tata Motors Limited,NSE,INE1TAE01010
TMPV,Tata Motors Passenger Vehicles Limited,NSE,INE155A01022
TNPETRO,Tamilnadu PetroProducts Limited,NSE,INE148A01019
TNPL,Tamil Nadu Newsprint & Papers Limited,NSE,INE107A01015
TNTELE,Tamilnadu Telecommunication Limited,NSE,INE141D01018
TOKYOPLAST,Tokyo Plast International Limited,NSE,INE932C01012
TOLINS,Tolins Tyres Limited,NSE,INE0RWQ01014
TORNTPHARM,Torrent Pharmaceuticals Limited,NSE,INE685A01028
TORNTPOWER,Torrent Power Limited,NSE,INE813H01021
TOTAL,Total Transport Systems Limited,NSE,INE336X01012
TOUCHWOOD,Touchwood Entertainment Limited,NSE,INE486Y01013
TOYAMSL,Toyam Sports Limited,NSE,INE457P01020
TPHQ,Teamo Productions HQ Limited,NSE,INE065J01024
TPLPLASTEH,TPL Plastech Limited,NSE,INE413G01022
TRACXN,Tracxn Technologies Limited,NSE,INE0HMF01019
TRANSCOR,Transcorp International Limited,NSE,INE330E01023
TRANSPEK,Transpek Industry Limited,NSE,INE687A01016
TRANSRAILL,Transrail Lighting Limited,NSE,INE454P01035
TRANSWORLD,TRANSWORLD SHIPPING LINES LIMITED,NSE,INE757B01015
TRAVELFOOD,Travel Food Services Limited,NSE,INE103V01028
TREEHOUSE,Tree House Education & Accessories Limited,NSE,INE040M01013
TREJHARA,TREJHARA SOLUTIONS LIMITED,NSE,INE00CA01015
TREL,Transindia Real Estate Limited,NSE,INE0O3901029
TRENT,Trent Limited,NSE,INE849A01020
TRF,TRF Limited,NSE,INE391D01019
TRIDENT,Trident Limited,NSE,INE064C01022
TRIGYN,Trigyn Technologies Limited,NSE,INE948A01012
TRITONV,Triton Valves Limited,NSE,INE440G01017
TRITURBINE,Triveni Turbine Limited,NSE,INE152M01016
TRIVENI,Triveni Engineering & Industries Limited,NSE,INE256C01024
TRU,TruCap Finance Limited,NSE,INE615R01029
TRUALT,TruAlt Bioenergy Limited,NSE,INE0MWH01014
TSFINV,TSF INVESTMENTS LIMITED,NSE,INE202Z01029
TTKHLTCARE,TTK Healthcare Limited,NSE,INE910C01018
TTKPRESTIG,TTK Prestige Limited,NSE,INE690A01028
TTL,T T Limited,NSE,INE592B01024
TTML,Tata Teleservices (Maharashtra) Limited,NSE,INE517B01013
TURTLEMINT,Turtlemint Fintech Solutions Limited,NSE,INE0OC301013
TUTIALKA,Tuticorin Alkali Chemicals & Fertilizers Limited,NSE,INE400A01014
TVSELECT,TVS Electronics Limited,NSE,INE236G01019
TVSHLTD,TVS Holdings Limited,NSE,INE105A01035
TVSMOTOR,TVS Motor Company Limited,NSE,INE494B01023
TVSSCS,TVS Supply Chain Solutions Limited,NSE,INE395N01027
TVSSRICHAK,TVS Srichakra Limited,NSE,INE421C01016
TVTODAY,TV Today Network Limited,NSE,INE038F01029
TVVISION,TV Vision Limited,NSE,INE871L01013
UBL,United Breweries Limited,NSE,INE686F01025
UCAL,UCAL LIMITED,NSE,INE139B01016
UCOBANK,UCO Bank,NSE,INE691A01018
UDAYJEW,Uday Jewellery Industries Limited,NSE,INE551B01012
UDS,Updater Services Limited,NSE,INE851I01011
UEL,Ujaas Energy Limited,NSE,INE899L01030
UFBL,United Foodbrands Limited,NSE,INE382M01027
UFLEX,UFLEX Limited,NSE,INE516A01017
UFO,UFO Moviez India Limited,NSE,INE527H01019
UGARSUGAR,The Ugar Sugar Works Limited,NSE,INE071E01023
UGROCAP,Ugro Capital Limited,NSE,INE583D01011
UJJIVANSFB,Ujjivan Small Finance Bank Limited,NSE,INE551W01018
ULTRACEMCO,UltraTech Cement Limited,NSE,INE481G01011
ULTRAMAR,Ultramarine & Pigments Limited,NSE,INE405A01021
UMAEXPORTS,Uma Exports Limited,NSE,INE0GIU01018
UMESLTD,Usha Martin Education & Solutions Limited,NSE,INE240C01028
UMIYA-MRO,UMIYA BUILDCON LIMITED,NSE,INE398B01018
UNICHEMLAB,Unichem Laboratories Limited,NSE,INE351A01035
UNIDT,United Drilling Tools Limited,NSE,INE961D01019
UNIECOM,Unicommerce Esolutions Limited,NSE,INE00U401027
UNIENTER,Uniphos Enterprises Limited,NSE,INE037A01022
UNIINFO,Uniinfo Telecom Services Limited,NSE,INE481Z01011
UNIMECH,Unimech Aerospace and Manufacturing Limited,NSE,INE0U3I01011
UNIONBANK,Union Bank of India,NSE,INE692A01016
UNIPARTS,Uniparts India Limited,NSE,INE244O01017
UNITDSPR,United Spirits Limited,NSE,INE854D01024
UNITECH,Unitech Limited,NSE,INE694A01020
UNITEDPOLY,United Polyfab Gujarat Limited,NSE,INE368U01029
UNITEDTEA,The United Nilgiri Tea Estates Company Limited,NSE,INE458F01011
UNIVASTU,Univastu India Limited,NSE,INE562X01013
UNIVCABLES,Universal Cables Limited,NSE,INE279A01012
UNIVPHOTO,Universus Photo Imagings Limited,NSE,INE03V001013
UNOMINDA,UNO Minda Limited,NSE,INE405E01023
UPHOT,U P Hotels Limited,NSE,INE726E01014
UPL,UPL Limited,NSE,INE628A01036
URAVIDEF,Uravi Defence and Technology Limited,NSE,INE568Z01015
URBANCO,Urban Company Limited,NSE,INE0CAZ01013
URJA,Urja Global Limited,NSE,INE550C01020
USHAMART,Usha Martin Limited,NSE,INE228A01035
USK,Udayshivakumar Infra Limited,NSE,INE0N0Y01013
UTIAMC,UTI Asset Management Company Limited,NSE,INE094J01016
UTKARSHBNK,Utkarsh Small Finance Bank Limited,NSE,INE735W01017
UTLSOLAR,Fujiyama Power Systems Limited,NSE,INE12UR01024
UTTAMSUGAR,Uttam Sugar Mills Limited,NSE,INE786F01031
UYFINCORP,U. Y. Fincorp Limited,NSE,INE152C01025
V2RETAIL,V2 Retail Limited,NSE,INE945H01021
VADILALIND,Vadilal Industries Limited,NSE,INE694D01016
VADILENT,Vadilal Enterprises Limited,NSE,INE693D01018
VAIBHAVGBL,Vaibhav Global Limited,NSE,INE884A01027
VAISHALI,Vaishali Pharma Limited,NSE,INE972X01022
VAKRANGEE,Vakrangee Limited,NSE,INE051B01021
VALIANTLAB,Valiant Laboratories Limited,NSE,INE0JWS01017
VALIANTORG,Valiant Organics Limited,NSE,INE565V01010
VAML,Vedanta Aluminium Metal Limited,NSE,INE1CDF01017
VARDHACRLC,Vardhman Acrylics Limited,NSE,INE116G01013
VARDMNPOLY,Vardhman Polytex Limited,NSE,INE835A01029
VARMORA,Varmora Granito Limited,NSE,INE0M5301040
VARROC,Varroc Engineering Limited,NSE,INE665L01035
VASCONEQ,Vascon Engineers Limited,NSE,INE893I01013
VASUPRADA,Shri Vasuprada Plantations Limited,NSE,INE574G01013
VASWANI,Vaswani Industries Limited,NSE,INE590L01019
VBL,Varun Beverages Limited,NSE,INE200M01039
VCL,Vaxtex Cotfab Limited,NSE,INE098201036
VEDAVAAG,VEDAVAAG Systems Limited,NSE,INE359B01010
VEDL,Vedanta Limited,NSE,INE205A01025
VEDPOWER,Vedanta Power Limited,NSE,INE694L01019
VEEDOL,Veedol Corporation Limited,NSE,INE484C01030
VEEGALAND,Veegaland Developers Limited,NSE,INE1JTV01015
VELJAN,Veljan Denison Limited,NSE,INE232E01013
VENKEYS,Venky's (India) Limited,NSE,INE398A01010
VENTIVE,Ventive Hospitality Limited,NSE,INE781S01027
VENUSPIPES,Venus Pipes & Tubes Limited,NSE,INE0JA001018
VENUSREM,Venus Remedies Limited,NSE,INE411B01019
VERANDA,Veranda Learning Solutions Limited,NSE,INE0IQ001011
VERTOZ,Vertoz Limited,NSE,INE188Y01031
VESUVIUS,Vesuvius India Limited,NSE,INE386A01023
VETO,Veto Switchgears And Cables Limited,NSE,INE918N01018
VGCL,Vibrant Global Capital Limited,NSE,INE761Q01015
VGL,VARVEE GLOBAL LIMITED,NSE,INE273D01027
VGUARD,V-Guard Industries Limited,NSE,INE951I01027
VHL,Vardhman Holdings Limited,NSE,INE701A01023
VHLTD,Viceroy Hotels Limited,NSE,INE048C01025
VIDHIING,Vidhi Specialty Food Ingredients Limited,NSE,INE632C01026
VIDYAWIRES,Vidya Wires Limited,NSE,INE14UN01029
VIJAYA,Vijaya Diagnostic Centre Limited,NSE,INE043W01024
VIJIFIN,Viji Finance Limited,NSE,INE159N01027
VIJSOLX,Vijay Solvex Limited,NSE,INE362D01010
VIKASECO,Vikas EcoTech Limited,NSE,INE806A01020
VIKASLIFE,Vikas Lifecare Limited,NSE,INE161L01027
VIKRAMSOLR,Vikram Solar Limited,NSE,INE078V01014
VIKRAN,Vikran Engineering Limited,NSE,INE01R501028
VIMTALABS,Vimta Labs Limited,NSE,INE579C01029
VINATIORGA,Vinati Organics Limited,NSE,INE410B01037
VINCOFE,Vintage Coffee And Beverages Limited,NSE,INE498Q01014
VINDHYATEL,Vindhya Telelinks Limited,NSE,INE707A01012
VINEETLAB,Vineet Laboratories Limited,NSE,INE505Y01010
VINNY,Vinny Overseas Limited,NSE,INE01KI01027
VINYLINDIA,Vinyl Chemicals (India) Limited,NSE,INE250B01029
VIPCLOTHNG,VIP Clothing Limited,NSE,INE450G01024
VIPIND,VIP Industries Limited,NSE,INE054A01027
VIPULLTD,Vipul Limited,NSE,INE946H01037
VIRAT,Virat Industries Limited,NSE,INE467D01017
VIRINCHI,Virinchi Limited,NSE,INE539B01017
VIRTUALG,Virtual Global Education Limited,NSE,INE247C01023
VISACHROME,VISA Chrome Limited,NSE,INE286H01012
VISAKAIND,Visaka Industries Limited,NSE,INE392A01021
VISHAL,Vishal Fabrics Limited,NSE,INE755Q01025
VISHNU,Vishnu Chemicals Limited,NSE,INE270I01022
VISHWARAJ,Vishwaraj Sugar Industries Limited,NSE,INE430N01022
VISL,Vedanta Iron and Steel Limited,NSE,INE1CLE01013
VITAL,Vital Chemtech Limited,NSE,INE0L4K01016
VIVIANA,Viviana Power Tech Limited,NSE,INE0MEG01014
VIVIDHA,Visagar Polytex Limited,NSE,INE370E01029
VIVIMEDLAB,Vivimed Labs Limited,NSE,INE526G01021
VIVOBIOT,Vivo Bio Tech Limited,NSE,INE380K01017
VIYASH,Viyash Scientific Limited,NSE,INE807F01027
VLEGOV,VL E-Governance & IT Solutions Limited,NSE,INE03HW01020
VLSFINANCE,VLS Finance Limited,NSE,INE709A01018
VMART,V-Mart Retail Limited,NSE,INE665J01013
VMM,Vishal Mega Mart Limited,NSE,INE01EA01019
VMSTMT,VMS TMT Limited,NSE,INE0SJA01013
VOEPL,Virtuoso Optoelectronics Limited,NSE,INE0I0T01010
VOGL,Vedanta Oil and Gas Limited,NSE,INE704J01044
VOITHPAPR,Voith Paper Fabrics India Limited,NSE,INE285C01015
VOLTAMP,Voltamp Transformers Limited,NSE,INE540H01012
VOLTAS,Voltas Limited,NSE,INE226A01021
VPRPL,Vishnu Prakash R Punglia Limited,NSE,INE0AE001013
VRAJ,Vraj Iron and Steel Limited,NSE,INE0S2V01010
VRLLOG,VRL Logistics Limited,NSE,INE366I01010
VSSL,Vardhman Special Steels Limited,NSE,INE050M01012
VSTIND,VST Industries Limited,NSE,INE710A01016
VSTL,Vibhor Steel Tubes Limited,NSE,INE0QTF01015
VSTTILLERS,V.S.T Tillers Tractors Limited,NSE,INE764D01017
VTL,Vardhman Textiles Limited,NSE,INE825A01020
VTMLTD,VTM Limited,NSE,INE222F01029
WAAREEENER,Waaree Energies Limited,NSE,INE377N01017
WAAREEINDO,Indosolar Limited,NSE,INE866K01023
WAAREERTL,Waaree Renewable Technologies Limited,NSE,INE299N01021
WABAG,VA Tech Wabag Limited,NSE,INE956G01038
WAKEFIT,Wakefit Innovations Limited,NSE,INE0E7301029
WALCHANNAG,Walchandnagar Industries Limited,NSE,INE711A01022
WANBURY,Wanbury Limited,NSE,INE107F01022
WARDINMOBI,Wardwizard Innovations & Mobility Limited,NSE,INE945P01024
WATERBASE,Waterbase Limited,NSE,INE054C01015
WCIL,Western Carriers (India) Limited,NSE,INE0CJF01024
WEALTH,Wealth First Portfolio Managers Limited,NSE,INE658T01017
WEBELSOLAR,Websol Energy System Limited,NSE,INE855C01023
WEIZMANIND,Weizmann Limited,NSE,INE080A01014
WEL,Wonder Electricals Limited,NSE,INE02WG01024
WELCORP,Welspun Corp Limited,NSE,INE191B01025
WELENT,Welspun Enterprises Limited,NSE,INE625G01013
WELINV,Welspun Investments and Commercials Limited,NSE,INE389K01018
WELSPLSOL,Welspun Specialty Solutions Limited,NSE,INE731F01037
WELSPUNLIV,Welspun Living Limited,NSE,INE192B01031
WENDT,Wendt (India) Limited,NSE,INE274C01019
WESTLIFE,WESTLIFE FOODWORLD LIMITED,NSE,INE274F01020
WEWIN,WE WIN LIMITED,NSE,INE082W01014
WEWORK,WeWork India Management Limited,NSE,INE085001019
WHBRADY,WH Brady & Company Limited,NSE,INE855A01019
WHEELS,Wheels India Limited,NSE,INE715A01015
WHIRLPOOL,Whirlpool of India Limited,NSE,INE716A01013
WILLAMAGOR,Williamson Magor & Company Limited,NSE,INE210A01017
WINDLAS,Windlas Biotech Limited,NSE,INE0H5O01029
WINDMACHIN,Windsor Machines Limited,NSE,INE052A01021
WIPL,The Western India Plywoods Limited,NSE,INE215F01023
WIPRO,Wipro Limited,NSE,INE075A01022
WOCKPHARMA,Wockhardt Limited,NSE,INE049B01025
WONDERLA,Wonderla Holidays Limited,NSE,INE066O01014
WORTHPERI,Worth Peripherals Limited,NSE,INE196Y01018
WPIL,WPIL Limited,NSE,INE765D01022
WSI,W S Industries (I) Limited,NSE,INE100D01014
WSTCSTPAPR,West Coast Paper Mills Limited,NSE,INE976A01021
XCHANGING,Xchanging Solutions Limited,NSE,INE692G01013
XELPMOC,Xelpmoc Design And Tech Limited,NSE,INE01P501012
XPROINDIA,Xpro India Limited,NSE,INE445C01015
XTGLOBAL,Xtglobal Infotech Limited,NSE,INE547B01028
XTRANET,Xtranet Technologies Limited,NSE,INE0NG701011
YASHO,Yasho Industries Limited,NSE,INE616Z01012
YATHARTH,Yatharth Hospital & Trauma Care Services Limited,NSE,INE0JO301016
YATRA,Yatra Online Limited,NSE,INE0JR601024
YESBANK,Yes Bank Limited,NSE,INE528G01035
YOGI,Yogi Limited,NSE,INE290E01011
YUKEN,Yuken India Limited,NSE,INE384C01016
ZAGGLE,Zaggle Prepaid Ocean Services Limited,NSE,INE07K301024
ZEEL,Zee Entertainment Enterprises Limited,NSE,INE256A01028
ZEELEARN,Zee Learn Limited,NSE,INE565L01011
ZEEMEDIA,Zee Media Corporation Limited,NSE,INE966H01019
ZENITHEXPO,Zenith Exports Limited,NSE,INE058B01018
ZENITHSTL,Zenith Steel Pipes & Industries Limited,NSE,INE318D01020
ZENSARTECH,Zensar Technologies Limited,NSE,INE520A01027
ZENTEC,Zen Technologies Limited,NSE,INE251B01027
ZFCVINDIA,ZF Commercial Vehicle Control Systems India Limited,NSE,INE342J01019
ZFSTEERING,ZF Steering Gear (India) Limited,NSE,INE116C01012
ZIMLAB,Zim Laboratories Limited,NSE,INE518E01015
ZODIAC,Zodiac Energy Limited,NSE,INE761Y01019
ZODIACLOTH,Zodiac Clothing Company Limited,NSE,INE206B01013
ZOTA,Zota Health Care LImited,NSE,INE358U01012
ZSARACOM,Saraswati Commercial India Limited,NSE,INE967G01019
ZUARI,Zuari Agro Chemicals Limited,NSE,INE840M01016
ZUARIIND,ZUARI INDUSTRIES LIMITED,NSE,INE217A01012
ZYDUSLIFE,Zydus Lifesciences Limited,NSE,INE010B01027
ZYDUSWELL,Zydus Wellness Limited,NSE,INE768C01028
