ticker,name,exchange,yf_symbol
20MICRONS.NS,20 Microns Limited,NSE,20MICRONS.NS
21STCENMGM.NS,21st Century Management Services Limited,NSE,21STCENMGM.NS
360ONE.NS,360 ONE WAM LIMITED,NSE,360ONE.NS
3BBLACKBIO.NS,3B Blackbio Dx Limited,NSE,3BBLACKBIO.NS
3IINFOLTD.NS,3i Infotech Limited,NSE,3IINFOLTD.NS
3MINDIA.NS,3M India Limited,NSE,3MINDIA.NS
3PLAND.NS,3P Land Holdings Limited,NSE,3PLAND.NS
500012.BO,ANDHRA PETROCHEMICALS LTD.,BSE,ANDHRAPET.BO
500014.BO,UTIQUE ENTERPRISES LIMITED,BSE,UTIQUE.BO
500016.BO,ARUNA HOTELS LTD.,BSE,ARUNAHTEL.BO
500028.BO,ATV PROJECTS INDIA LTD.,BSE,ATVPR.BO
500058.BO,BIHAR SPONGE IRON LTD.,BSE,BIHSPONG.BO
500069.BO,QUEST CAPITAL MARKETS LIMITED,BSE,QUESTCAP.BO
500124.BO,DR.REDDYS LABORATORIES LTD.,BSE,DRREDDY.BO
500142.BO,FGP LTD.,BSE,FGP.BO
500143.BO,PH CAPITAL LTD.,BSE,PHCAP.BO
500166.BO,GOODRICKE GROUP LTD.,BSE,GOODRICKE.BO
500170.BO,GTN INDUSTRIES LTD.,BSE,GTNINDS.BO
500192.BO,PRAG BOSIMI SYNTHETICS LTD.,BSE,PRAGBOS.BO
500202.BO,INDIA LEASE DEVELOPMENT LTD.,BSE,INDLEASE.BO
500206.BO,MARGO FINANCE LIMITED,BSE,MARGOFIN.BO
500213.BO,INTERNATIONAL TRAVEL HOUSE LTD,BSE,ITHL.BO
500220.BO,JASCH INDUSTRIES LTD.,BSE,JASCH.BO
500231.BO,UMANG DAIRIES LTD.,BSE,UMANGDAIRY.BO
500236.BO,KANEL INDUSTRIES LIMITED,BSE,KANELIND.BO
500239.BO,KG DENIM LTD.,BSE,KGDENIM.BO
500240.BO,KINETIC ENGINEERING LTD.,BSE,KINETICENG.BO
500246.BO,ENVAIR ELECTRODYNE LTD.,BSE,ENVAIREL.BO
500248.BO,KRISHNA FILAMENT INDUSTRIES LI,BSE,KRIFILIND.BO
500270.BO,BARODA RAYON CORPORATION LTD.,BSE,BARODARY.BO
500277.BO,MID INDIA INDUSTRIES LTD.,BSE,MIDINDIA.BO
500285.BO,SPICEJET LTD.,BSE,SPICEJET.BO
500298.BO,Naperol Investments Limited,BSE,NAPEROL.BO
500302.BO,PIRAMAL ENTERPRISES LTD.,BSE,PEL.BO
500319.BO,INDIAN SUCROSE LTD.,BSE,INDSUCR.BO
500322.BO,PANYAM CEMENTS & MINERAL INDUS,BSE,PANCM.BO
500346.BO,PUNJAB COMMUNICATIONS LTD.,BSE,PUNJCOMMU.BO
500357.BO,RAMA PAPER MILLS LTD.,BSE,RAMAPPR-B.BO
500360.BO,RAPICUT CARBIDES LTD.,BSE,RAPICUT.BO
500370.BO,SALORA INTERNATIONAL LTD.,BSE,SALORAINTL.BO
500388.BO,SHREE KRISHNA PAPER MILLS & IN,BSE,SKPMIL.BO
500421.BO,TPI INDIA LTD.,BSE,TPINDIA.BO
500422.BO,TRANSCHEM LTD.,BSE,TRANSCHEM.BO
500426.BO,UTL INDUSTRIES LIMITED,BSE,UTLINDS.BO
500449.BO,HINDUSTAN ORGANIC CHEMICALS LT,BSE,HOCL.BO
500450.BO,MPIL CORPORATION LTD.,BSE,MPILCORPL.BO
500458.BO,Kore Foods Limited,BSE,KORE.BO
500500.BO,HINDUSTAN MOTORS LTD.,BSE,HINDMOTORS.BO
501148.BO,DALAL STREET INVESTMENTS LTD.,BSE,DSINVEST.BO
501301.BO,TATA INVESTMENT CORPORATION LT,BSE,TATAINVEST.BO
501311.BO,JAYABHARAT CREDIT LTD.,BSE,JAYBHCR.BO
501370.BO,WALCHAND PEOPLEFIRST LTD.,BSE,WALCHPF.BO
501430.BO,BOMBAY CYCLE & MOTOR AGENCY LT,BSE,BOMBCYC.BO
501477.BO,MULLER & PHIPPS (INDIA) LTD.,BSE,MULLER.BO
501622.BO,AMALGAMATED ELECTRICITY CO.LTD,BSE,AMALGAM.BO
501700.BO,INDIANIVESH LTD.,BSE,INDIANVSH.BO
501833.BO,CHOWGULE STEAMSHIPS LTD.,BSE,CHOWGULSTM.BO
501848.BO,GLOBAL OFFSHORE SERVICES LTD.,BSE,GLOBOFFS.BO
502015.BO,ASI INDUSTRIES LIMITED,BSE,ASIIL.BO
502133.BO,HEMADRI CEMENTS LTD.,BSE,HEMACEM.BO
502250.BO,LERTHAI FINANCE LIMITED,BSE,LERTHAI.BO
502281.BO,TRIVENI GLASS LTD.,BSE,TRIVENIGQ.BO
502294.BO,NILACHAL REFRACTORIES LTD.,BSE,NILACHAL.BO
502445.BO,CITADEL REALTY AND DEVELOPERS,BSE,CITADEL.BO
502587.BO,NATH INDUSTRIES LIMITED,BSE,NATHIND.BO
502589.BO,VAPI ENTERPRISE LIMITED,BSE,VAPIENTER.BO
502865.BO,FORBES & COMPANY LTD.,BSE,FORBESCO.BO
502873.BO,H.P.COTTON TEXTILE MILLS LTD.,BSE,HPCOTTON.BO
502893.BO,UNITED INTERACTIVE LTD.,BSE,UNITEDINT.BO
502901.BO,JAMSHRI REALTY LIMITED,BSE,JAMSHRI.BO
502933.BO,KATARE SPINNING MILLS LTD.,BSE,KATRSPG.BO
503092.BO,PASUPATI SPG.& WVG.MILLS LTD.,BSE,PASUSPG.BO
503127.BO,RAJA BAHADUR INTERNATIONAL LTD,BSE,RAJABAH.BO
503349.BO,VICTORIA MILLS LTD.,BSE,VICTMILL.BO
503624.BO,SVARAJ TRADING & AGENCIES LTD.,BSE,ZSVARAJT.BO
503641.BO,ZODIAC VENTURES LIMITED,BSE,ZODIACVEN.BO
503657.BO,VEER ENERGY & INFRASTRUCTURE L,BSE,VEERENRGY.BO
503659.BO,SW INVESTMENTS LTD,BSE,SW1.BO
503663.BO,Tilak Ventures Limited,BSE,TILAK.BO
503669.BO,K K Fincorp Limited,BSE,KKFIN.BO
503675.BO,WAGEND INFRA VENTURE LIMITED,BSE,WAGEND.BO
503685.BO,MEDIAONE GLOBAL ENTERTAINMENT,BSE,MEDIAONE.BO
503772.BO,MODELLA WOOLLENS LTD.,BSE,MODWOOL.BO
503776.BO,MODIPON LTD.,BSE,MODIPON.BO
503804.BO,SHRI DINESH MILLS LTD.,BSE,SHRIDINE.BO
503816.BO,SWADESHI POLYTEX LTD.,BSE,SWADPOL.BO
503863.BO,SHREE MANUFACTURING CO.LTD.,BSE,SHRMFGC.BO
504028.BO,GEE LTD.,BSE,GEE.BO
504076.BO,JYOTI LTD.,BSE,JYOTI.BO
504080.BO,JSL INDUSTRIES LTD.,BSE,JSLINDL.BO
504084.BO,KAYCEE INDUSTRIES LTD.,BSE,KAYCEEI.BO
504093.BO,PANASONIC ENERGY INDIA COMPANY,BSE,PANAENERG.BO
504176.BO,HIGH ENERGY BATTERIES (INDIA),BSE,HIGHENE.BO
504180.BO,STANDARD BATTERIES LTD.,BSE,STDBAT.BO
504240.BO,DELTON CABLES LTD.,BSE,DLTNCBL.BO
504258.BO,LAKSHMI ELECTRICAL CONTROL SYS,BSE,LAKSELEC.BO
504273.BO,MODULEX CONSTRUCTION TECHNOLOG,BSE,MODULEX.BO
504340.BO,CONFIDENCE FINANCE AND TRADING,BSE,CONFINT.BO
504356.BO,MULTIPURPOSE TRADING & AGENCIE,BSE,ZMULTIPU.BO
504369.BO,GRANDMA TRADING & AGENCIES LTD,BSE,GRANDMA.BO
504378.BO,NYSSA CORPORATION LIMITED,BSE,NYSSACORP.BO
504380.BO,FLOMIC GLOBAL LOGISTICS LIMITE,BSE,FLOMIC.BO
504392.BO,KRISHNA VENTURES LIMITED,BSE,KRISHNA.BO
504397.BO,GANESH HOLDINGS LTD.,BSE,GANHOLD.BO
504605.BO,UNI ABEX ALLOY PRODUCTS LTD.,BSE,UNIABEXAL.BO
504646.BO,BHAGWATI AUTOCAST LTD.,BSE,BGWTATO.BO
504648.BO,BOMBAY WIRE ROPES LTD.,BSE,BOMBWIR.BO
504810.BO,INFORMED TECHNOLOGIES INDIA LT,BSE,INFORTEC.BO
504840.BO,KAIRA CAN CO.LTD.,BSE,KAIRA.BO
504903.BO,RATHI STEEL & POWER LTD.,BSE,RATHIST.BO
504908.BO,Duncan Engineering Limited,BSE,DUNCANENG.BO
504959.BO,STOVEC INDUSTRIES LTD.,BSE,STOVACQ.BO
504961.BO,TAYO ROLLS LTD.,BSE,TATAYODOGA.BO
504988.BO,WELCAST STEELS LTD.,BSE,ZWELCAST.BO
505212.BO,JAINEX AAMCOL LTD.,BSE,JAINEX.BO
505250.BO,G. G. Dandekar Properties Limi,BSE,GGDPROP.BO
505283.BO,KIRLOSKAR PNEUMATIC CO.LTD.,BSE,KIRLPNU.BO
505299.BO,KPT INDUSTRIES LIMITED,BSE,KPT.BO
505302.BO,LAKSHMI AUTOMATIC LOOM WORKS L,BSE,LXMIATO.BO
505336.BO,HARSHIL AGROTECH LIMITED,BSE,HARSHILAGR.BO
505343.BO,MONOTYPE INDIA LTD.,BSE,MONOT.BO
505358.BO,INTEGRA ENGINEERING INDIA LTD.,BSE,INTEGRAEN.BO
505502.BO,PS IT INFRASTRUCTURE & SERVICE,BSE,PSITINFRA.BO
505515.BO,SHYAMKAMAL INVESTMENTS LTD.,BSE,SHYMINV.BO
505523.BO,MAHARASHTRA CORPORATION LTD.,BSE,MAHACORP.BO
505650.BO,SKYLINE MILLARS LTD.,BSE,SKYLMILAR.BO
505690.BO,BRADY & MORRIS ENGINEERING CO.,BSE,BRADYM.BO
505693.BO,La Tim Metal & Industries Limi,BSE,LATIMMETAL.BO
505700.BO,ELECON ENGINEERING CO.LTD.,BSE,ELECON.BO
505703.BO,DECCAN BEARINGS LTD.,BSE,DECANBRG.BO
505712.BO,HIM TEKNOFORGE LIMITED,BSE,HIMTEK.BO
505720.BO,HERCULES HOISTS LTD.,BSE,HERCULES.BO
505737.BO,INTERNATIONAL COMBUSTION (INDI,BSE,INTLCOMBQ.BO
505750.BO,JOSTS ENGINEERING CO.LTD.,BSE,JOSTS.BO
505797.BO,MIPCO SEAMLESS RINGS (GUJARAT),BSE,MPCOSEMB.BO
505827.BO,SNL BEARINGS LTD.,BSE,SNL.BO
505840.BO,JAIPAN INDUSTRIES LTD.,BSE,JAIPAN.BO
505893.BO,HINDUSTAN HARDY LIMITED,BSE,HINDHARD.BO
506003.BO,SUDAL INDUSTRIES LTD.,BSE,SUDAI.BO
506105.BO,STANROSE MAFATLAL INVESTMENTS,BSE,STANROS.BO
506122.BO,Pankaj Piyush Trade & Inv. Ltd,BSE,PANKAJPIYUS.BO
506134.BO,GOURMET GATEWAY INDIA LIMITED,BSE,GOURMET.BO
506186.BO,GALAXY CLOUD KITCHENS LIMITED,BSE,GCKL.BO
506365.BO,CHEMO PHARMA LABORATORIES LTD.,BSE,CHEMOPH.BO
506520.BO,JAYSHREE CHEMICALS LTD.,BSE,JAYCH.BO
506528.BO,KELTECH ENERGIES LTD.,BSE,KELENRG.BO
506543.BO,M.P.AGRO INDUSTRIES LTD.,BSE,MPAGI.BO
506579.BO,ORIENTAL CARBON & CHEMICALS LT,BSE,OCCL.BO
506605.BO,POLYCHEM LTD.,BSE,POLYCHEM.BO
506640.BO,GUJCHEM DISTILLERS INDIA LTD.,BSE,GUJCMDS.BO
506854.BO,TANFAC INDUSTRIES LTD.,BSE,TANFACIND.BO
506858.BO,GUJARAT PETROSYNTHESE LTD.,BSE,GUJPETR.BO
506906.BO,Saptak Chem And Business Limit,BSE,SCBL.BO
506935.BO,CONTINENTAL CHEMICALS LTD.,BSE,CONTCHM.BO
506943.BO,J.B.CHEMICALS & PHARMACEUTICAL,BSE,JBCHEPHARM.BO
506979.BO,APT PACKAGING LTD.,BSE,APTPACK.BO
506981.BO,BLUE CHIP TEX INDUSTRIES LTD.,BSE,BLUECHIPT.BO
507155.BO,JAGATJIT INDUSTRIES LTD.,BSE,JAGAJITIND.BO
507180.BO,KESAR ENTERPRISES LTD.,BSE,KESARENT.BO
507265.BO,Emerald Leisures Limited,BSE,EMERALL.BO
507300.BO,The Ravalgaon Sugar Farm Limit,BSE,RAVALSUGAR.BO
507474.BO,KOTHARI FERMENTATION & BIOCHEM,BSE,KFBL.BO
507486.BO,CAPROLACTAM CHEMICALS LTD.,BSE,CAPRO.BO
507498.BO,PICCADILY SUGAR & ALLIED INDUS,BSE,PICCASUG.BO
507515.BO,C.J.GELATINE PRODUCTS LTD.,BSE,CJGEL.BO
507598.BO,KOVILPATTI LAKSHMI ROLLER FLOU,BSE,KLRFM.BO
507609.BO,OLYMPIC OIL INDUSTRIES LTD.,BSE,OLYOI.BO
507645.BO,POLSON LTD.,BSE,POLSON.BO
507690.BO,ORIENT BEVERAGES LTD.,BSE,ORIBEVER.BO
507759.BO,LIME CHEMICALS LTD.,BSE,LIMECHM.BO
507813.BO,NATIONAL OXYGEN LTD.,BSE,NOL.BO
507817.BO,WIRES & FABRIKS (SA) LTD.,BSE,WIREFABR.BO
507828.BO,ANSAL HOUSING LIMITED,BSE,ANSALHSG.BO
507833.BO,COMPUTER POINT LTD.,BSE,COMPUPN.BO
507872.BO,ASHNOOR TEXTILE MILLS LTD.,BSE,ASHNOOR.BO
507946.BO,KIDUJA INDIA LTD.,BSE,KIDUJA.BO
507948.BO,KEY CORP LTD.,BSE,KEYCORP.BO
507960.BO,GUJARAT HOTELS LTD.,BSE,GUJHOTE.BO
507966.BO,RAS RESORTS & APART HOTELS LTD,BSE,RASRESOR.BO
507970.BO,PARAMOUNT COSMETICS (INDIA) LT,BSE,PARMCOS-B.BO
507981.BO,JINDAL HOTELS LTD.,BSE,JINDHOT.BO
507998.BO,SIMMONDS MARSHALL LTD.,BSE,SIMMOND.BO
508494.BO,WARREN TEA LTD.,BSE,WARRENTEA.BO
508571.BO,COCHIN MALABAR ESTATES & INDUS,BSE,COCHMAL.BO
508664.BO,BEST EASTERN HOTELS LTD.,BSE,BESTEAST.BO
508875.BO,Nitin Castings Limited,BSE,NITINCAST.BO
508905.BO,SMIFS CAPITAL MARKETS LTD.,BSE,SMIFS.BO
508918.BO,IRONWOOD EDUCATION LIMITED,BSE,IRONWOOD.BO
508922.BO,MSR INDIA LTD.,BSE,MSRINDIA.BO
508941.BO,PANASONIC CARBON INDIA CO.LTD.,BSE,PANCARBON.BO
508956.BO,HB LEASING & FINANCE CO.LTD.,BSE,HBLEAS.BO
508969.BO,SULABH ENGINEERS & SERVICES LT,BSE,SULABEN.BO
508980.BO,FRONTIER CAPITAL LIMITED,BSE,FRONTCAP.BO
509015.BO,THAKRAL SERVICES (INDIA) LTD.,BSE,THAKRAL.BO
509026.BO,VJTF EDUSERVICES LTD.,BSE,VJTFEDU.BO
509038.BO,VOLTAIRE LEASING & FINANCE LTD,BSE,VOLLF.BO
509040.BO,NETLINK SOLUTIONS (INDIA) LTD.,BSE,NETLINK.BO
509051.BO,INDIAN INFOTECH & SOFTWARE LTD,BSE,INDINFO.BO
509053.BO,BANAS FINANCE LTD.,BSE,BANASFN.BO
509073.BO,HATHWAY BHAWANI CABLETEL & DAT,BSE,HATHWAYB.BO
509162.BO,INDAG RUBBER LTD.,BSE,INDAG.BO
509196.BO,MM RUBBER COMPANY LTD.,BSE,MMRUBBR-B.BO
509423.BO,SANATHNAGAR ENTERPRISES LIMITE,BSE,SEL.BO
509449.BO,BHAGWATI OXYGEN LTD.,BSE,BHAGWOX.BO
509470.BO,BOMBAY OXYGEN INVESTMENTS LIMI,BSE,BOMOXY-B1.BO
509486.BO,CAPRIHANS INDIA LTD.,BSE,CAPRIHANS.BO
509563.BO,GARWARE MARINE INDUSTRIES LTD.,BSE,GARWAMAR.BO
509597.BO,HARDCASTLE & WAUD MFG.CO.LTD.,BSE,HARDCAS.BO
509631.BO,HEG LTD.,BSE,HEG.BO
509760.BO,MODERN SHARES & STOCKBROKERS L,BSE,MODRNSH.BO
509835.BO,PREMIER SYNTHETICS LTD.,BSE,PREMSYN.BO
509887.BO,SINNAR BIDI UDYOG LTD.,BSE,SINNAR.BO
509895.BO,HINDOOSTAN MILLS LTD.,BSE,HINDMILL.BO
510245.BO,SWASTI VINAYAKA SYNTHETICS LTD,BSE,SWASTIVI.BO
511000.BO,MADHUSUDAN SECURITIES LTD.,BSE,MADHUSE.BO
511012.BO,YAMINI INVESTMENTS COMPANY LTD,BSE,YAMNINV.BO
511016.BO,PREMIER CAPITAL SERVICES LTD.,BSE,PREMCAP.BO
511018.BO,MILGREY FINANCE & INVESTMENT L,BSE,ZMILGFIN.BO
511066.BO,SAKTHI FINANCE LTD.,BSE,SAKTHIFIN.BO
511092.BO,JMD Ventures Limited,BSE,JMDVL.BO
511110.BO,V.B.DESAI FINANCIAL SERVICES L,BSE,VBDESAI.BO
511116.BO,QUADRANT TELEVENTURES LIMITED,BSE,QUADRANT.BO
511122.BO,FIRST CUSTODIAN FUND (INDIA) L,BSE,1STCUS.BO
511147.BO,WSFX Global Pay Limited,BSE,WSFX.BO
511153.BO,Anjani Foods Limited,BSE,ANJANIFOODS.BO
511187.BO,Millennium Online Solutions (I,BSE,MILLENNIUM.BO
511200.BO,MUNOTH CAPITAL MARKET LTD.,BSE,MUNCAPM.BO
511246.BO,BOMBAY TALKIES LIMITED,BSE,BOMTALKIES.BO
511355.BO,INDIA CEMENTS CAPITAL LTD.,BSE,INDCEMCAP.BO
511359.BO,AD-MANUM FINANCE LTD.,BSE,ADMANUM.BO
511377.BO,MEHTA INTEGRATED FINANCE LTD.,BSE,MEHIF.BO
511391.BO,INTER GLOBE FINANCE LTD.,BSE,INTRGLB.BO
511401.BO,MUNOTH COMMUNICATION LIMITED,BSE,MCLTD.BO
511411.BO,SHRISTI INFRASTRUCTURE DEVELOP,BSE,SHRISTI.BO
511441.BO,GUJARAT CREDIT CORPORATION LTD,BSE,GUJCRED.BO
511447.BO,SYLPH TECHNOLOGIES LTD.,BSE,SYLPH.BO
511451.BO,DHARANI FINANCE LTD.,BSE,DHARFIN.BO
511463.BO,Alexander Stamps And Coin Limi,BSE,ALEXANDER.BO
511493.BO,SHRYDUS INDUSTRIES LIMITED,BSE,SHRYDUS.BO
511501.BO,BHARAT BHUSHAN SHARE & COMMODI,BSE,BHARAT.BO
511507.BO,USHAKIRAN FINANCE LTD.,BSE,USHAKIRA.BO
511523.BO,VEERHEALTH CARE LIMITED,BSE,VEERHEALTH.BO
511525.BO,PAN INDIA CORPORATION LTD.,BSE,PANINDIAC.BO
511533.BO,SAHARA HOUSINGFINA CORPORATION,BSE,SAHARAHOUS.BO
511535.BO,NDA SECURITIES LTD.,BSE,NDASEC.BO
511543.BO,GSB FINANCE LTD.,BSE,GSBFIN.BO
511549.BO,MORARKA FINANCE LTD.,BSE,MORARKFI.BO
511557.BO,PRO FIN CAPITAL SERVICES LTD.,BSE,PROFINC.BO
511563.BO,SANCHAY FINVEST LTD.,BSE,SANCF.BO
511571.BO,SOM DATT FINANCE CORPORATION L,BSE,SODFC.BO
511585.BO,REGENCY TRUST LTD.,BSE,REGTRUS.BO
511593.BO,LIBORD FINANCE LTD,BSE,LIBORDFIN.BO
511601.BO,YASH MANAGEMENT & SATELLITE LT,BSE,YASHMGM.BO
511609.BO,ISL CONSULTING LTD.,BSE,ISLCONSUL.BO
511626.BO,RR FINANCIAL CONSULTANTS LTD.,BSE,RRFIN.BO
511628.BO,IM+ CAPITALS LIMITED,BSE,IMCAP.BO
511654.BO,SUGAL & DAMANI SHARE BROKERS L,BSE,SUGALDAM.BO
511658.BO,NETTLINX LTD.,BSE,NETTLINX.BO
511664.BO,BGIL FILMS & TECHNOLOGIES LTD.,BSE,BGIL.BO
511688.BO,MATHEW EASOW RESEARCH SECURITI,BSE,MATHEWE.BO
511692.BO,AJCON GLOBAL SERVICES LTD.,BSE,AJCON.BO
511700.BO,STANDARD CAPITAL MARKETS LTD.,BSE,STANCAP.BO
511710.BO,CUBICAL FINANCIAL SERVICES LTD,BSE,CUBIFIN.BO
511712.BO,RELIC TECHNOLOGIES LTD.,BSE,RELICTEC.BO
511716.BO,Invigorated Business Consultin,BSE,INVIGO.BO
511728.BO,K.Z.LEASING & FINANCE LTD.,BSE,KZLFIN.BO
511734.BO,PASUPATI FINCAP LTD.,BSE,PASUFIN.BO
511738.BO,MEHTA SECURITIES LTD.,BSE,MEHSECU.BO
511740.BO,MEHTA HOUSING FINANCE LTD.,BSE,MEHTAHG.BO
511756.BO,ABIRAMI FINANCIAL SERVICES (IN,BSE,ABIRAFN.BO
511758.BO,MANSI FINANCE (CHENNAI) LTD.,BSE,MANSIFIN.BO
511760.BO,SEVEN HILL INDUSTRIES LIMITED,BSE,SEVENHILL.BO
511764.BO,Aastamangalam Finance Limited,BSE,AASTAFIN.BO
512014.BO,SOBHAGYA MERCHANTILE LTD.,BSE,SOBME.BO
512018.BO,CNI RESEARCH LTD.,BSE,CNIRESLTD.BO
512036.BO,KAPIL COTEX LTD.,BSE,KAPILCO.BO
512047.BO,ROYAL INDIA CORPORATION LIMITE,BSE,ROYALIND.BO
512048.BO,Luharuka Media & Infra Limited,BSE,LUHARUKA.BO
512064.BO,VISHVPRABHA VENTURES LIMITED,BSE,VISVEN.BO
512093.BO,CRANES SOFTWARE INTERNATIONAL,BSE,CRANESSOFT.BO
512097.BO,SAIANAND COMMERCIAL LIMITED,BSE,SAICOM.BO
512099.BO,EYANTRA VENTURES LIMITED,BSE,EY.BO
512103.BO,NIDHI GRANITES LTD.,BSE,NIDHGRN.BO
512115.BO,ROSE MERC.LTD.,BSE,ROSEMER.BO
512169.BO,CAPRICORN SYSTEMS GLOBAL SOLUT,BSE,CAPRICORN.BO
512175.BO,VAMA INDUSTRIES LTD.,BSE,VAMA.BO
512217.BO,PRISM MEDICO AND PHARMACY LTD.,BSE,PRISMMEDI.BO
512229.BO,VERITAS (INDIA) LTD.,BSE,VERITAS.BO
512247.BO,ASHIRWAD CAPITAL LTD.,BSE,ASHCAP.BO
512257.BO,SWASTI VINAYAKA ART AND HERITA,BSE,SVARTCORP.BO
512297.BO,Shantai Industries Limited,BSE,SHANTAI.BO
512301.BO,CHAMBAL BREWERIES & DISTILLERI,BSE,CHMBBRW.BO
512344.BO,ARAVALI SECURITIES & FINANCE L,BSE,ARAVALIS.BO
512399.BO,SERA INVESTMENTS & FINANCE IND,BSE,SERA.BO
512415.BO,MERCURY TRADE LINKS LTD.,BSE,MERCTRD.BO
512425.BO,NIRAV COMMERCIALS LTD.,BSE,NIRAVCOM.BO
512437.BO,APOLLO FINVEST (INDIA) LTD.,BSE,APOLLOFI.BO
512441.BO,Enbee Trade &amp; Finance Ltd,BSE,ENBETRD.BO
512443.BO,Ganon Products Limited,BSE,GANONPRO.BO
512477.BO,BETEX INDIA LTD.,BSE,BETXIND.BO
512489.BO,OASIS SECURITIES LTD.,BSE,OASISEC.BO
512493.BO,GARNET INTERNATIONAL LTD.,BSE,GARNETINT.BO
512499.BO,SHALIMAR PRODUCTIONS LTD.,BSE,SHALPRO.BO
512527.BO,SUPER SALES INDIA LTD.,BSE,SUPER.BO
512565.BO,NEELKANTH LIMITED,BSE,NEELKANTH.BO
512587.BO,ZODIAC-JRD-MKJ LTD.,BSE,ZODJRDMKJ.BO
512589.BO,SITA ENTERPRISES LTD.,BSE,SITAENT.BO
512591.BO,PULSAR INTERNATIONAL LTD.,BSE,PULSRIN.BO
512595.BO,Manbro Industries Limited,BSE,MANBRO.BO
512600.BO,ASTAL LABORATORIES LIMITED,BSE,ASTALLTD.BO
512604.BO,HARIA EXPORTS LTD.,BSE,HARIAEXPO.BO
512618.BO,RLF LTD.,BSE,RLF.BO
512624.BO,Regent Enterprises Limited,BSE,REGENTRP.BO
512634.BO,SAVERA INDUSTRIES LTD.,BSE,SAVERA.BO
513005.BO,Chrome Silicon Limited,BSE,CHROME.BO
513043.BO,REMI EDELSTAHL TUBULARS LIMITE,BSE,REMIEDEL.BO
513059.BO,G.S.AUTO INTERNATIONAL LTD.,BSE,GSAUTO.BO
513063.BO,TRANS-FREIGHT CONTAINERS LTD.,BSE,TRANSFRE.BO
513117.BO,AMFORGE INDUSTRIES LTD.,BSE,AMFORG.BO
513149.BO,ACROW INDIA LTD.,BSE,ACROW.BO
513252.BO,JAY USHIN LTD.,BSE,JAYUSH.BO
513303.BO,MODERN STEELS LTD.,BSE,MDRNSTL.BO
513307.BO,SYNTHIKO FOILS LTD.,BSE,SYNTHFO.BO
513309.BO,Golkonda Aluminium Extrusions,BSE,GOLKONDA.BO
513337.BO,GUJARAT TOOLROOM LTD.,BSE,GUJTLRM.BO
513349.BO,AJMERA REALTY & INFRA INDIA LT,BSE,AJMERA.BO
513353.BO,COCHIN MINERALS & RUTILE LTD.,BSE,COCHINM.BO
513361.BO,INDIA STEEL WORKS LTD.,BSE,ISWL.BO
513369.BO,KRISHANVEER FORGE LIMITED,BSE,KVFORGE.BO
513397.BO,VALLABH STEELS LTD.,BSE,VALLABHSQ.BO
513401.BO,ASHIANA ISPAT LTD.,BSE,ASHIS.BO
513403.BO,P.M.TELELINNKS LTD.,BSE,PMTELELIN.BO
513418.BO,SMITHS & FOUNDERS (INDIA) LIMI,BSE,SMFIL.BO
513422.BO,BLOOM INDUSTRIES LTD.,BSE,BLOIN.BO
513430.BO,Maitri Enterprises Limited,BSE,MAITRI.BO
513452.BO,ELANGO INDUSTRIES LTD.,BSE,ELANGO.BO
513456.BO,KANISHK STEEL INDUSTRIES LTD.,BSE,KANSHST.BO
513472.BO,SIMPLEX CASTINGS LTD.,BSE,SIMPLEXCAS.BO
513488.BO,SHREE STEEL WIRE ROPES LTD.,BSE,SSWRL.BO
513496.BO,SIZEMASTERS TECHNOLOGY LIMITED,BSE,SIZEMASTER.BO
513498.BO,SOUTHERN MAGNESIUM & CHEMICALS,BSE,SOUTHMG.BO
513502.BO,BARODA EXTRUSION LTD.,BSE,BAROEXT.BO
513507.BO,GUJARAT CONTAINERS LTD.,BSE,GUJCONT.BO
513513.BO,ADITYA ISPAT LTD.,BSE,ADITYA.BO
513515.BO,S.R.INDUSTRIES LTD.,BSE,SRIND.BO
513528.BO,GLITTEK GRANITES LTD.,BSE,GLITTEKG.BO
513548.BO,SHARDA ISPAT LTD.,BSE,SHRDAIS.BO
513566.BO,NOVA IRON & STEEL LTD.,BSE,NOVIS.BO
513575.BO,STERLING POWERGENSYS LTD,BSE,STERPOW.BO
513579.BO,FOUNDRY FUEL PRODUCTS LTD.,BSE,FFPL.BO
513629.BO,TULSYAN NEC LTD.,BSE,TULSYAN.BO
513642.BO,AXEL POLYMERS LTD.,BSE,AXELPOLY.BO
513687.BO,SPECTRA INDUSTRIES LTD.,BSE,SPECTRA.BO
513693.BO,KIC METALIKS LTD.,BSE,KAJARIR.BO
513699.BO,SOLID STONE COMPANY LTD.,BSE,SOLIDSTON.BO
513713.BO,White Organic Agro Limited,BSE,WHITEORG.BO
513721.BO,MFS INTERCORP LTD.,BSE,MFSINTRCRP.BO
514010.BO,RUDRA ECOVATION LIMITED,BSE,RUDRAECO.BO
514028.BO,RAJKAMAL SYNTHETICS LTD.,BSE,RAJKSYN.BO
514030.BO,DEEPAK SPINNERS LTD.,BSE,DEEPAKSP.BO
514060.BO,MARKOBENZ VENTURES LIMITED,BSE,MARKOBENZ.BO
514113.BO,ADINATH TEXTILES LTD.,BSE,ADINATH.BO
514128.BO,KONARK SYNTHETIC LTD.,BSE,KONARKSY.BO
514140.BO,SURYAVANSHI SPINNING MILLS LTD,BSE,SURYVANSP.BO
514165.BO,INDIAN ACRYLICS LTD.,BSE,INDIANACRY.BO
514171.BO,CEETA INDUSTRIES LTD.,BSE,CEETAIN.BO
514197.BO,S&T CORPORATION LTD.,BSE,STCORP.BO
514223.BO,RAMGOPAL POLYTEX LTD.,BSE,RAMGOPOLY.BO
514238.BO,MKVENTURES CAPITAL LIMITED,BSE,MKVENTURES.BO
514240.BO,Kush Industries Limited,BSE,KUSHIND.BO
514248.BO,SREECHEM RESINS LTD.,BSE,SRECR.BO
514264.BO,SEASONS TEXTILES LTD.,BSE,SEASONST.BO
514266.BO,ZENITH FIBRES LTD.,BSE,ZENIFIB.BO
514272.BO,BHILWARA SPINNERS LTD.,BSE,BHILSPIN.BO
514274.BO,AARVEE DENIMS & EXPORTS LTD.,BSE,AARVEEDEN.BO
514280.BO,SANRHEA TECHNICAL TEXTILES LTD,BSE,SANTETX.BO
514302.BO,VIPPY SPINPRO LTD.,BSE,VIPPYSP.BO
514312.BO,JAIHIND SYNTHETICS LTD.,BSE,JAIHINDS.BO
514316.BO,RAGHUVIR SYNTHETICS LTD.,BSE,RAGHUSYN.BO
514318.BO,JATTASHANKAR INDUSTIES LTD.,BSE,JATTAINDUS.BO
514322.BO,KAMADGIRI FASHION LTD.,BSE,KAMADGIRI.BO
514324.BO,OMNITEX INDUSTRIES (INDIA) LTD,BSE,OMNITEX.BO
514326.BO,PATSPIN INDIA LTD.,BSE,PATSPINLTD.BO
514332.BO,NEO INFRACON LTD.,BSE,NEOINFRA.BO
514348.BO,WINSOME YARNS LTD.,BSE,WINSOME.BO
514358.BO,EVERLON FINANCIALS LIMITED,BSE,EVERFIN.BO
514360.BO,K&R RAIL ENGINEERING LIMITED,BSE,KRRAIL.BO
514378.BO,YARN SYNDICATE LTD.,BSE,YARNSYN.BO
514386.BO,GUJARAT COTEX LTD.,BSE,GUJCOTEX.BO
514400.BO,GARWARE SYNTHETICS LTD.,BSE,GARWSYN.BO
514402.BO,ECO HOTELS AND RESORTS LIMITED,BSE,ECOHOTELS.BO
514412.BO,SARUP INDUSTRIES LTD.,BSE,SARUPINDUS.BO
514454.BO,SOUTHERN LATEX LTD.,BSE,SOUTLAT.BO
514460.BO,OSWAL YARNS LTD.,BSE,OSWAYRN.BO
514470.BO,WINSOME TEXTILE INDUSTRIES LTD,BSE,WINSOMTX.BO
515008.BO,MODERN INSULATORS LTD.,BSE,MODINSU.BO
515059.BO,MADHUSUDAN INDUSTRIES LTD.,BSE,MADHUDIN.BO
515085.BO,RESTILE CERAMICS LTD.,BSE,RESTILE.BO
515127.BO,Ramasigns Industries Limited,BSE,RAMASIGNS.BO
516003.BO,DUROPLY INDUSTRIES LIMITED,BSE,DUROPLY.BO
516020.BO,AGIO PAPER & INDUSTRIES LTD.,BSE,AGIOPAPER.BO
516032.BO,TAHMAR ENTERPRISES LIMITED,BSE,TAHMARENT.BO
516038.BO,SOMA PAPERS & INDUSTRIES LTD.,BSE,SOMAPPR.BO
516062.BO,NATIONAL PLYWOOD INDUSTRIES LT,BSE,NATPLY.BO
516078.BO,JUMBO BAG LTD.,BSE,JUMBO.BO
516096.BO,SANGAL PAPERS LTD.,BSE,SANPA.BO
516098.BO,VENTURA TEXTILES LTD.,BSE,VENTURA.BO
516106.BO,SHREE KARTHIK PAPERS LTD.,BSE,SHKARTP.BO
516108.BO,SOUTH INDIA PAPER MILLS LTD.,BSE,STHINPA.BO
516110.BO,FAMILY CARE HOSPITALS LIMITED,BSE,FAMILYCARE.BO
517044.BO,INTERNATIONAL DATA MANAGEMENT,BSE,IDM.BO
517063.BO,JETKING INFOTRAIN LTD.,BSE,JETKINGQ.BO
517096.BO,APLAB LTD.,BSE,APLAB.BO
517119.BO,PCS TECHNOLOGY LTD.,BSE,PCS.BO
517166.BO,SPEL SEMICONDUCTOR LTD.,BSE,SPELS.BO
517170.BO,Edvenswa Enterprises Limited,BSE,EDVENSWA.BO
517201.BO,SWITCHING TECHNOLOGIES GUNTHER,BSE,SWITCHTE.BO
517236.BO,CALCOM VISION LTD.,BSE,CALCOM.BO
517238.BO,DYNAVISION LTD.,BSE,DYNAVSN.BO
517246.BO,BCC FUBA INDIA LTD.,BSE,BCCFUBA.BO
517258.BO,PRECISION ELECTRONICS LTD.,BSE,PRECISIO.BO
517264.BO,FINE-LINE CIRCUITS LTD.,BSE,FINELINE.BO
517288.BO,Gujarat Poly Electronics Limit,BSE,GUJARATPOLY.BO
517356.BO,ACI INFOCOM LTD.,BSE,ACIIN.BO
517360.BO,SBEC SYSTEMS (INDIA) LTD.,BSE,SBECSYS.BO
517370.BO,INCAP LTD.,BSE,INCAP.BO
517372.BO,GUJARAT INTRUX LTD.,BSE,GUJINTRX.BO
517393.BO,VINTRON INFORMATICS LTD.,BSE,VINTRON.BO
517397.BO,PAN ELECTRONICS INDIA LTD.,BSE,PANELEC.BO
517399.BO,VXL INSTRUMENTS LTD.,BSE,VXLINSTR.BO
517417.BO,PATELS AIRTEMP (INDIA) LTD.,BSE,PATELSAI.BO
517423.BO,INTEGRA SWITCHGEAR LTD.,BSE,INTEGSW.BO
517429.BO,Athena Global Technologies Lim,BSE,ATHENAGLO.BO
517431.BO,NARMADA MACPLAST DRIP IRRIGATI,BSE,NARMP.BO
517437.BO,DUTRON POLYMERS LTD.,BSE,DUTRON.BO
517449.BO,MAGNA ELECTRO CASTINGS LTD.,BSE,MAGNAELQ.BO
517477.BO,ELNET TECHNOLOGIES LTD.,BSE,ELNET.BO
517494.BO,ACCEL LIMITED,BSE,ACCEL.BO
517514.BO,D&H INDIA LTD,BSE,DHINDIA.BO
517546.BO,ALFA TRANSFORMERS LTD.,BSE,ALFATRAN.BO
517548.BO,STARLITE COMPONENTS LTD.,BSE,STARLITE.BO
517554.BO,NHC FOODS LTD.,BSE,NHCFOODS.BO
518011.BO,KEERTHI INDUSTRIES LTD.,BSE,KEERTHI.BO
518017.BO,BHEEMA CEMENTS LTD.,BSE,BHEEMACEM.BO
518075.BO,SURAJ PRODUCTS LTD.,BSE,SURAJ.BO
519031.BO,SHAH FOODS LTD.,BSE,SHAHFOOD.BO
519064.BO,KHANDELWAL EXTRACTION LTD.,BSE,ZKHANDEN.BO
519097.BO,RITESH INTERNATIONAL LTD.,BSE,RITESHIN.BO
519174.BO,ASHIANA AGRO INDUSTRIES LTD.,BSE,ASHAI.BO
519191.BO,Retro Green Revolution Limited,BSE,RGRL.BO
519214.BO,WILLIAMSON FINANCIAL SERVICES,BSE,WILLIMFI.BO
519216.BO,AJANTA SOYA LTD.,BSE,AJANTSOY.BO
519230.BO,KISAAN PARIVAR INDUSTRIES LIMI,BSE,KISAAN.BO
519238.BO,SAPTARISHI AGRO INDUSTRIES LTD,BSE,SPTRSHI.BO
519262.BO,PRIMA AGRO LTD.,BSE,PRIMAGR.BO
519285.BO,TARAI FOODS LTD.,BSE,TARAI.BO
519287.BO,MODERN DAIRIES LTD.,BSE,MODAIRY.BO
519295.BO,BAMBINO AGRO INDUSTRIES LTD.,BSE,BAMBINO.BO
519299.BO,PRIME INDUSTRIES LTD.,BSE,PRIMIND.BO
519307.BO,VIKAS WSP LTD.,BSE,VIKASWSP.BO
519331.BO,VSF PROJECTS LTD.,BSE,VSFPROJ.BO
519359.BO,POONA DAL & OIL INDUSTRIES LTD,BSE,POONADAL.BO
519367.BO,TRANSGLOBE FOODS LTD.,BSE,TRANSFD.BO
519415.BO,KMG MILK FOOD LTD.,BSE,KMGMILK.BO
519455.BO,NARBADA GEMS AND JEWELLERY LTD,BSE,NARBADA.BO
519457.BO,VIRAT CRANE INDUSTRIES LTD.,BSE,VIRATCRA.BO
519463.BO,IB INFOTECH ENTERPRISES LTD.,BSE,IBINFO.BO
519471.BO,Ambar Protein Industries Limit,BSE,AMBARPIL.BO
519477.BO,CIAN Agro Ind & Infra Ltd,BSE,CIANAGRO.BO
519483.BO,TAI INDUSTRIES LTD.,BSE,TAIIND.BO
519500.BO,BKV INDUSTRIES LTD.,BSE,BKV.BO
519566.BO,SIMRAN FARMS LTD.,BSE,SIMRAN.BO
519574.BO,HINDUSTAN AGRIGENETICS LTD.,BSE,HINDUST.BO
519604.BO,SURYO FOODS & INDUSTRIES LTD.,BSE,SURFI.BO
519606.BO,INTEGRATED PROTEINS LTD.,BSE,INTEGFD.BO
519612.BO,MAHAAN FOODS LTD.,BSE,MAHAANF.BO
520075.BO,SAMKRG PISTONS & RINGS LTD.,BSE,SAMKRG.BO
520123.BO,ABC INDIA LTD.,BSE,ABCINDQ.BO
520127.BO,BALURGHAT TECHNOLOGIES LTD.,BSE,BALTE.BO
520141.BO,SIBAR AUTO PARTS LTD.,BSE,SIBARAUT.BO
520155.BO,Starlog Enterprises Limited,BSE,STARLOG.BO
521005.BO,TITAN INTECH LIMITED,BSE,TITANIN.BO
521036.BO,SOURCE INDUSTRIES (INDIA) LTD.,BSE,SOURCEIND.BO
521048.BO,ADVANCE LIFESTYLES LTD.,BSE,ADVLIFE.BO
521054.BO,KAKATIYA TEXTILES LTD.,BSE,KAKTEX.BO
521062.BO,PERFECT-OCTAVE MEDIA PROJECTS,BSE,OCTAVE.BO
521080.BO,PASARI SPINNING MILLS LTD.,BSE,PASARI.BO
521105.BO,OLYMPIA INDUSTRIES LTD.,BSE,OLYMPTX.BO
521113.BO,SUDITI INDUSTRIES LTD.,BSE,SUDTIND-B.BO
521131.BO,Shree Bhavya Fabrics Limited,BSE,SBFL.BO
521137.BO,EUREKA INDUSTRIES LTD.,BSE,EUREKAI.BO
521141.BO,ADITYA SPINNERS LTD.,BSE,ADITYASP.BO
521149.BO,PRIME URBAN DEVELOPMENT INDIA,BSE,PRIMEURB.BO
521151.BO,DHANLAXMI FABRICS LTD.,BSE,DHANFAB.BO
521161.BO,SRI LAKSHMI SARASWATHI TEXTILE,BSE,SLSTLQ.BO
521178.BO,SRI RAMAKRISHNA MILLS (COIMBAT,BSE,SRMCL.BO
521206.BO,SAMTEX FASHIONS LTD.,BSE,SAMTEX.BO
521216.BO,DHANALAXMI ROTO SPINNERS LTD.,BSE,DHANROTO.BO
521222.BO,SANBLUE CORPORATION LTD.,BSE,SANBLUE.BO
521226.BO,UNIROYAL INDUSTRIES LTD.,BSE,UNIROYAL.BO
521228.BO,TATIA GLOBAL VENNTURE LTD.,BSE,TATIAGLOB.BO
521238.BO,KKRRAFTON Developers Limited,BSE,KDL.BO
521242.BO,KANDAGIRI SPINNING MILLS LTD.,BSE,KANDAGIRI.BO
521244.BO,MKP Mobility Limited,BSE,MKPMOB.BO
522001.BO,CRANEX LTD.,BSE,CRANEX.BO
522017.BO,FLUIDOMAT LTD.,BSE,FLUIDOM.BO
522027.BO,EMA INDIA LTD.,BSE,EMAINDIA.BO
522036.BO,MIVEN MACHINE TOOLS LTD.,BSE,MIVENMACH.BO
522091.BO,UNITED VAN DER HORST LTD.,BSE,UVDRHOR.BO
522134.BO,ARTSON ENGINEERING LTD.,BSE,ARTSONEN.BO
522152.BO,SOLITAIRE MACHINE TOOLS LTD.,BSE,SOLIMAC.BO
522163.BO,DIAMOND POWER INFRASTRUCTURE L,BSE,DIACABS.BO
522165.BO,INDSIL HYDRO POWER AND MANGANE,BSE,INDSILHYD.BO
522207.BO,RASANDIK ENGINEERING INDUSTRIE,BSE,RASANDIK.BO
522209.BO,YOGI SUNG-WON (INDIA) LTD.,BSE,YOGISUNG.BO
522231.BO,CONART ENGINEERS LTD.,BSE,CONART.BO
522237.BO,SHIVAGRICO IMPLEMENTS LTD.,BSE,SHIVAGR.BO
522251.BO,CENLUB INDUSTRIES LTD.,BSE,CENLUB.BO
522267.BO,VEEJAY LAKSHMI ENGINEERING WOR,BSE,VJLAXMIE.BO
522273.BO,AHMEDABAD STEELCRAFT LTD.,BSE,AHMDSTE.BO
522289.BO,NMS RESOURCES GLOBAL LIMITED,BSE,NMSRESRC.BO
522292.BO,CANDOUR TECHTEX LIMITED,BSE,CANDOUR.BO
522294.BO,T & I GLOBAL LTD.,BSE,TIGLOB.BO
522650.BO,BEMCO HYDRAULICS LTD.,BSE,BEMHY.BO
523019.BO,B.N.RATHI SECURITIES LTD.,BSE,BNRSEC.BO
523021.BO,RISHI TECHTEX LTD.,BSE,RISHITECH.BO
523054.BO,BINAYAK TEX PROCESSORS LTD.,BSE,ZBINTXPP.BO
523062.BO,J.J.FINANCE CORPORATION LTD.,BSE,JJFINCOR.BO
523100.BO,COSMO FERRITES LTD.,BSE,COSMOFE.BO
523105.BO,CROPSTER AGRO LIMITED,BSE,CROPSTER.BO
523113.BO,FUTURISTIC SECURITIES LTD.,BSE,FUTURSEC.BO
523116.BO,SANCO TRANS LTD.,BSE,SANCTRN.BO
523120.BO,ADOR MULTIPRODUCTS LTD.,BSE,ADORMUL.BO
523151.BO,OTCO INTERNATIONAL LTD.,BSE,OTCO.BO
523160.BO,MORGANITE CRUCIBLE (INDIA) LTD,BSE,MORGANITE.BO
523186.BO,B&A PACKAGING INDIA LIMITED,BSE,BAPACK.BO
523222.BO,SRM ENERGY LTD.,BSE,SRMENERGY.BO
523232.BO,CONTINENTAL PETROLEUMS LTD.,BSE,CONTPTR.BO
523242.BO,NB FOOTWEAR LTD.,BSE,NBFOOT.BO
523248.BO,MACHINO PLASTICS LTD.,BSE,MACPLASQ.BO
523277.BO,GV FILMS LTD.,BSE,GVFILM.BO
523289.BO,RAMA VISION LTD.,BSE,RAMAVISION.BO
523309.BO,SHRI GANG INDUSTRIES AND ALLIE,BSE,SHRIGANG.BO
523373.BO,MINI DIAMONDS (INDIA) LTD.,BSE,MINID.BO
523411.BO,ADC INDIA COMMUNICATIONS LIMIT,BSE,ADCINDIA.BO
523425.BO,SUNRAJ DIAMOND EXPORTS LTD.,BSE,SUNRAJDI.BO
523465.BO,IND BANK HOUSING LTD.,BSE,INDBNK.BO
523467.BO,JAI MATA GLASS LTD.,BSE,JAIMATAG.BO
523489.BO,CHENNAI MEENAKSHI MULTISPECIAL,BSE,CMMHOSP.BO
523519.BO,UNIVERSAL OFFICE AUTOMATION LT,BSE,UNIOFFICE.BO
523537.BO,APM INDUSTRIES LTD.,BSE,APMIN.BO
523550.BO,KRYPTON INDUSTRIES LTD.,BSE,KRYPTONQ.BO
523566.BO,MARTIN BURN LTD.,BSE,MARBU.BO
523586.BO,INDIAN TONERS & DEVELOPERS LTD,BSE,INDTONER.BO
523594.BO,KUNSTSTOFFE INDUSTRIES LTD.,BSE,KUNSTOFF.BO
523620.BO,PHAARMASIA LTD.,BSE,PHRMASI.BO
523628.BO,Poddar Housing and Development,BSE,PODDARHOUS.BO
523650.BO,YASH INNOVENTURES LIMITED,BSE,YASHINNO.BO
523652.BO,Kkalpana Plastick Limited,BSE,KKPLASTICK.BO
523672.BO,FLEX FOODS LTD.,BSE,FLEXFO.BO
523676.BO,GOLKUNDA DIAMONDS & JEWELLERY,BSE,GOLKUNDIA.BO
523696.BO,FORTIS MALAR HOSPITALS LIMITED,BSE,FORTISMLR.BO
523722.BO,SVAM SOFTWARE LTD.,BSE,SVAMSOF.BO
523732.BO,ECOBOARD INDUSTRIES LTD.,BSE,ECOBOAR.BO
523752.BO,TRANS INDIA HOUSE IMPEX LIMITE,BSE,TIHIL.BO
523782.BO,Mitshi India Limited,BSE,MITSHI.BO
523790.BO,SHUKRA JEWELLERS LTD.,BSE,SHUKJEW.BO
523826.BO,SOVEREIGN DIAMONDS LTD.,BSE,SOVERDIA.BO
523832.BO,MUKAT PIPES LTD.,BSE,MUKATPIP.BO
523840.BO,INNOVATIVE TECH PACK LTD.,BSE,INNOVTEC.BO
523844.BO,CONSTRONICS INFRA LIMITED,BSE,CONSTRONIC.BO
523896.BO,AVI PRODUCTS INDIA LIMITED,BSE,APIL.BO
524013.BO,HINDUSTAN FLUOROCARBONS LTD.,BSE,HINFLUR.BO
524031.BO,PATIDAR BUILDCON LIMITED,BSE,PATIDAR.BO
524038.BO,VENLON ENTERPRISES LTD.,BSE,VENLONENT.BO
524080.BO,HARYANA LEATHER CHEMICALS LTD.,BSE,HARLETH.BO
524136.BO,PEE CEE COSMA SOPE LTD.,BSE,PCCOSMA.BO
524156.BO,TCM LTD.,BSE,TCMLMTD.BO
524164.BO,IOL CHEMICALS & PHARMACEUTICAL,BSE,IOLCP.BO
524174.BO,KESAR PETROPRODUCTS LTD.,BSE,KESARPE.BO
524202.BO,LACTOSE (INDIA) LTD.,BSE,LACTOSE.BO
524204.BO,TEESTA AGRO INDUSTRIES LTD.,BSE,TEEAI.BO
524210.BO,PENTOKEY ORGANY (INDIA) LTD.,BSE,PNTKYOR.BO
524218.BO,RESONANCE SPECIALTIES LTD.,BSE,RESONANCE.BO
524288.BO,AIMCO PESTICIDES LTD.,BSE,AIMCOPEST.BO
524314.BO,GUJARAT TERCE LABORATORIES LTD,BSE,GUJTERC.BO
524336.BO,SHREE HARI CHEMICALS EXPORT LT,BSE,SHHARICH.BO
524400.BO,ISHITA DRUGS & INDUSTRIES LTD.,BSE,ISHITADR.BO
524408.BO,UNIVERSAL STARCH-CHEM ALLIED L,BSE,UNIVSTAR.BO
524414.BO,NORRIS MEDICINES LTD.,BSE,NORRIS.BO
524434.BO,ASIAN PETROPRODUCTS & EXPORTS,BSE,ASINPET.BO
524440.BO,CAMEX LTD.,BSE,CAMEXLTD.BO
524444.BO,EVEXIA LIFECARE LIMITED,BSE,EVEXIA.BO
524458.BO,INDO EURO INDCHEM LTD.,BSE,INDOEURO.BO
524480.BO,RIDDHI SIDDHI GLUCO BIOLS LTD.,BSE,RIDDHI.BO
524488.BO,SVC INDUSTRIES LIMITED,BSE,SVCIND.BO
524502.BO,RAAJ MEDISAFE INDIA LTD.,BSE,RAAJMEDI.BO
524506.BO,CORAL LABORATORIES LTD.,BSE,CORALAB.BO
524516.BO,BACIL PHARMA LTD.,BSE,BACPHAR.BO
524522.BO,LAFFANS PETROCHEMICALS LTD.,BSE,LAFFANSQ.BO
524534.BO,BHASKAR AGROCHEMICALS LTD.,BSE,BHASKAGR.BO
524564.BO,GAYATRI BIOORGANICS LTD.,BSE,GAYATRIBI.BO
524572.BO,PHARMAIDS PHARMACEUTICALS LTD.,BSE,PHARMAID.BO
524576.BO,VIVID GLOBAL INDUSTRIES LTD.,BSE,VIVIDIND.BO
524580.BO,PRIYA LTD.,BSE,PRIYALT.BO
524582.BO,TIRUPATI STARCH & CHEMICALS LT,BSE,TIRUSTA.BO
524590.BO,HEMO ORGANIC LIMITED,BSE,HEMORGANIC.BO
524592.BO,JD ORGOCHEM LTD.,BSE,JDORGOCHEM.BO
524594.BO,Aeonx Digital Technology Limit,BSE,AEONXDIGI.BO
524602.BO,BANDARAM PHARMA PACKTECH LIMIT,BSE,BANDARAM.BO
524606.BO,BERYL DRUGS LTD.,BSE,BERLDRG.BO
524614.BO,IEL LIMITED,BSE,INDXTRA.BO
524622.BO,ISTREET NETWORK LIMITED,BSE,ISTRNETWK.BO
524624.BO,GAGAN GASES LTD.,BSE,GAGAN.BO
524628.BO,PARKER AGROCHEM EXPORTS LTD.,BSE,PARKERAC.BO
524636.BO,OXYGENTA PHARMACEUTICAL LIMITE,BSE,OXYGENTAPH.BO
524640.BO,ARCHIT ORGANOSYS LTD.,BSE,ARCHITORG.BO
524642.BO,SIKOZY REALTORS LIMITED,BSE,SIKOZY.BO
524652.BO,IND-SWIFT LTD.,BSE,INDSWFTLTD.BO
524661.BO,WELCURE DRUGS & PHARMACEUTICAL,BSE,WELCURE.BO
524663.BO,BHARAT IMMUNOLOGICALS & BIOLOG,BSE,BIBCL.BO
524675.BO,KABSONS INDUSTRIES LTD.,BSE,KABSON.BO
524687.BO,BASANT AGRO TECH (INDIA) LTD.,BSE,BASANTGL.BO
524703.BO,SANDU PHARMACEUTICALS LTD.,BSE,SANDUPHQ.BO
524711.BO,VISTA PHARMACEUTICALS LTD.,BSE,VISTAPH.BO
524717.BO,TITAN BIOTECH LTD.,BSE,TITANBIO.BO
524727.BO,Span Divergent Limited,BSE,SDL.BO
524743.BO,FISCHER MEDICAL VENTURES LIMIT,BSE,FISCHER.BO
524748.BO,LINK PHARMA CHEM LTD.,BSE,LINKPH.BO
524752.BO,DECIPHER LABS LIMITED,BSE,DECIPHER.BO
524768.BO,EMMESSAR BIOTECH & NUTRITION L,BSE,EMMESSA.BO
524790.BO,EVEREST ORGANICS LTD.,BSE,EVERESTO.BO
524808.BO,PHYTO CHEM (INDIA) LTD.,BSE,PHYTO.BO
524818.BO,DYNAMIC INDUSTRIES LTD.,BSE,DYNAMIND.BO
524828.BO,BDH INDUSTRIES LTD.,BSE,BDH.BO
526001.BO,JAUSS POLYMERS LTD.,BSE,JAUSPOL.BO
526025.BO,GLOBUS CONSTRUCTORS & DEVELOPE,BSE,GLOBUSCON.BO
526043.BO,POLYMECHPLAST MACHINES LTD.,BSE,POLYCHMP.BO
526071.BO,STELLANT SECURITIES (INDIA) LT,BSE,STELLANT.BO
526073.BO,GALAXY BEARINGS LTD.,BSE,GALXBRG.BO
526081.BO,SC Agrotech Limited,BSE,SCAGRO.BO
526095.BO,RAVILEELA GRANITES LTD.,BSE,RALEGRA.BO
526113.BO,UNIROYAL MARINE EXPORTS LTD.,BSE,UNRYLMA.BO
526115.BO,KARAN WOO-SIN LTD.,BSE,KARANWO.BO
526133.BO,SUPERTEX INDUSTRIES LTD.,BSE,SUPERTEX.BO
526137.BO,SHETRON LTD.,BSE,SHETR.BO
526139.BO,TRANSGENE BIOTEK LTD.,BSE,TRABI.BO
526143.BO,MPL PLASTICS LTD.,BSE,MPL.BO
526159.BO,NIKHIL ADHESIVES LTD.,BSE,NIKHILAD.BO
526161.BO,SPENTA INTERNATIONAL LTD.,BSE,SPENTA.BO
526169.BO,MULTIBASE INDIA LTD.,BSE,MULTIBASE.BO
526179.BO,LUDLOW JUTE & SPECIALITIES LTD,BSE,LUDLOWJUT.BO
526187.BO,ASHRAM ONLINE.COM LTD.,BSE,ASHRAM.BO
526193.BO,ROYAL CUSHION VINYL PRODUCTS L,BSE,ROYALCU.BO
526211.BO,SURAJ INDUSTRIES LTD.,BSE,SURJIND.BO
526225.BO,BLOOM DEKOR LTD.,BSE,BLOOM.BO
526231.BO,STANDARD SURFACTANTS LTD.,BSE,STDSFAC.BO
526237.BO,MORGAN VENTURES LTD.,BSE,MORGAN.BO
526241.BO,AMRAPALI INDUSTRIES LTD.,BSE,AMRAPLIN.BO
526251.BO,MID EAST PORTFOLIO MANAGEMENT,BSE,MIDEASTP.BO
526269.BO,CRESTCHEM LTD.,BSE,CRSTCHM.BO
526301.BO,MEDINOVA DIAGNOSTIC SERVICES L,BSE,MEDINOV.BO
526315.BO,DIVYASHAKTI LIMITED,BSE,DIVSHKT.BO
526335.BO,SHREYAS INTERMEDIATES LTD.,BSE,SHREYASI.BO
526345.BO,PANJON LTD.,BSE,PANJON.BO
526355.BO,DUROPACK LTD.,BSE,DUROPACK.BO
526373.BO,CINDRELLA HOTELS LTD.,BSE,CINDHO.BO
526409.BO,KKALPANA INDUSTRIES (INDIA) LT,BSE,KKALPANAIND.BO
526415.BO,OK PLAY INDIA LTD.,BSE,OKPLA.BO
526431.BO,WELTERMAN INTERNATIONAL LTD.,BSE,WELTI.BO
526433.BO,ASM TECHNOLOGIES LTD.,BSE,ASMTEC.BO
526435.BO,PERFECTPAC LTD.,BSE,PERFEPA.BO
526441.BO,VISION CINEMAS LTD.,BSE,VISIONCINE.BO
526443.BO,DATASOFT APPLICATION SOFTWARE,BSE,DATASOFT.BO
526445.BO,INDRAYANI BIOTECH LTD.,BSE,INDRANIB.BO
526468.BO,EURO LEDER FASHION LTD.,BSE,EUROLED.BO
526471.BO,WINSOME BREWERIES LTD.,BSE,WINSOMBR.BO
526473.BO,ELEGANT FLORICULTURE & AGROTEC,BSE,ELEFLOR.BO
526477.BO,SOUTH ASIAN ENTERPRISES LTD.,BSE,SAENTER.BO
526479.BO,SKY INDUSTRIES LTD.,BSE,SKYIND.BO
526490.BO,PRATIK PANELS LTD.,BSE,PRATIK.BO
526492.BO,Rishiroop Limited,BSE,RISHIROOP.BO
526494.BO,PROMACT IMPEX LIMITED,BSE,PROMACT.BO
526500.BO,STERLING GREEN WOODS LTD.,BSE,STRGRENWO.BO
526508.BO,Shahi Shipping Limited,BSE,SHAHISHIP.BO
526519.BO,ALPINE HOUSING DEVELOPMENT COR,BSE,ALPINEHOU.BO
526521.BO,SANGHI INDUSTRIES LTD.,BSE,SANGHIIND.BO
526525.BO,WORLDWIDE ALUMINIUM LIMITED,BSE,WWALUM.BO
526530.BO,IIRM HOLDINGS INDIA LIMITED,BSE,IIRM.BO
526532.BO,SQUARE FOUR PROJECTS INDIA LIM,BSE,SFPIL.BO
526546.BO,CHOKSI LABORATORIES LTD.,BSE,CHOKSILA.BO
526568.BO,LONGVIEW TEA COMPANY LTD.,BSE,LONTE.BO
526570.BO,MIDWEST GOLD LTD.,BSE,MIDWEST.BO
526574.BO,ENTERPRISE INTERNATIONAL LTD.,BSE,ENTRINT.BO
526576.BO,TECHIN,BSE,TECHIN.BO
526586.BO,WIM PLAST LTD.,BSE,WIMPLAST.BO
526588.BO,PHOTOQUIP INDIA LTD.,BSE,PHOTOQUP.BO
526604.BO,LIPPI SYSTEMS LTD.,BSE,LIPPISYS.BO
526614.BO,EXPO GAS CONTAINERS LTD.,BSE,EXPOGAS.BO
526616.BO,NATIONAL PLASTIC INDUSTRIES LT,BSE,NATPLAS.BO
526622.BO,MFL INDIA LTD.,BSE,MFLINDIA.BO
526638.BO,TEXEL INDUSTRIES LTD.,BSE,TEXELIN.BO
526640.BO,ROYALE MANOR HOTELS & INDUSTRI,BSE,RAYALEMA.BO
526650.BO,TOURISM FINANCE CORPORATION OF,BSE,TFCILTD.BO
526675.BO,TIRTH PLASTIC LTD.,BSE,TIRTPLS.BO
526687.BO,POLO HOTELS LTD.,BSE,POLOHOT.BO
526703.BO,ECOPLAST LTD.,BSE,ECOPLAST.BO
526705.BO,ELEGANT MARBLES & GRANI INDUST,BSE,ELEMARB.BO
526709.BO,BITS LTD.,BSE,BITS.BO
526711.BO,ADARSH PLANT PROTECT LTD.,BSE,ADARSHPL.BO
526717.BO,HCP PLASTENE BULKPACK LIMITED,BSE,HPBL.BO
526727.BO,GARNET CONSTRUCTION LTD.,BSE,GARNET.BO
526739.BO,NARMADA GELATINES LTD.,BSE,SHAWGELTIN.BO
526747.BO,PG FOILS LTD.,BSE,PGFOILQ.BO
526751.BO,GRATEX INDUSTRIES LTD.,BSE,GRATEXI.BO
526755.BO,VELAN HOTELS LTD.,BSE,VELHO.BO
526761.BO,HOWARD HOTELS LTD.,BSE,HOWARHO.BO
526773.BO,PRESSURE SENSITIVE SYSTEMS (IN,BSE,PRESSURS.BO
526775.BO,VALIANT COMMUNICATIONS LTD.,BSE,VALIANT.BO
526795.BO,MAHASAGAR TRAVELS LTD.,BSE,MHSGRMS.BO
526813.BO,RAGHUNATH INTERNATIONAL LTD.,BSE,RAGHUNAT.BO
526823.BO,RAJESWARI INFRASTRUCTURE LIMIT,BSE,RAJINFRA.BO
526827.BO,SPICE ISLANDS INDUSTRIES LIMIT,BSE,SPICEISLIN.BO
526839.BO,SHELTER INFRA PROJECTS LTD.,BSE,SIPL.BO
526841.BO,SHAKTI PRESS LTD.,BSE,SHAKTIPR.BO
526847.BO,ASHIRWAD STEELS & INDUSTRIES L,BSE,ASHSI.BO
526851.BO,AREX INDUSTRIES LTD.,BSE,AREXMIS.BO
526859.BO,ISF LIMITED,BSE,ISFL.BO
526861.BO,RISHI LASER LTD.,BSE,RISHILASE.BO
526865.BO,JAINCO PROJECTS (INDIA) LTD.,BSE,JAINCO.BO
526869.BO,KUMBHAT FINANCIAL SERVICES LTD,BSE,KUMPFIN.BO
526871.BO,INTEC CAPITAL LTD.,BSE,INTECCAP.BO
526873.BO,RAJASTHAN GASES LTD.,BSE,RAJGASES.BO
526877.BO,SIDDHESWARI GARMENTS LTD.,BSE,SIDDHEGA.BO
526891.BO,MARKET CREATORS LTD.,BSE,MKTCREAT.BO
526899.BO,HIMALAYA FOOD INTERNATIONAL LI,BSE,HFIL.BO
526901.BO,SONAL ADHESIVES LTD.,BSE,SONALAD.BO
526905.BO,Padmanabh Industries Ltd,BSE,PADMAIND.BO
526935.BO,ARUNIS ABODE LIMITED,BSE,ARUNIS.BO
526945.BO,TYROON TEA CO.LTD.,BSE,TYROON.BO
526961.BO,LAST MILE ENTERPRISES LIMITED,BSE,LASTMILE.BO
526965.BO,GUJARAT CRAFT INDUSTRIES LTD.,BSE,GUJCRAFT.BO
526967.BO,HEERA ISPAT LTD.,BSE,HEERAISP.BO
526971.BO,DHOOT INDUSTRIAL FINANCE LTD.,BSE,DHOOTIN.BO
527005.BO,SHREE PACETRONIX LTD.,BSE,SHREEPAC.BO
530011.BO,MANGALORE CHEMICALS & FERTILIZ,BSE,MANGCHEFER.BO
530025.BO,SAMYAK INTERNATIONAL LTD.,BSE,SAMYAKINT.BO
530027.BO,AADI INDUSTRIES LTD.,BSE,AADIIND.BO
530035.BO,SANTOSH FINE-FAB LTD.,BSE,SANTOSHF.BO
530037.BO,SREE JAYALAKSHMI AUTOSPIN LTD.,BSE,SREEJAYA.BO
530043.BO,ACKNIT INDUSTRIES LTD.,BSE,ACKNIT.BO
530045.BO,TITAN SECURITIES LTD.,BSE,TITANSEC.BO
530053.BO,REAL ECO-ENERGY LIMITED,BSE,REALECO.BO
530057.BO,Vivanza Biosciences Limited,BSE,VIVANZA.BO
530063.BO,YASHRAJ CONTAINEURS LTD.,BSE,YASHRAJC.BO
530065.BO,LORDS ISHWAR HOTELS LIMITED,BSE,LORDSHOTL.BO
530077.BO,FRESHTROP FRUITS LTD.,BSE,FRSHTRP.BO
530095.BO,PRADHIN LIMITED,BSE,PRADHIN.BO
530109.BO,ANUPAM FINSERV LIMITED,BSE,ANUPAM.BO
530111.BO,RAJ PACKAGING INDUSTRIES LTD.,BSE,RAJPACK.BO
530119.BO,NATRAJ PROTEINS LTD.,BSE,NATRAJPR.BO
530125.BO,SAMRAT PHARMACHEM LTD.,BSE,SAMRATPH.BO
530127.BO,NPR FINANCE LTD.,BSE,NPRFIN.BO
530131.BO,UDAIPUR CEMENT WORKS LTD.,BSE,UDAICEMENT.BO
530133.BO,AMCO INDIA LTD.,BSE,AMCOIND.BO
530139.BO,KREON FINNANCIAL SERVICES LTD.,BSE,KREONFIN.BO
530141.BO,GYAN DEVELOPERS & BUILDERS LTD,BSE,GYANDEV.BO
530145.BO,KISAN MOULDINGS LTD.,BSE,KISAN.BO
530163.BO,KERALA AYURVEDA LTD.,BSE,KERALAYUR.BO
530167.BO,MOONGIPA CAPITAL FINANCE LTD.,BSE,MONGIPA.BO
530169.BO,MOHIT PAPER MILLS LTD.,BSE,MOHITPPR.BO
530171.BO,DAULAT SECURITIES LTD.,BSE,DAULAT.BO
530173.BO,OSCAR GLOBAL LTD.,BSE,OSCARGLO.BO
530175.BO,ODYSSEY TECHNOLOGIES LTD.,BSE,ODYSSEY.BO
530185.BO,Surat Trade and Mercantile Lim,BSE,SURATRAML.BO
530187.BO,ATHARV ENTERPRISES LTD.,BSE,ATHARVENT.BO
530197.BO,FUNDVISER CAPITAL (INDIA) LIMI,BSE,FUNDVISER.BO
530201.BO,KALLAM TEXTILES LTD,BSE,KALLAM.BO
530207.BO,BRAWN BIOTECH LTD.,BSE,BRAWN.BO
530213.BO,FORTUNE INTERNATIONAL LTD.,BSE,FORINTL.BO
530215.BO,KINGS INFRA VENTURES LIMITED,BSE,KINGSINFR.BO
530217.BO,SWOJAS ENERGY FOODS LTD.,BSE,SWOEF.BO
530231.BO,SUBHASH SILK MILLS LTD.,BSE,SUBSM.BO
530233.BO,AURO LABORATORIES LTD.,BSE,AUROLAB.BO
530249.BO,BRIDGE SECURITIES LTD.,BSE,BRIDGESE.BO
530251.BO,RISA INTERNATIONAL LTD.,BSE,RISAINTL.BO
530253.BO,RAJASTHAN TUBE MANUFACTURING C,BSE,RAJTUBE.BO
530255.BO,KAY POWER AND PAPER LTD.,BSE,KAYPOWR.BO
530259.BO,INTER STATE OIL CARRIER LTD.,BSE,INTSTOIL.BO
530263.BO,GLOBAL CAPITAL MARKETS LTD.,BSE,GLOBALCA.BO
530265.BO,SAINIK FINANCE & INDUSTRIES LT,BSE,SAINIK.BO
530267.BO,ARIGATO UNIVERSE LIMITED,BSE,ARIGATO.BO
530281.BO,QUANTUM DIGITAL VISION (INDIA),BSE,QUANTDIA.BO
530289.BO,SP CAPITAL FINANCING LTD.,BSE,SPCAPIT.BO
530291.BO,PAOS INDUSTRIES LIMITED,BSE,PAOS.BO
530309.BO,CHANDRA PRABHU INTERNATIONAL L,BSE,CHANDRAP.BO
530313.BO,KIMIA BIOSCIENCES LIMITED,BSE,KIMIABL.BO
530315.BO,HINDUSTAN TIN WORKS LTD.,BSE,HINDTIN.BO
530317.BO,GODAVARI DRUGS LTD.,BSE,GODAVARI.BO
530357.BO,KBS INDIA LIMITED,BSE,KBSINDIA.BO
530361.BO,PRABHHANS INDUSTRIES LIMITED,BSE,PRABHHANS.BO
530369.BO,VAMSHI RUBBER LTD.,BSE,VAMSHIRU.BO
530401.BO,VINYOFLEX LTD.,BSE,VINYOFL.BO
530405.BO,JINDAL CAPITAL LTD.,BSE,JINDCAP.BO
530407.BO,EPIC ENERGY LTD.,BSE,EPIC.BO
530421.BO,KUWER INDUSTRIES LTD.,BSE,KUWERIN.BO
530427.BO,CHOKSI IMAGING LTD.,BSE,CHOKSI.BO
530429.BO,ASHISH POLYPLAST LTD.,BSE,ASHISHPO.BO
530431.BO,ADOR FONTECH LTD.,BSE,ADORFO.BO
530439.BO,SIDDHA VENTURES LTD.,BSE,SIDDHA.BO
530443.BO,KIRAN SYNTEX LTD.,BSE,KIRANSY-B.BO
530445.BO,SUMERU INDUSTRIES LTD.,BSE,SUMERUIND.BO
530449.BO,RUNGTA IRRIGATION LTD.,BSE,RUNGTAIR.BO
530457.BO,CINERAD COMMUNICATIONS LTD.,BSE,CINERAD.BO
530459.BO,VALSON INDUSTRIES LTD.,BSE,VALSONQ.BO
530461.BO,SABOO SODIUM CHLORO LTD.,BSE,SABOOSOD.BO
530469.BO,GSL SECURITIES LTD.,BSE,GSLSEC.BO
530477.BO,VIKRAM THERMO (INDIA) LTD.,BSE,VIKRAMTH.BO
530495.BO,STRATMONT INDUSTRIES LIMITED,BSE,STRATMONT.BO
530525.BO,RAJNISH RETAIL LIMITED,BSE,RRETAIL.BO
530545.BO,COSCO (INDIA) LTD.,BSE,COSCO.BO
530547.BO,KEN FINANCIAL SERVICES LTD.,BSE,KENFIN.BO
530557.BO,NCL RESEARCH & FINANCIAL SERVI,BSE,NCLRESE.BO
530565.BO,POPEES CARES LIMITED,BSE,POPEES.BO
530571.BO,EXPLICIT FINANCE LTD.,BSE,EXPLICITFIN.BO
530581.BO,EKAM LEASING & FINANCE CO.LTD.,BSE,EKAMLEA.BO
530585.BO,SWASTIKA INVESTMART LTD.,BSE,SWASTIKA.BO
530589.BO,PRIMA PLASTICS LTD.,BSE,PRIMAPLA.BO
530595.BO,TELECANOR GLOBAL LTD.,BSE,TELECANOR.BO
530601.BO,JAGSONPAL FINANCE & LEASING LT,BSE,JAGSONFI.BO
530615.BO,GARG FURNACE LTD.,BSE,GARGFUR.BO
530617.BO,SAMPRE NUTRITIONS LTD.,BSE,SAMPRE.BO
530621.BO,Akar Auto Industries Limited,BSE,AAIL.BO
530627.BO,Vipul Organics Limited,BSE,VIPULORG.BO
530663.BO,GOYAL ASSOCIATES LTD.,BSE,GOYALASS.BO
530665.BO,ZENITH HEALTH CARE LTD.,BSE,ZENITHHE.BO
530689.BO,LYKIS LIMITED,BSE,LYKISLTD.BO
530695.BO,PRIME PROPERTY DEVELOPMENT COR,BSE,PRIMEPRO.BO
530697.BO,Zenlabs Ethica Limited,BSE,ZENLABS.BO
530705.BO,FLORA TEXTILES LTD.,BSE,FLORATX.BO
530709.BO,GOWRA LEASING & FINANCE LTD.,BSE,GOWRALE.BO
530711.BO,JAGAN LAMPS LTD.,BSE,JAGANLAM.BO
530713.BO,AJEL LTD.,BSE,AJEL.BO
530715.BO,ALPS INDUSTRIES LTD.,BSE,ALPSINDUS.BO
530723.BO,ASIT C.MEHTA FINANCIAL SERVICE,BSE,ASITCFIN.BO
530733.BO,ENCODE PACKAGING INDIA LIMITED,BSE,ENCODE.BO
530735.BO,SUPER BAKERS (INDIA) LTD.,BSE,SUPERBAK.BO
530741.BO,OVOBEL FOODS LTD.,BSE,OVOBELE.BO
530747.BO,CHALLANI CAPITAL LIMITED,BSE,CHALLANI.BO
530755.BO,CORAL NEWSPRINTS LTD.,BSE,CORNE.BO
530765.BO,AGARWAL FORTUNE INDIA LIMITED,BSE,AGARWAL.BO
530779.BO,DYNAMIC PORTFOLIO MANAGEMENT &,BSE,DYNAMICP.BO
530787.BO,INLAND PRINTERS LTD.,BSE,INLANPR.BO
530789.BO,CEEJAY FINANCE LTD.,BSE,CEEJAY.BO
530795.BO,SUNCITY SYNTHETICS LTD.,BSE,SUNCITYSY.BO
530797.BO,SHREE GANESH ELASTOPLAST LTD.,BSE,SHGANEL.BO
530799.BO,ANNA INFRASTRUCTURES LTD.,BSE,ANNAINFRA.BO
530805.BO,Onesource Ideas Venture Limite,BSE,OIVL.BO
530809.BO,BNR UDYOG LTD.,BSE,BNRUDY.BO
530821.BO,SSPDL LTD.,BSE,SSPDL.BO
530825.BO,DAIKAFFIL CHEMICALS INDIA LTD.,BSE,DAIKAFFI.BO
530829.BO,CIL SECURITIES LTD.,BSE,CILSEC.BO
530839.BO,CLIO INFOTECH LTD.,BSE,CLIOINFO.BO
530853.BO,HIPOLIN LTD.,BSE,HIPOLIN.BO
530881.BO,Arunjyoti Bio Ventures Limited,BSE,ABVL.BO
530883.BO,SUPER CROP SAFE LTD.,BSE,SUCROSA.BO
530897.BO,N.G.INDUSTRIES LTD.,BSE,NGIND.BO
530899.BO,ASIA PACK LTD.,BSE,ASIAPAK.BO
530909.BO,ERP SOFT SYSTEMS LTD.,BSE,ERPSOFT.BO
530925.BO,RAMSONS PROJECTS LTD.,BSE,RAMSONS.BO
530931.BO,STANPACKS (INDIA) LTD.,BSE,STANPACK.BO
530943.BO,SRI ADHIKARI BROTHERS TELEVISI,BSE,SABTNL.BO
530951.BO,RAMINFO LIMITED,BSE,RAMINFO.BO
530953.BO,SUNIL AGRO FOODS LTD.,BSE,SUNILAGR.BO
530959.BO,DIANA TEA CO.LTD.,BSE,DIANATEA.BO
530973.BO,ALFA ICA (INDIA) LTD.,BSE,ALFAICA.BO
530977.BO,Shri Keshav Cements and Infra,BSE,SKCIL.BO
530979.BO,INDIA HOME LOAN LTD.,BSE,INDIAHOME.BO
530991.BO,ROOPA INDUSTRIES LTD.,BSE,ROOPAIND.BO
530997.BO,UNIQUE ORGANICS LTD.,BSE,UNIQUEO.BO
531017.BO,ARIHANTS SECURITIES LTD.,BSE,ARISE.BO
531025.BO,VISAGAR FINANCIAL SERVICES LTD,BSE,VISAGAR.BO
531027.BO,LIBORD SECURITIES LTD.,BSE,LIBORD.BO
531035.BO,ERAAYA LIFESPACES LIMITED,BSE,ERAAYA.BO
531043.BO,DHANVANTRI JEEVAN REKHA LTD.,BSE,ZDHJERK.BO
531049.BO,NEELKANTH ROCKMINERALS LTD.,BSE,NEELKAN.BO
531051.BO,VINTAGE SECURITIES LTD.,BSE,VINTAGES.BO
531067.BO,CONTIL INDIA LTD.,BSE,CONTILI.BO
531083.BO,NIHAR INFO GLOBAL LTD.,BSE,NIHARINF.BO
531091.BO,UNITED CREDIT LTD.,BSE,UNITDCR.BO
531099.BO,Checkpoint Trends Limited,BSE,CHECKPOINT.BO
531111.BO,GOTHI PLASCON (INDIA) LTD.,BSE,GOTHIPL.BO
531119.BO,CEENIK EXPORTS (INDIA) LTD.,BSE,CEENIK.BO
531129.BO,INANI MARBLES & INDUSTRIES LTD,BSE,INANI.BO
531137.BO,GEMSTONE INVESTMENTS LTD.,BSE,GEMSI.BO
531144.BO,EL FORGE LTD.,BSE,ELFORGE.BO
531153.BO,DILIGENT INDUSTRIES LTD.,BSE,DILIGENT.BO
531155.BO,EPSOM PROPERTIES LTD.,BSE,EPSOMPRO.BO
531156.BO,ALFAVISION OVERSEAS (INDIA) LT,BSE,ALFAVIO.BO
531157.BO,ORGANIC COATINGS LTD.,BSE,ORGCOAT.BO
531158.BO,CATVISION  LIMITED,BSE,CATVISION.BO
531163.BO,KEMISTAR CORPORATION LIMITED,BSE,KEMISTAR.BO
531168.BO,ASSOCIATED CERAMICS LTD.,BSE,ASSOCER.BO
531169.BO,SKP SECURITIES LTD.,BSE,SKPSEC.BO
531173.BO,SYSCHEM (INDIA) LTD.,BSE,SYSCHEM.BO
531175.BO,BLS INFOTECH LTD.,BSE,BLSINFOTE.BO
531176.BO,MEFCOM CAPITAL MARKETS LTD.,BSE,MEFCOMCAP.BO
531178.BO,HEMANG RESOURCES LIMITED,BSE,HEMANG.BO
531199.BO,GLANCE FINANCE LTD.,BSE,GLANCE.BO
531203.BO,TRADEWELL HOLDINGS LIMITED,BSE,TRADEWELL.BO
531205.BO,SPRIGHT AGRO LIMITED,BSE,SPRIGHT.BO
531210.BO,COLINZ LABORATORIES LTD.,BSE,COLINZ.BO
531212.BO,NALIN LEASE FINANCE LTD.,BSE,NLFL.BO
531219.BO,SHYAMA INFOSYS LTD.,BSE,SHYAMAINFO.BO
531221.BO,MAYUR FLOORINGS LTD.,BSE,MAYURFL.BO
531223.BO,ANJANI SYNTHETICS LTD.,BSE,ANJANI.BO
531227.BO,DECO-MICA LTD.,BSE,DECOMIC.BO
531228.BO,RANDER CORPORATION LTD.,BSE,RANDER.BO
531233.BO,RASI ELECTRODES LTD.,BSE,RASIELEC.BO
531234.BO,SCOOBEE DAY GARMENTS (INDIA) L,BSE,SCOOBEEDAY.BO
531235.BO,CITIPORT FINANCIAL SERVICES LT,BSE,CITIPOR.BO
531237.BO,DHRUVA CAPITAL SERVICES LTD.,BSE,DHRUVCA.BO
531240.BO,SHAMROCK INDUSTRIAL CO.LTD.,BSE,SHAMROIN.BO
531246.BO,PRIMA INDUSTRIES LTD.,BSE,PRIMAIN.BO
531253.BO,INDIA GELATINE & CHEMICALS LTD,BSE,INDGELA.BO
531255.BO,PARAGON FINANCE LTD.,BSE,PARAGONF.BO
531257.BO,PRATIKSHA CHEMICALS LTD.,BSE,PRATIKSH.BO
531259.BO,ESHA MEDIA RESEARCH LIMITED,BSE,ESHAMEDIA.BO
531260.BO,Refex Renewables & Infrastruct,BSE,REFEXRENEW.BO
531268.BO,B2B SOFTWARE TECHNOLOGIES LTD.,BSE,B2BSOFT.BO
531272.BO,NIKKI GLOBAL FINANCE LTD.,BSE,NIKKIGL.BO
531273.BO,RADHE DEVELOPERS (INDIA) LTD.,BSE,RADHEDE.BO
531278.BO,Elixir Capital Limited,BSE,ELIXIR.BO
531279.BO,Trishakti Industries Limited,BSE,TRISHAKT.BO
531280.BO,PANKAJ POLYMERS LTD.,BSE,PANKAJPO.BO
531281.BO,MARBLE CITY INDIA LIMITED,BSE,MARBLE.BO
531283.BO,CINDRELLA FINANCIAL SERVICES L,BSE,CINDRELL.BO
531287.BO,NATIONAL PLASTIC TECHNOLOGIES,BSE,NATPLASTI.BO
531288.BO,LEAD FINANCIAL SERVICES LTD.,BSE,LEADFIN.BO
531289.BO,NATIONAL FITTINGS LIMITED,BSE,NATFIT.BO
531297.BO,ARTEFACT PROJECTS LTD.,BSE,ARTEFACT.BO
531300.BO,AMIT INTERNATIONAL LTD.,BSE,AMITINT.BO
531304.BO,NUTECH GLOBAL LTD.,BSE,NUTECGLOB.BO
531306.BO,DHP INDIA LTD.,BSE,DHPIND.BO
531310.BO,AVAILABLE FINANCE LTD.,BSE,AVAILFC.BO
531314.BO,INTEGRA CAPITAL LIMITED,BSE,INTCAPL.BO
531319.BO,MARUTI SECURITIES LTD.,BSE,MARUTISE.BO
531323.BO,JAYATMA INDUSTRIES LIMITED,BSE,JAYIND.BO
531328.BO,KRETTO SYSCON LIMITED,BSE,KRETTOSYS.BO
531334.BO,VIKALP SECURITIES LTD.,BSE,VIKALPS.BO
531337.BO,WinPro Industries Limited,BSE,WINPRO.BO
531338.BO,MILESTONE GLOBAL LTD.,BSE,MILESTONE.BO
531340.BO,BERVIN INVESTMENT & LEASING LT,BSE,BERVINL.BO
531341.BO,GUJARAT INVESTA LTD.,BSE,GUJINV.BO
531352.BO,PEETI SECURITIES LTD.,BSE,PEETISEC.BO
531359.BO,SHRIRAM ASSET MANAGEMENT CO.LT,BSE,SRAMSET.BO
531360.BO,GOLECHHA GLOBAL FINANCE LTD.,BSE,GOLECHA.BO
531364.BO,Ekansh Concepts Limited,BSE,EKANSH.BO
531370.BO,SPARC ELECTREX LIMITED,BSE,SPAR.BO
531380.BO,CENTENIAL SURGICAL SUTURE LTD.,BSE,CSURGSU.BO
531387.BO,HASTI FINANCE LTD.,BSE,HASTIFIN.BO
531390.BO,UPSURGE INVESTMENT & FINANCE L,BSE,UPSURGE.BO
531395.BO,PADAM COTTON YARNS LTD.,BSE,PADAMCO.BO
531396.BO,WOMEN NETWORKS LTD.,BSE,WOMENNET.BO
531397.BO,POLYCON INTERNATIONAL LTD.,BSE,POLYCON.BO
531398.BO,SOURCE NATURAL FOODS & HERBAL,BSE,SOURCENTRL.BO
531399.BO,G.G.AUTOMOTIVE GEARS LTD.,BSE,GGAUTO.BO
531402.BO,LWS KNITWEAR LTD.,BSE,LWSKNIT.BO
531406.BO,ANS INDUSTRIES LTD,BSE,ANSINDUS.BO
531411.BO,TUNI TEXTILE MILLS LTD.,BSE,TUNITEX.BO
531412.BO,RADIX INDUSTRIES (INDIA) LIMIT,BSE,RADIXIND.BO
531413.BO,KIRAN PRINT-PACK LTD.,BSE,KIRANPR.BO
531416.BO,NARENDRA PROPERTIES LTD.,BSE,NARPROP.BO
531417.BO,MEGA CORPORATION LTD.,BSE,MEGACOR.BO
531432.BO,SYSTEMATIX SECURITIES LTD.,BSE,SYTIXSE.BO
531433.BO,SUNGOLD CAPITAL LTD.,BSE,SUNGOLD.BO
531436.BO,SAFFRON INDUSTRIES LIMITED,BSE,SAFFRON.BO
531437.BO,Prakash Woollen & Synthetic Mi,BSE,PWASML.BO
531444.BO,VARDHMAN CONCRETE LIMITED,BSE,VARDHMAN.BO
531454.BO,POLYLINK POLYMERS (INDIA) LTD.,BSE,POLYLINK.BO
531460.BO,CONTINENTAL CONTROLS LTD.,BSE,CONTICON.BO
531465.BO,NOUVEAU GLOBAL VENTURES LTD.,BSE,NOUVEAU.BO
531471.BO,DUKE OFFSHORE LTD.,BSE,DUKEOFS.BO
531472.BO,CYBELE INDUSTRIES LTD.,BSE,CYBELEIND.BO
531499.BO,SYBLY INDUSTRIES LTD.,BSE,SYBLY.BO
531502.BO,ESAAR (INDIA) LTD.,BSE,ESARIND.BO
531503.BO,MARIS SPINNERS LTD.,BSE,MARIS.BO
531506.BO,SHUKRA BULLIONS LTD.,BSE,SKRABUL.BO
531509.BO,STEP TWO CORPORATION LTD.,BSE,STEP2COR.BO
531512.BO,ORIENT TRADELINK LTD.,BSE,ORIENTTR.BO
531515.BO,MAHAN INDUSTRIES LTD.,BSE,MAHANIN.BO
531518.BO,VIKAS PROPPANT & GRANITE LTD.,BSE,VIKASPROP.BO
531521.BO,DESH RAKSHAK AUSHDHALAYA LTD.,BSE,DESHRAK.BO
531525.BO,ACE SOFTWARE EXPORTS LTD.,BSE,ACESOFT.BO
531529.BO,SOFTRAK VENTURE INVESTMENT LTD,BSE,SOFTRAKV.BO
531533.BO,ACCEDERE LIMITED,BSE,ACCEDERE.BO
531537.BO,JYOTHI INFRAVENTURES LTD.,BSE,JYOTHI.BO
531539.BO,RISHABH DIGHA STEEL & ALLIED P,BSE,RISHDIGA.BO
531540.BO,MARUTI INFRASTRUCTURE LTD.,BSE,MAINFRA.BO
531541.BO,KOBO BIOTECH LIMITED,BSE,KOBO.BO
531550.BO,JHAVERI CREDITS & CAPITAL LTD.,BSE,JHACC.BO
531552.BO,RAGHUNATH TOBACCO CO.LTD.,BSE,RAGHUTOB.BO
531553.BO,DISHA RESOURCES LIMITED,BSE,DRL.BO
531568.BO,ASHUTOSH PAPER MILLS LTD.,BSE,ASHUTPM.BO
531569.BO,SANJIVANI PARANTERAL LTD.,BSE,SANJIVIN.BO
531574.BO,VAS INFRASTRUCTURE LTD.,BSE,VASINFRA.BO
531578.BO,KMF BUILDERS & DEVELOPERS LTD.,BSE,KMFBLDR.BO
531582.BO,BERYL SECURITIES LTD.,BSE,BERYLSE.BO
531585.BO,DEVINE IMPEX LTD.,BSE,DEVINE.BO
531591.BO,BAMPSL SECURITIES LTD.,BSE,BAMPSL.BO
531592.BO,GENPHARMASEC LIMITED,BSE,GENPHARMA.BO
531594.BO,INCON ENGINEERS LTD.,BSE,INCON.BO
531600.BO,GOGIA CAPITAL SERVICES LIMITED,BSE,GOGIACAP.BO
531608.BO,GORANI INDUSTRIES LTD.,BSE,GORANIN.BO
531609.BO,KG PETROCHEM LTD.,BSE,KGPETRO.BO
531613.BO,Meyer Apparel Limited,BSE,MAL.BO
531626.BO,OROSIL SMITHS INDIA LTD.,BSE,OROSMITHS.BO
531628.BO,TEJASSVI AAHARAM LIMITED,BSE,TEJASSVI.BO
531635.BO,SILVER OAK (INDIA) LTD.,BSE,SILVOAK.BO
531644.BO,TOKYO FINANCE LTD.,BSE,TOKYOFIN.BO
531651.BO,NATIONAL GENERAL INDUSTRIES LT,BSE,NATGENI.BO
531652.BO,THIRDWAVE FINANCIAL INTERMEDIA,BSE,THIRDFIN.BO
531661.BO,HITTCO TOOLS LTD.,BSE,HITTCO.BO
531667.BO,RR METALMAKERS INDIA LIMITED,BSE,RRMETAL.BO
531668.BO,VISION CORPORATION LTD.,BSE,VISIONCO.BO
531671.BO,BISIL PLAST LIMITED,BSE,BISIL.BO
531672.BO,INANI SECURITIES LTD.,BSE,INANISEC.BO
531673.BO,ANKA INDIA LTD.,BSE,ANKIN.BO
531681.BO,AMERISE BIOSCIENCES LIMITED,BSE,AMERISE.BO
531688.BO,Prithvi Exchange (India) Limit,BSE,PRITHVIEXCH.BO
531692.BO,KHYATI MULTIMEDIA-ENTERTAINMEN,BSE,KHYATI.BO
531694.BO,RAINBOW FOUNDATIONS LTD.,BSE,RAINBOWF.BO
531716.BO,TRICOM FRUIT PRODUCTS LIMITED,BSE,TRICOMFRU.BO
531726.BO,PANCHSHEEL ORGANICS LTD.,BSE,PANCHSHEEL.BO
531737.BO,GREENCREST FINANCIAL SERVICES,BSE,GREENCREST.BO
531739.BO,GENNEX LABORATORIES LTD.,BSE,GENNEX.BO
531744.BO,GINI SILK MILLS LTD.,BSE,GINISILK.BO
531752.BO,BIOGEN PHARMACHEM INDUSTRIES L,BSE,BIOGEN.BO
531758.BO,G.K.CONSULTANTS LTD.,BSE,GKCONS.BO
531762.BO,UNJHA FORMULATIONS LTD.,BSE,UNJHAFOR.BO
531778.BO,KACHCHH MINERALS LTD.,BSE,KACHCHH.BO
531779.BO,PADMANABH ALLOYS & POLYMERS LT,BSE,PADALPO.BO
531780.BO,KAISER CORPORATION LIMITED,BSE,KACL.BO
531784.BO,KCL Infra Projects Limited,BSE,KCLINFRA.BO
531797.BO,SCAN PROJECTS LTD.,BSE,SCANPRO.BO
531802.BO,PRERNA INFRABUILD LTD.,BSE,PRERINFRA.BO
531810.BO,METAL COATINGS (INDIA) LTD.,BSE,METALCO.BO
531812.BO,SGN TELECOMS LTD.,BSE,SGNTE.BO
531813.BO,GANGA PAPERS INDIA LTD.,BSE,GANGAPA.BO
531814.BO,TIRUPATI SARJAN LTD.,BSE,TIRSARJ.BO
531822.BO,RODIUM REALTY LIMITED,BSE,RODIUM.BO
531832.BO,NAGARJUNA AGRI TECH LTD.,BSE,NAGTECH.BO
531834.BO,NATURA HUE CHEM LTD.,BSE,NATHUEC.BO
531840.BO,IEC EDUCATION LTD.,BSE,IECEDU.BO
531841.BO,Indus Finance Limited,BSE,INDUSFINL.BO
531846.BO,TRINITY LEAGUE INDIA LTD.,BSE,TRINITYLEA.BO
531861.BO,JOINDRE CAPITAL SERVICES LTD.,BSE,JOINDRE.BO
531862.BO,BHARAT AGRI FERT & REALTY LTD.,BSE,BHARATAGRI.BO
531867.BO,UNITECH INTERNATIONAL LTD.,BSE,UNITINT.BO
531869.BO,SACHETA METALS LTD.,BSE,SACHEMT.BO
531870.BO,POPULAR ESTATE MANAGEMENT LTD.,BSE,POPULARES.BO
531878.BO,ANJANI FINANCE LTD.,BSE,ANJANIFIN.BO
531888.BO,REXNORD ELECTRONICS & CONTROLS,BSE,REXNORD.BO
531889.BO,INTEGRATED INDUSTRIES LIMITED,BSE,IIL.BO
531893.BO,SAWACA BUSINESS MACHINES LTD.,BSE,SAWABUSI.BO
531900.BO,CCL INTERNATIONAL LTD.,BSE,CCLINTER.BO
531902.BO,GALLOPS ENTERPRISE LTD.,BSE,GALLOPENT.BO
531909.BO,CROISSANCE LIMITED,BSE,CROISSANCE.BO
531910.BO,Madhuveer Com 18 Network Limit,BSE,MADHUVEER.BO
531911.BO,GALAXY AGRICO EXPORTS LTD.,BSE,GALAGEX.BO
531913.BO,GOPAL IRON & STEELS CO.(GUJARA,BSE,GOPAIST.BO
531918.BO,HINDUSTAN APPLIANCES LTD.,BSE,HINDAPL.BO
531923.BO,DHAMPURE SPECIALITY SUGARS LTD,BSE,DHAMPURE.BO
531925.BO,SHANTANU SHEOREY AQUAKULT LTD.,BSE,SHAQUAK.BO
531929.BO,INNOCORP LTD.,BSE,INNOCORP.BO
531930.BO,SARTHAK INDUSTRIES LTD.,BSE,SARTHAKIND.BO
531936.BO,BLUE CHIP INDIA LTD.,BSE,BLUECHIP.BO
531944.BO,SERVOTEACH INDUSTRIES LTD,BSE,SERVOTEACH.BO
531950.BO,VERTEX SECURITIES LTD.,BSE,VERTEX.BO
531952.BO,RIBA TEXTILES LTD.,BSE,RIBATEX.BO
531959.BO,NEWTIME INFRASTRUCTURE LIMITED,BSE,NEWINFRA.BO
531960.BO,Kashyap Tele-Medicines Limited,BSE,KASHYAP.BO
531962.BO,SHREE METALLOYS LTD.,BSE,SHREMETAL.BO
531968.BO,IITL PROJECTS LIMITED,BSE,IITLPROJ.BO
531977.BO,CHARTERED LOGISTICS LTD.,BSE,CHLOGIST.BO
531980.BO,SENTHIL INFOTEK LTD,BSE,SENINFO.BO
531982.BO,SPECTRUM FOODS LTD.,BSE,SPECFOOD.BO
531991.BO,AMRAWORLD AGRICO LTD.,BSE,AMRAAGRI.BO
531994.BO,AUTO PINS (INDIA) LTD.,BSE,AUTOPINS.BO
531997.BO,VUENOW INFRATECH LIMITED,BSE,VUENOW.BO
532001.BO,INDUCTO STEEL LTD.,BSE,INDCTST.BO
532005.BO,SAM INDUSTRIES LTD.,BSE,SAMINDUS.BO
532011.BO,VASHU BHAGNANI INDUSTRIES LIMI,BSE,POOJAENT.BO
532015.BO,GRAVITY (INDIA) LTD.,BSE,GRAVITY.BO
532016.BO,ESPIRE HOSPITALITY LIMITED,BSE,ESPIRE.BO
532035.BO,UNISTAR MULTIMEDIA LTD.,BSE,UNISTRMU.BO
532039.BO,ZENOTECH LABORATORIES LTD.,BSE,ZENOTECH.BO
532041.BO,HINDUSTAN BIO SCIENCES LTD.,BSE,HINDBIO.BO
532042.BO,FRONTLINE CORPORATION LTD.,BSE,FRONTCORP.BO
532053.BO,WALLFORT FINANCIAL SERVICES LT,BSE,WALLFORT.BO
532056.BO,ADINATH EXIM RESOURCES LTD.,BSE,ADIEXRE.BO
532057.BO,ABHINAV CAPITAL SERVICES LTD.,BSE,ABHICAP.BO
532070.BO,Sumuka Agro Industries Limited,BSE,SUMUKA.BO
532090.BO,VANDANA KNITWEAR LTD.,BSE,VANDANA.BO
532092.BO,EPUJA SPIRITECH LIMITED,BSE,EPUJA.BO
532100.BO,INDO-CITY INFOTECH LTD.,BSE,INDOCITY.BO
532102.BO,SBEC SUGAR LTD.,BSE,SBECSUG.BO
532113.BO,BRIJLAXMI LEASING & FINANCE LT,BSE,BRIJLEAS.BO
532123.BO,BSEL ALGO LIMITED,BSE,BSELALGO.BO
532124.BO,RELIABLE VENTURES INDIA LTD.,BSE,RELIABVEN.BO
532143.BO,SKM EGG PRODUCTS EXPORT (INDIA,BSE,SKMEGGPROD.BO
532145.BO,H.S.INDIA LTD.,BSE,HOTLSILV.BO
532154.BO,JOHNSON PHARMACARE LIMITED,BSE,JOHNPHARMA.BO
532159.BO,TRESCON LIMITED,BSE,TRESCON.BO
532160.BO,GUJARAT STATE FINANCIAL CORPOR,BSE,GUJSTATFIN.BO
532164.BO,MINOLTA FINANCE LTD.,BSE,MINOLTAF.BO
532183.BO,GAYATRI SUGARS LTD.,BSE,GAYATRI.BO
532217.BO,SIEL FINANCIAL SERVICES LTD.,BSE,SIELFNS.BO
532230.BO,BENGAL TEA & FABRICS LTD.,BSE,BENGALT.BO
532262.BO,TCI INDUSTRIES LTD.,BSE,TCIIND.BO
532284.BO,TCFC FINANCE LTD.,BSE,TCFCFINQ.BO
532303.BO,INTEGRATED HITECH LTD.,BSE,INTEGHIT.BO
532304.BO,KJMC CORPORATE ADVISORS (INDIA,BSE,KJMCCORP.BO
532315.BO,TELESYS SOFTWARE LTD.,BSE,TELESYS.BO
532320.BO,VAARAD VENTURES LTD,BSE,VAARAD.BO
532329.BO,DANLAW TECHNOLOGIES INDIA LTD.,BSE,DANLAW.BO
532340.BO,OMNI AXS SOFTWARE LTD.,BSE,OMNIAX.BO
532344.BO,SOFTSOL INDIA LTD.,BSE,SOFTSOL.BO
532345.BO,ALLCARGO GATI LIMITED,BSE,ACLGATI.BO
532350.BO,PADMALAYA TELEFILMS LTD.,BSE,PADMALAYAT.BO
532354.BO,Virgo Global Limited,BSE,VIRGOGLOB.BO
532355.BO,PICTUREHOUSE MEDIA LTD.,BSE,PICTUREHS.BO
532362.BO,NAGPUR POWER & INDUSTRIES LTD.,BSE,NAGPI.BO
532373.BO,WEP SOLUTIONS LTD.,BSE,WEPSOLN.BO
532378.BO,UNIVERSAL ARTS LTD.,BSE,UNIVARTS.BO
532379.BO,FIRST FINTEC LIMITED,BSE,FIRSTFIN.BO
532380.BO,BABA ARTS LTD.,BSE,BABA.BO
532384.BO,TYCHE INDUSTRIES LTD.,BSE,TYCHE.BO
532397.BO,KONNDOR INDUSTRIES LIMITED,BSE,KONNDOR.BO
532402.BO,USG TECH SOLUTIONS LTD.,BSE,USGTECH.BO
532404.BO,SAVEN TECHNOLOGIES LTD.,BSE,7TEC.BO
532413.BO,CEREBRA INTEGRATED TECHNOLOGIE,BSE,CEREBRAINT.BO
532425.BO,GENUS PRIME INFRA LIMITED,BSE,GENUSPRIME.BO
532435.BO,SANMIT INFRA LIMITED,BSE,SANINFRA.BO
532444.BO,T.SPIRITUAL WORLD LTD.,BSE,TSPIRITUAL.BO
532455.BO,SHALIMAR WIRES INDUSTRIES LTD.,BSE,SHALIWIR.BO
532479.BO,ISMT LTD.,BSE,ISMTLTD.BO
532532.BO,JAIPRAKASH ASSOCIATES LTD.,BSE,JPASSOCIAT.BO
532614.BO,IMPEX FERRO TECH LTD.,BSE,IMPEXFERRO.BO
532617.BO,JET AIRWAYS (INDIA) LTD.,BSE,JETAIRWAYS.BO
532629.BO,MCNALLY BHARAT ENGINEERING COM,BSE,MBECL.BO
532645.BO,BEEYU OVERSEAS LTD.,BSE,BEEYU.BO
532656.BO,FACOR ALLOYS LTD.,BSE,FACORALL.BO
532659.BO,IDFC LIMITED,BSE,IDFC.BO
532676.BO,PBA INFRASTRUCTURE LTD.,BSE,PBAINFRA.BO
532701.BO,CELLA SPACE LIMITED,BSE,CELLA.BO
532702.BO,GUJARAT STATE PETRONET LTD.,BSE,GSPL.BO
532734.BO,GODAWARI POWER & ISPAT LTD.,BSE,GPIL.BO
532744.BO,GTN TEXTILES LTD.,BSE,GTNTEX.BO
532745.BO,INDITRADE CAPITAL LIMITED,BSE,INDICAP.BO
532760.BO,DEEP ENERGY RESOURCES LIMITED,BSE,DEEPENR.BO
532766.BO,RICHA INDUSTRIES LTD.,BSE,RICHAIND.BO
532800.BO,TV18 BROADCAST LTD.,BSE,TV18BRDCST.BO
532806.BO,AI CHAMPDANY INDUSTRIES LTD.,BSE,AICHAMP.BO
532820.BO,E-Land Apparel Limited,BSE,ELAND.BO
532825.BO,JAGJANANI TEXTILES LTD.,BSE,JAGJANANI.BO
532829.BO,LEHAR FOOTWEARS LIMITED,BSE,LEHAR.BO
532855.BO,HARYANA CAPFIN LTD.,BSE,HARYNACAP.BO
532879.BO,SIR SHADI LAL ENTERPRISES LTD.,BSE,SSLEL.BO
532886.BO,SEL MANUFACTURING COMPANY LTD.,BSE,SELMC.BO
532911.BO,PARLE INDUSTRIES LIMITED,BSE,PARLEIND.BO
532918.BO,RATHI BARS LTD.,BSE,RATHIBAR.BO
532933.BO,PORWAL AUTO COMPONENTS LTD.,BSE,PORWAL.BO
532957.BO,GOKAK TEXTILES LTD.,BSE,GOKAKTEX.BO
532960.BO,Dhani Services Limited,BSE,DHANI.BO
532975.BO,TELOGICA LIMITED,BSE,TELOGICA.BO
532985.BO,KOTAK MAHINDRA MUTUAL FUND,BSE,SENSEX1.BO
532987.BO,RANE BRAKE LINING LTD.,BSE,RBL.BO
532988.BO,RANE ENGINE VALVE LTD.,BSE,RANEENGINE.BO
532992.BO,CHL LTD.,BSE,CHLLTD.BO
533007.BO,LGB FORGE LTD.,BSE,LGBFORGE.BO
533018.BO,SIMPLEX MILLS COMPANY LTD.,BSE,SIMPLXMIL.BO
533019.BO,SIMPLEX PAPERS LTD.,BSE,SIMPLXPAP.BO
533078.BO,MANJEERA CONSTRUCTIONS LTD.,BSE,MANJEERA.BO
533101.BO,SURYAAMBA SPINNING MILLS LTD.,BSE,SURYAAMBA.BO
533110.BO,SHREE PRECOATED STEELS LTD.,BSE,SPSL.BO
533149.BO,Yunik Managing Advisors Limite,BSE,YUNIKM.BO
533163.BO,ARSS INFRASTRUCTURE PROJECTS L,BSE,ARSSINFRA.BO
533167.BO,COROMANDEL ENGINEERING COMPANY,BSE,COROENGG.BO
533202.BO,SATCHMO HOLDINGS LIMITED,BSE,SATCH.BO
533230.BO,HDFC MUTUAL FUND - HDFC GOLD E,BSE,HDFCGOLD.BO
533244.BO,ICICI Prudential Gold ETF,BSE,GOLDIETF.BO
533261.BO,EROS INTERNATIONAL MEDIA LTD.,BSE,EROSMEDIA.BO
533268.BO,SEA TV NETWORK LTD.,BSE,SEATV.BO
533285.BO,RDB REALTY & INFRASTRUCTURE LT,BSE,RDBRIL.BO
533289.BO,KESAR TERMINALS & INFRASTRUCTU,BSE,KTIL.BO
533301.BO,SHEKHAWATI POLY-YARN LTD.,BSE,SPYL.BO
533315.BO,INNOVASSYNTH INVESTMENTS LTD.,BSE,INOVSYNTH.BO
533317.BO,OMKAR SPECIALITY CHEMICALS LTD,BSE,OMKARCHEM.BO
533320.BO,JUBILANT INDUSTRIES LTD.,BSE,JUBLINDS.BO
533385.BO,MOTILAL OSWAL MOST SHARES NASD,BSE,MON100.BO
533407.BO,CIL NOVA PETROCHEMICALS LTD.,BSE,CNOVAPETRO.BO
533408.BO,Aditya Birla Sun Life Mutual F,BSE,BSLGOLDETF.BO
533427.BO,VMS INDUSTRIES LTD.,BSE,VMS.BO
533553.BO,T D POWER SYSTEMS LTD.,BSE,TDPOWERSYS.BO
533570.BO,AXIS MUTUAL FUND - AXIS GOLD E,BSE,AXISGOLD.BO
533602.BO,LESHA INDUSTRIES LTD.,BSE,LESHAIND.BO
533608.BO,RDB RASAYANS LTD.,BSE,RDBRL.BO
533719.BO,IDBI MUTUAL FUND - IDBI GOLD E,BSE,LICMFGOLD.BO
533896.BO,FERVENT SYNERGIES LTD.,BSE,FERVENTSYN.BO
534060.BO,PMC FINCORP LIMITED,BSE,PMCFIN.BO
534063.BO,FUTURISTIC SOLUTIONS LTD.,BSE,FUTSOL.BO
534064.BO,ALLIANCE INTEGRATED METALIKS L,BSE,AIML.BO
534091.BO,MULTI COMMODITY EXCHANGE OF IN,BSE,MCX.BO
534190.BO,OLYMPIC CARDS LTD.,BSE,OLPCL.BO
534338.BO,MAXHEIGHTS INFRASTRUCTURE LTD.,BSE,MAXHEIGHTS.BO
534422.BO,LOOKS HEALTH SERVICES LIMITED,BSE,LOOKS.BO
534612.BO,ADVANCE METERING TECHNOLOGY LT,BSE,AMTL.BO
534623.BO,JUPITER INFOMEDIA LTD.,BSE,JUPITERIN.BO
534639.BO,VINAYAK POLYCON INTERNATIONAL,BSE,VINAYAKPOL.BO
534691.BO,COMFORT COMMOTRADE LTD.,BSE,COMCL.BO
534708.BO,SHANTI GURU INDUSTRIES LIMITED,BSE,SHANTIGURU.BO
534732.BO,CASPIAN CORPORATE SERVICES LIM,BSE,CASPIAN.BO
534733.BO,Aerpace Industries Limited,BSE,AERPACE.BO
534755.BO,TRIO MERCANTILE & TRADING LTD.,BSE,TRIOMERC.BO
534758.BO,CIGNITI TECHNOLOGIES LTD.,BSE,CIGNITITEC.BO
534796.BO,CDG PETCHEM LIMITED,BSE,CDG.BO
535204.BO,Mukta Agriculture Limited,BSE,MUKTA.BO
535205.BO,Mystic Electronics Limited,BSE,MYSTICELE.BO
535267.BO,COMFORT FINCAP LTD.,BSE,COMFINCAP.BO
535276.BO,SBI MUTUAL FUND - SBI ETF SENS,BSE,SBISENSEX.BO
535387.BO,LAKHOTIA POLYESTERS (INDIA) LT,BSE,LAKHOTIA.BO
535431.BO,GCM SECURITIES LTD,BSE,GCMSECU.BO
535514.BO,PRIME CAPITAL MARKET LTD.,BSE,PRIMECAPM.BO
535566.BO,KIFS FINANCIAL SERVICES LTD.,BSE,KIFS.BO
535657.BO,OBJECTONE INFORMATION SYSTEMS,BSE,OONE.BO
535719.BO,QUEST SOFTECH (INDIA) LTD,BSE,QUEST.BO
535730.BO,KHOOBSURAT LTD,BSE,KHOOBSURAT.BO
535910.BO,MONEY MASTERS LEASING & FINANC,BSE,MMLF.BO
535916.BO,ALACRITY SECURITIES LTD,BSE,ALSL.BO
536073.BO,JULIEN AGRO INFRATECH LIMITED,BSE,JULIEN.BO
536493.BO,JK AGRI GENETICS LTD,BSE,JKAGRI.BO
536659.BO,PVV Infra Limited,BSE,PVVINFRA.BO
536672.BO,VCU DATA MANAGEMENT LTD,BSE,VCU.BO
536709.BO,IND Renewable Energy Ltd,BSE,INDRENEW.BO
536710.BO,S R G SECURITIES FINANCE LTD,BSE,SRGSFL.BO
536738.BO,STELLAR CAPITAL SERVICES LTD,BSE,STELLAR.BO
536846.BO,YURANUS INFRASTRUCTURE LTD,BSE,YURANUS.BO
536960.BO,MOTILAL OSWAL MUTUAL FUND - MO,BSE,MOM100.BO
537007.BO,ICICI Prudential Nifty ETF,BSE,NIFTYIETF.BO
537008.BO,ICICI Prudential Nifty 100 ETF,BSE,NIF100IETF.BO
537069.BO,ARNOLD HOLDINGS LTD,BSE,ARNOLD.BO
537254.BO,RCI INDUSTRIES & TECHNOLOGIES,BSE,RCIIND.BO
537326.BO,CHEMTECH INDUSTRIAL VALVES LTD,BSE,CHEMTECH.BO
537483.BO,NIPPON INDIA ETF NIFTY 100,BSE,NIF100BEES.BO
537536.BO,DENIS CHEM LAB LTD,BSE,DENISCHEM.BO
537573.BO,POLYMAC THERMOFORMERS LTD,BSE,POLYMAC.BO
537582.BO,UNISHIRE URBAN INFRA LTD,BSE,UNISHIRE.BO
537707.BO,ETT LTD,BSE,ETT.BO
537708.BO,KOTAK MAHINDRA MUTUAL FUND - K,BSE,NIFTY1.BO
537709.BO,SHREE HANUMAN SUGAR & INDUSTRI,BSE,HANSUGAR.BO
537766.BO,B.C. POWER CONTROLS LTD,BSE,BCP.BO
537800.BO,MANGALAM INDUSTRIAL FINANCE LT,BSE,MANGIND.BO
537839.BO,PHOENIX TOWNSHIP LTD,BSE,PHOENIXTN.BO
537985.BO,INFRONICS SYSTEMS LTD,BSE,INFRONICS.BO
538057.BO,CPSE ETF,BSE,CPSEETF.BO
538081.BO,HARIA APPARELS LTD,BSE,HARIAAPL.BO
538212.BO,SHARP INVESTMENTS LTD,BSE,SHARPINV.BO
538273.BO,RESPONSE INFORMATICS LTD,BSE,RESPONSINF.BO
538319.BO,GCM CAPITAL ADVISORS LTD,BSE,GCMCAPI.BO
538351.BO,A.F. ENTERPRISES LTD,BSE,AFEL.BO
538382.BO,WEST LEISURE RESORTS LTD,BSE,WESTLEIRES.BO
538395.BO,NAM SECURITIES LTD,BSE,NAM.BO
538401.BO,MAESTROS ELECTRONICS & TELECOM,BSE,METSL.BO
538402.BO,SPS FINQUEST LTD,BSE,SPS.BO
538422.BO,JACKSON INVESTMENTS LTD,BSE,JACKSON.BO
538451.BO,WORTH INVESTMENT & TRADING CO,BSE,WORTH.BO
538452.BO,QUASAR INDIA LTD,BSE,QUASAR.BO
538464.BO,THIRANI PROJECTS LTD,BSE,TPROJECT.BO
538476.BO,CAPITAL TRADE LINKS LTD,BSE,CTL.BO
538496.BO,TARINI INTERNATIONAL LTD,BSE,TARINI.BO
538521.BO,YAAN ENTERPRISES LIMITED,BSE,YAANENT.BO
538539.BO,J. TAPARIA PROJECTS LTD,BSE,JTAPARIA.BO
538540.BO,RAMCHANDRA LEASING & FINANCE L,BSE,RLFL.BO
538542.BO,GOLD COIN HEALTH FOODS LTD,BSE,GOLDCOINHF.BO
538546.BO,BANSAL ROOFING PRODUCTS LTD,BSE,BRPL.BO
538556.BO,ARMAN HOLDINGS LTD,BSE,ARMAN.BO
538564.BO,JAMES WARREN TEA LTD,BSE,JAMESWARREN.BO
538565.BO,Vistar Amar Limited,BSE,VISTARAMAR.BO
538568.BO,FRUITION VENTURE LTD,BSE,FRUTION.BO
538569.BO,TRIVENI ENTERPRISES LTD,BSE,TRIVENIENT.BO
538596.BO,QUANTUM BUILD-TECH LTD,BSE,QUANTBUILD.BO
538597.BO,TTI ENTERPRISE LTD,BSE,TTIENT.BO
538609.BO,GAJANAN SECURITIES SERVICES LT,BSE,GAJANANSEC.BO
538610.BO,UNISON METALS LTD,BSE,UNISON.BO
538611.BO,Real Touch Finance Limited,BSE,RTFL.BO
538634.BO,VASUNDHARA RASAYANS LTD,BSE,VRL.BO
538646.BO,QGO FINANCE LIMITED,BSE,QGO.BO
538647.BO,PURSHOTTAM INVESTOFIN LTD,BSE,PURSHOTTAM.BO
538667.BO,Sirohia & Sons Limited,BSE,SIROHIA.BO
538683.BO,NIPPON INDIA ETF SENSEX,BSE,SENSEXBEES.BO
538706.BO,Ultracab (India) Limited,BSE,ULTRACAB.BO
538707.BO,Rajasthan Cylinders & Containe,BSE,RCCL.BO
538708.BO,Econo Trade (India) Limited,BSE,ETIL.BO
538713.BO,Atishay Limited,BSE,ATISHAY.BO
538716.BO,Aryaman Capital Markets Limite,BSE,ARYACAPM.BO
538731.BO,HANMAN FIT LIMITED,BSE,HANMAN.BO
538733.BO,Starlit Power Systems Limited,BSE,STARLIT.BO
538742.BO,PANABYTE TECHNOLOGIES LIMITED,BSE,PANABYTE.BO
538765.BO,JLA Infraville Shoppers Limite,BSE,JSHL.BO
538770.BO,Crane Infrastructure Limited,BSE,CRANEINFRA.BO
538772.BO,Niyogin Fintech Limited,BSE,NIYOGIN.BO
538778.BO,Kalyan Capitals Limited,BSE,KALYANCAP.BO
538787.BO,Goenka Business & Finance Limi,BSE,GBFL.BO
538788.BO,Gilada Finance & Investments L,BSE,GILADAFINS.BO
538794.BO,Jet Infraventure Limited,BSE,JETINFRA.BO
538817.BO,Captain Pipes Limited,BSE,CAPPIPES.BO
538833.BO,KAIZEN AGRO INFRABUILD LIMITED,BSE,KAIZENAGRO.BO
538834.BO,JMJ Fintech Limited,BSE,JMJFIN.BO
538837.BO,Jeevan Scientific Technology L,BSE,JSTL.BO
538838.BO,Indo Cotspin Limited,BSE,ICL.BO
538857.BO,Scintilla Commercial & Credit,BSE,SCC.BO
538860.BO,PANAFIC INDUSTRIALS LTD,BSE,PANAFIC.BO
538868.BO,Continental Securities Limited,BSE,CSL.BO
538874.BO,NEXUS SURGICAL AND MEDICARE LI,BSE,NEXUSSURGL.BO
538875.BO,SELLWIN TRADERS LIMITED,BSE,SELLWIN.BO
538881.BO,Galada Finance Limited,BSE,GALADAFIN.BO
538882.BO,Emerald Finance Limited,BSE,EMERALD.BO
538894.BO,Octal Credit Capital Ltd.,BSE,OCTAL.BO
538895.BO,Mihika Industries Ltd.,BSE,MIHIKA.BO
538918.BO,Vani Commercials Limited,BSE,VANICOM.BO
538919.BO,SKYLINE VENTURES INDIA LIMITED,BSE,SKILVEN.BO
538921.BO,Raghuvansh Agrofarms Limited,BSE,RAFL.BO
538922.BO,COSYN Limited,BSE,COSYN.BO
538923.BO,SOFCOM SYSTEMS LIMITED,BSE,SOFCOM.BO
538928.BO,Karnavati Finance Limited,BSE,KARNAVATI.BO
538952.BO,Abhinav Leasing & Finance Limi,BSE,ALFL.BO
538964.BO,Mercury Laboratories Limited,BSE,MERCURYLAB.BO
538965.BO,Concord Drugs Limited,BSE,CONCORD.BO
538975.BO,Shree Securities Ltd.,BSE,SHREESEC.BO
538987.BO,TALBROS ENGINEERING LIMITED,BSE,TALBROSENG.BO
538992.BO,Sar  Auto Products Limited,BSE,SAPL.BO
539005.BO,JAYATMA ENTERPRISES LIMITED,BSE,JAYATMA.BO
539011.BO,CHENNAI FERROUS INDUSTRIES LIM,BSE,CHENFERRO.BO
539012.BO,Megri Soft Limited,BSE,MEGRISOFT.BO
539013.BO,GITA RENEWABLE ENERGY LIMITED,BSE,GITARENEW.BO
539016.BO,Neil Industries Ltd.,BSE,NEIL.BO
539017.BO,STAR HOUSING FINANCE LIMITED,BSE,STARHFL.BO
539031.BO,SBI Mutual Fund,BSE,SETFBSE100.BO
539032.BO,Fraser And Company Limited,BSE,FRASER.BO
539040.BO,Tirupati Tyres Ltd.,BSE,TTIL.BO
539041.BO,GANESHA ECOVERSE LIMITED,BSE,GANVERSE.BO
539090.BO,Rajputana Investment and Finan,BSE,RAJPUTANA.BO
539096.BO,Aananda Lakshmi Spinning Mills,BSE,AANANDALAK.BO
539097.BO,UR SUGAR INDUSTRIES LIMITED,BSE,URSUGAR.BO
539098.BO,Filtra Consultants and Enginee,BSE,FILTRA.BO
539099.BO,Athena Constructions Limited,BSE,ATHCON.BO
539110.BO,Northlink Fiscal And Capital S,BSE,NORTHLINK.BO
539111.BO,SHESHADRI INDUSTRIES LIMITED,BSE,SHESHAINDS.BO
539115.BO,Alan Scott Industries Ltd.,BSE,ALANSCOTT.BO
539117.BO,Sujala Trading & Holding Ltd.,BSE,SUJALA.BO
539119.BO,Jain Marmo Industries Ltd.,BSE,JAINMARMO.BO
539120.BO,Bangalore Fort Farms Limited,BSE,BFFL.BO
539121.BO,Palco Metals Limited,BSE,PALCO.BO
539123.BO,V B INDUSTRIES LIMITED,BSE,VBIND.BO
539124.BO,Survottam Finvest Ltd.,BSE,SARVOTTAM.BO
539132.BO,Wardwizard Foods and Beverages,BSE,WARDWIZFBL.BO
539143.BO,PANTH INFINITY LIMITED,BSE,PANTH.BO
539149.BO,Integrated Capital Services Lt,BSE,ICSL.BO
539167.BO,Virat Leasing Limited,BSE,VLL.BO
539175.BO,Indra Industries Ltd.,BSE,INDRAIND.BO
539176.BO,Hawa Engineers ltd.,BSE,HAWAENG.BO
539189.BO,Adhbhut Infrastructure Ltd.,BSE,ADHBHUTIN.BO
539190.BO,Decillion Finance Ltd.,BSE,DFL.BO
539196.BO,Amba Enterprises Ltd.,BSE,AEL.BO
539198.BO,Capfin India Limited,BSE,CAPFIN.BO
539206.BO,GENOMIC VALLEY BIOTECH LIMITED,BSE,GVBL.BO
539216.BO,GARMENT MANTRA LIFESTYLE LIMIT,BSE,GARMNTMNTR.BO
539217.BO,Srestha Finvest Limited,BSE,SRESTHA.BO
539218.BO,Saumya Consultants Ltd.,BSE,SAUMYA.BO
539219.BO,MAURIA UDYOG LIMITED,BSE,MUL.BO
539220.BO,Mishka Exim Limited,BSE,MISHKA.BO
539222.BO,GROWINGTON VENTURES INDIA LIMI,BSE,GROWINGTON.BO
539224.BO,HCKK Ventures Limited,BSE,HCKKVENTURE.BO
539227.BO,Loyal Equipments Limited,BSE,LOYAL.BO
539228.BO,Gala Global Products Limited,BSE,GGPL.BO
539255.BO,STAR DELTA TRANSFORMERS LIMITE,BSE,STARDELTA.BO
539267.BO,SAMSRITA LABS LIMITED,BSE,SAMSRITA.BO
539273.BO,PECOS Hotels And Pubs Limited,BSE,PECOS.BO
539277.BO,Alstone Textiles (India) Ltd,BSE,ALSTONE.BO
539278.BO,Symbiox Investment & Trading C,BSE,SYMBIOX.BO
539288.BO,Avi Polymers Ltd.,BSE,AVI.BO
539291.BO,Vasudhagama Enterprises Limite,BSE,VASUDHAGAM.BO
539300.BO,A.K. Spintex Ltd.,BSE,AKSPINTEX.BO
539310.BO,THINKINK PICTUREZ LIMITED,BSE,THINKINK.BO
539312.BO,UTI BSE Sensex ETF,BSE,UTISENSETF.BO
539313.BO,UTI Mutual Fund,BSE,UTINIFTETF.BO
539314.BO,Universal Autofoundry Limited,BSE,UNIAUTO.BO
539337.BO,WAAREE TECHNOLOGIES LIMITED,BSE,WAAREE.BO
539353.BO,SAL AUTOMOTIVE LIMITED,BSE,SALAUTO.BO
539378.BO,Soni Medicare Limited,BSE,SML.BO
539383.BO,Mahaveer Infoway Limited,BSE,MINFY.BO
539384.BO,Krishna Capital And Securities,BSE,KRISHNACAP.BO
539391.BO,Acme Resources Limited,BSE,ACME.BO
539398.BO,Vishal Bearings Limited,BSE,VISHALBL.BO
539402.BO,Naksh Precious Metals Limited,BSE,NAKSH.BO
539405.BO,Decorous Investment and Tradin,BSE,DITCO.BO
539406.BO,Swagatam Trading & Services Li,BSE,SWAGTAM.BO
539408.BO,Kuber Udyog Limited,BSE,KUBERJI.BO
539409.BO,NEERAJ PAPER MARKETING LIMITED,BSE,NEERAJ.BO
539428.BO,Tejnaksh Healthcare Limited,BSE,TEJNAKSH.BO
539435.BO,Richfield Financial Services L,BSE,RFSL.BO
539449.BO,IGC Industries Limited,BSE,IGCIL.BO
539470.BO,Shree Ganesh Biotech (India) L,BSE,SHREEGANES.BO
539479.BO,GTV Engineering Limited,BSE,GTV.BO
539492.BO,Garbi Finvest Limited,BSE,GARBIFIN.BO
539494.BO,Smart Finsec Limited,BSE,SMARTFIN.BO
539495.BO,Rajkot Investment Trust Limite,BSE,RAJKOTINV.BO
539506.BO,Adcon Capital Services Limited,BSE,ADCON.BO
539516.BO,HDFC Mutual Fund,BSE,HDFCNIFTY.BO
539517.BO,HDFC Mutual Fund,BSE,HDFCSENSEX.BO
539522.BO,Grovy India Limited,BSE,GROVY.BO
539526.BO,Suncare Traders Limited,BSE,SCTL.BO
539527.BO,Creative Castings Limited,BSE,CREATIVE.BO
539528.BO,AAYUSH WELLNESS LIMITED,BSE,AAYUSH.BO
539544.BO,Abhishek Infraventures Limited,BSE,ABHIINFRA.BO
539546.BO,Beekay Niryat Limited,BSE,BNL.BO
539552.BO,F MEC INTERNATIONAL FINANCIAL,BSE,FMEC.BO
539559.BO,Deep Diamond India Limited,BSE,DDIL.BO
539561.BO,REMEDIUM LIFECARE LIMITED,BSE,REMLIFE.BO
539574.BO,Sunshine Capital Ltd.,BSE,SCL.BO
539584.BO,SHARANAM INFRAPROJECT AND TRAD,BSE,SIPTL.BO
539593.BO,Shivansh Finserv Limited,BSE,SHIVA.BO
539594.BO,Mishtann Foods Limited,BSE,MISHTANN.BO
539596.BO,Delta Industrial Resources Lim,BSE,DELTA.BO
539598.BO,CREDENT GLOBAL FINANCE LIMITED,BSE,CGFL.BO
539599.BO,Kotia Enterprises Limited,BSE,KEL.BO
539607.BO,Blue Cloud Softech Solutions L,BSE,BLUECLOUDS.BO
539620.BO,KANORIA ENERGY & INFRASTRUCTUR,BSE,KEIL.BO
539621.BO,BCL Enterprises Limited,BSE,BCLENTERPR.BO
539659.BO,Vidli Restaurants Limited,BSE,VIDLI.BO
539661.BO,ACE MEN ENGG WORKS LIMITED,BSE,ACEMEN.BO
539662.BO,BFL Asset Finvest Limited,BSE,BFLAFL.BO
539669.BO,RGF Capital Markets Limited,BSE,RGF.BO
539673.BO,Radhagobind Commercial Limited,BSE,RCL.BO
539679.BO,Kapil Raj Finance Ltd.,BSE,KAPILRAJ.BO
539692.BO,INTERACTIVE FINANCIAL SERVICES,BSE,IFINSER.BO
539697.BO,HILIKS TECHNOLOGIES LIMITED,BSE,HILIKS.BO
539760.BO,Relicab Cable Manufacturing Li,BSE,RELICAB.BO
539761.BO,Vantage Knowledge Academy Limi,BSE,VKAL.BO
539762.BO,MODERN ENGINEERING AND PROJECT,BSE,MEAPL.BO
539767.BO,Mega Nirman & Industries Limit,BSE,MNIL.BO
539784.BO,LIC MF EXHNGE TRADED FUND NIFT,BSE,LICNFNHGP.BO
539798.BO,Umiya Tubes Limited,BSE,UMIYA.BO
539800.BO,CHD Chemicals Limited,BSE,CHDCHEM.BO
539814.BO,LE LAVOIR LIMITED,BSE,LELAVOIR.BO
539834.BO,Balgopal Commercial limited,BSE,BALGOPAL.BO
539835.BO,Superior Finlease Limited,BSE,SUPERIOR.BO
539884.BO,Darshan Orna Limited,BSE,DARSHANORNA.BO
539911.BO,Svarnim Trade Udyog Limited,BSE,SNIM.BO
539917.BO,NAGARJUNA FERTILIZERS AND CHEM,BSE,NAGAFERT.BO
539938.BO,Medico Intercontinental Limite,BSE,MIL.BO
539939.BO,Yash Chemex Limited,BSE,YASHCHEM.BO
539945.BO,ICICI Prudential NV20 ETF,BSE,NV20IETF.BO
539946.BO,Bazel International Limited,BSE,BAZELINTER.BO
539947.BO,JINDAL LEASEFIN LIMITED,BSE,JLL.BO
539956.BO,TAAL Enterprises Limited,BSE,TAALENT.BO
539963.BO,Zeal Aqua Limited,BSE,ZEAL.BO
539980.BO,ICICI Prudential BSE Midcap Se,BSE,MIDSELIETF.BO
539984.BO,HINDUSTHAN URBAN INFRASTRUCTUR,BSE,HUIL.BO
540008.BO,Aditya Birla Sun Life Mutual F,BSE,BSLSENETFG.BO
540026.BO,Ladam Affortable Housing Limit,BSE,LAHL.BO
540063.BO,ECS Biztech Limited,BSE,ECS.BO
540072.BO,Shiva Granito Export Limited,BSE,SHIVAEXPO.BO
540078.BO,Mitsu Chem Plast Limited,BSE,MITSU.BO
540079.BO,Sprayking Limited,BSE,SPRAYKING.BO
540081.BO,Sab Events & Governance Now Me,BSE,SABEVENTS.BO
540097.BO,Visco Trade Associates Ltd,BSE,VISCO.BO
540108.BO,TIAAN CONSUMER LIMITED,BSE,TIAANC.BO
540132.BO,Sabrimala Industries India Lim,BSE,SIIL.BO
540134.BO,ISHAAN INFRASTRUCTURE AND SHEL,BSE,IISL.BO
540135.BO,ARC Finance Limited,BSE,ARCFIN.BO
540143.BO,Sagarsoft (India) Limited,BSE,SAGARSOFT.BO
540144.BO,DRA CONSULTANTS LIMITED,BSE,DRA.BO
540146.BO,ADITYA CONSUMER MARKETING LIMI,BSE,ACML.BO
540147.BO,Shashijit Infraprojects Limite,BSE,SHASHIJIT.BO
540151.BO,Diksat Transworld Limited,BSE,DIKSAT.BO
540154.BO,Bandhan Mutual Fund,BSE,IDFSENSEXE.BO
540159.BO,Purple Entertainment Limited,BSE,PURPLE.BO
540168.BO,Supra Pacific Financial Servic,BSE,SUPRAPFSL.BO
540174.BO,Southern Infosys Limited,BSE,SOUTHERNIN.BO
540175.BO,REGENCY FINCORP LIMITED,BSE,REGENCY.BO
540181.BO,Salem Erode Investments Ltd.,BSE,SALEM.BO
540190.BO,Franklin Industries Limited,BSE,FRANKLININD.BO
540198.BO,OSIAJEE TEXFAB LIMITED,BSE,OSIAJEE.BO
540204.BO,EIKO LIFESCIENCES LIMITED,BSE,EIKO.BO
540243.BO,NEW LIGHT APPARELS LIMTED,BSE,NEWLIGHT.BO
540252.BO,VEERAM SECURITIES LIMITED,BSE,VSL.BO
540254.BO,MARG TECHNO PROJECTS LIMITED,BSE,MTPL.BO
540259.BO,SHANGAR DECOR LIMITED,BSE,SHANGAR.BO
540267.BO,Flora Corporation Limited,BSE,FLORACORP.BO
540310.BO,Classic Filaments Limited,BSE,CFL.BO
540332.BO,Tanvi Foods (India) Limited,BSE,TANVI.BO
540359.BO,Parmax Pharma Limited,BSE,PARMAX.BO
540360.BO,LEADING LEASING FINANCE AND IN,BSE,LLFICL.BO
540361.BO,DANUBE INDUSTRIES LIMITED,BSE,DANUBE.BO
540377.BO,IFL ENTERPRISES LIMITED,BSE,IFL.BO
540386.BO,Ontic Finserve Limited,BSE,ONTIC.BO
540401.BO,Maximus International Limited,BSE,MAXIMUS.BO
540404.BO,PRIME FRESH LIMITED,BSE,PRIMEFRESH.BO
540416.BO,Octaware Technologies Limited,BSE,OCTAWARE.BO
540455.BO,Escorp Asset Management Limite,BSE,ESCORP.BO
540481.BO,Classic Leasing & Finance Ltd.,BSE,CLFL.BO
540492.BO,STARLINEPS ENTERPRISES LIMITED,BSE,STARLENT.BO
540515.BO,KANUNGO FINANCIERS LIMITED,BSE,KANUNGO.BO
540519.BO,Meera Industries Limited,BSE,MEERA.BO
540526.BO,IRB InvIT Fund,BSE,IRBINVIT.BO
540545.BO,Bhakti Gems And Jewellery Limi,BSE,BGJL.BO
540550.BO,Yug Decor Limited,BSE,YUG.BO
540565.BO,India Grid Trust,BSE,INDIGRID.BO
540570.BO,VARIMAN GLOBAL ENTERPRISES LIM,BSE,VARIMAN.BO
540590.BO,Riddhi Corporate Services Limi,BSE,RIDDHICORP.BO
540612.BO,ICICI Prudential Nifty Low Vol,BSE,LOWVOLIETF.BO
540614.BO,G G Engineering Limited,BSE,GGENG.BO
540615.BO,7NR Retail Limited,BSE,7NR.BO
540652.BO,Captain Technocast Limited,BSE,CTCL.BO
540654.BO,GlobalSpace Technologies Limit,BSE,GSTL.BO
540669.BO,UTI Mutual Fund,BSE,UTINEXT50.BO
540686.BO,Smruthi Organics Limited,BSE,SMRUTHIORG.BO
540693.BO,Shish Industries Limited,BSE,SHISHIND.BO
540694.BO,ANG Lifesciences India Limited,BSE,ANG.BO
540696.BO,KCD INDUSTRIES INDIA LIMITED,BSE,KCDGROUP.BO
540702.BO,Lasa Supergenerics Limited,BSE,LASA.BO
540703.BO,PRO CLB GLOBAL LIMITED,BSE,PROCLB.BO
540715.BO,Sagar Diamonds Limited,BSE,SAGAR.BO
540717.BO,Polo Queen Industrial and Fint,BSE,PQIF.BO
540718.BO,AKM CREATIONS LIMITED,BSE,AKM.BO
540726.BO,Trident Texofab Limited,BSE,TTFL.BO
540727.BO,Poojawestern Metaliks Limited,BSE,POOJA.BO
540729.BO,Vanta Bioscience Limited,BSE,VANTABIO.BO
540730.BO,Mehai Technology  Limited,BSE,MEHAI.BO
540738.BO,Shreeji Translogistics Limited,BSE,STL.BO
540782.BO,Sanghvi Brands Limited,BSE,SBRANDS.BO
540786.BO,SHARIKA ENTERPRISES LIMITED,BSE,SHARIKA.BO
540787.BO,ICICI Prudential Mutual Fund,BSE,ICICIB22.BO
540788.BO,Aspira Pathlab & Diagnostics L,BSE,ASPIRA.BO
540796.BO,Ratnabhumi Developers Limited,BSE,RATNABHUMI.BO
540798.BO,Future Supply Chain Solutions,BSE,FSC.BO
540809.BO,MRC AGROTECH LIMITED,BSE,MRCAGRO.BO
540811.BO,Diggi Multitrade Limited,BSE,DML.BO
540821.BO,SADHNA BROADCAST LTD,BSE,SADHNA.BO
540829.BO,Chandrima Mercantiles limited,BSE,CHANDRIMA.BO
540874.BO,7SEAS ENTERTAINMENT LIMITED,BSE,7SEASL.BO
540903.BO,CRP Risk Management Limited,BSE,CRPRISK.BO
540904.BO,TIRUPATI FOAM LIMITED,BSE,TIRUFOAM.BO
540914.BO,SRU Steels Limited,BSE,SRUSTEELS.BO
540936.BO,Gautam Gems Limited,BSE,GGL.BO
540953.BO,Kenvi Jewels Limited,BSE,KENVI.BO
540955.BO,Tasty Dairy Specialities Limit,BSE,TDSL.BO
540956.BO,Bhatia Communications & Retail,BSE,BHATIA.BO
540980.BO,The Yamuna Syndicate Ltd,BSE,YSL.BO
541083.BO,Inflame Appliances Limited,BSE,INFLAME.BO
541097.BO,DSP BlackRock Mutual Fund,BSE,LIQUIDETF.BO
541112.BO,Shreeshay Engineers Limited,BSE,SHREESHAY.BO
541144.BO,Active Clothing Co  Limited,BSE,ACTIVE.BO
541178.BO,Benara Bearings and Pistons Li,BSE,BENARA.BO
541179.BO,ICICI Securities Limited,BSE,ISEC.BO
541196.BO,Lex Nimble Solutions Limited,BSE,LEX.BO
541228.BO,Taylormade Renewables Limited,BSE,TRL.BO
541313.BO,ICICI Prudential BSE 500 ETF,BSE,BSE500IETF.BO
541337.BO,Milestone Furniture Limited,BSE,MILEFUR.BO
541338.BO,U. H. ZAVERI LIMITED,BSE,UHZAVERI.BO
541347.BO,Parvati Sweetners and Power Lt,BSE,PARVATI.BO
541353.BO,Innovators Facade Systems Limi,BSE,INNOVATORS.BO
541358.BO,UNIFINZ CAPITAL INDIA LIMITED,BSE,UCIL.BO
541444.BO,Palm Jewels Limited,BSE,PALMJEWELS.BO
541445.BO,Waa Solar Limited,BSE,WAA.BO
541503.BO,Unick Fix-A- Form and Printers,BSE,UNICK.BO
541601.BO,Rajnish Wellness Limited,BSE,RAJNISH.BO
541634.BO,Raw Edge Industrial Solutions,BSE,RAWEDGE.BO
541700.BO,TCNS Clothing Co. Limited,BSE,TCNSBRANDS.BO
541702.BO,Ashnisha Industries Limited,BSE,ASHNI.BO
541703.BO,RACONTEUR GLOBAL RESOURCES LIM,BSE,RACONTEUR.BO
541735.BO,Vivanta Industries Limited,BSE,VIVANTA.BO
541741.BO,Tinna Trade Limited,BSE,TINNATFL.BO
541771.BO,AMIN TANNERY LIMITED,BSE,AMINTAN.BO
541809.BO,ICICI Prudential Mutual Fund,BSE,NEXT50IETF.BO
541865.BO,Add-Shop E-Retail Limited,BSE,ASRL.BO
541890.BO,Space Incubatrics Technologies,BSE,SPACEINCUBA.BO
541945.BO,Ranjeet Mechatronics Limited,BSE,RANJEET.BO
541946.BO,ICICI Prudential BSE Liquid Ra,BSE,LIQUIDIETF.BO
541972.BO,SBI Mutual Fund,BSE,SETFSN50.BO
541983.BO,Innovative Ideals and Services,BSE,INNOVATIVE.BO
542012.BO,A-1 Acid Limited,BSE,AAL.BO
542013.BO,Dolfin Rubbers Limited,BSE,DOLFIN.BO
542019.BO,Shubham Polyspin Limited,BSE,SHUBHAM.BO
542025.BO,Sun Retail Limited,BSE,SUNRETAIL.BO
542034.BO,S. M. Gold Limited,BSE,SMGOLD.BO
542046.BO,VIVID MERCANTILE LIMITED,BSE,VIVIDM.BO
542123.BO,The Phosphate Company Limited,BSE,PHOSPHATE.BO
542131.BO,Mirae Asset Mutual Fund,BSE,NIFTYETF.BO
542146.BO,Shree Krishna Infrastructure L,BSE,SKIFL.BO
542155.BO,Diksha Greens Limited,BSE,DGL.BO
542176.BO,Aryan Share & Stock Brokers Lt,BSE,ARYAN.BO
542206.BO,NIVAKA FASHIONS LIMITED,BSE,NIVAKA.BO
542230.BO,Aditya Birla Sun Life Mutual F,BSE,ABSLNN50ET.BO
542248.BO,Deccan Health Care Limited,BSE,DECCAN.BO
542376.BO,SPA Capital Services Limited,BSE,SPACAPS.BO
542446.BO,Jonjua Overseas Limited,BSE,JONJUA.BO
542459.BO,Kranti Industries Limited,BSE,KRANTI.BO
542513.BO,UTI BSE  Sensex Next 50 ETF,BSE,UTISXN50.BO
542524.BO,AMBASSADOR INTRA HOLDINGS LIMI,BSE,AIHL.BO
542579.BO,Ashapuri Gold Ornament Limited,BSE,AGOL.BO
542602.BO,Embassy Office Parks REIT,BSE,EMBASSY.BO
542627.BO,Chandni Machines Limited,BSE,CHANDNIMACH.BO
542628.BO,Northern Spirits Limited,BSE,NSL.BO
542654.BO,V R FILMS & STUDIOS LIMITED,BSE,VRFILMS.BO
542666.BO,G. K. P. Printing & Packaging,BSE,GKP.BO
542667.BO,White Organic Retail Limited,BSE,WORL.BO
542668.BO,EVANS ELECTRIC LIMITED,BSE,EVANS.BO
542669.BO,BMW INDUSTRIES LIMITED,BSE,BMW.BO
542678.BO,Cian Healthcare Limited,BSE,CHCL.BO
542679.BO,Dhanashree Electronics Limited,BSE,DEL.BO
542682.BO,Harish Textile Engineers Limit,BSE,HARISH.BO
542694.BO,Parshva Enterprises Limited,BSE,PARSHVA.BO
542721.BO,Anand Rayons Limited,BSE,ARL.BO
542724.BO,Murae Organisor Limited,BSE,MURAE.BO
542727.BO,City Pulse Multiplex Limited,BSE,CPML.BO
542728.BO,SK International Export Limite,BSE,SKIEL.BO
542730.BO,ICICI Prudential Mutual Fund,BSE,BANKIETF.BO
542747.BO,NIPPON INDIA ETF SENSEX NEXT 5,BSE,SNXT50BEES.BO
542753.BO,SEACOAST SHIPPING SERVICES LIM,BSE,SEACOAST.BO
542758.BO,ICICI Prudential Mutual Fund,BSE,PVTBANIETF.BO
542765.BO,Transpact Enterprises Limited,BSE,TRANSPACT.BO
542770.BO,Alphalogic Techsys Limited,BSE,ALPHALOGIC.BO
542802.BO,Galactico Corporate Services L,BSE,GALACTICO.BO
542803.BO,Vaxfab Enterprises Limited,BSE,VEL.BO
542804.BO,Nippon India Mutual Fund,BSE,NIESSPJ.BO
542837.BO,Nippon India Mutual Fund,BSE,NIESSPE.BO
542839.BO,Nippon India Mutual Fund,BSE,NIEHSPD.BO
542841.BO,Nippon India Mutual Fund,BSE,NIEHSPE.BO
542844.BO,Nippon India Mutual Fund,BSE,NIEHSPH.BO
542847.BO,Nippon India Mutual Fund,BSE,NIESSPL.BO
542848.BO,Nippon India Mutual Fund,BSE,NIESSPM.BO
542850.BO,GOBLIN INDIA LIMITED,BSE,GOBLIN.BO
542862.BO,Shahlon Silk Industries Limite,BSE,SHAHLON.BO
542863.BO,Aditya Birla Sun Life Mutual F,BSE,ABSLBANETF.BO
542865.BO,Anuroop Packaging Limited,BSE,ANUROOP.BO
542866.BO,COLAB CLOUD PLATFORMS LIMITED,BSE,COLABCLOUD.BO
542909.BO,Edelweiss Mutual Fund,BSE,EBBETF0430.BO
542918.BO,Gian Life Care Limited,BSE,GIANLIFE.BO
542921.BO,ICICI Prudential Mutual Fund,BSE,MIDCAPIETF.BO
542922.BO,Mirae Asset Mutual Fund,BSE,NEXT50.BO
542924.BO,Janus Corporation Limited,BSE,JANUSCORP.BO
542934.BO,Chandra Bhagat Pharma Limited,BSE,CBPL.BO
542938.BO,Octavius Plantations Limited,BSE,OCTAVIUSPL.BO
543065.BO,SM Auto Stamping Limited,BSE,SMAUTO.BO
543079.BO,Nippon India Mutual Fund,BSE,07GPG.BO
543087.BO,Nippon India Mutual Fund,BSE,09AGG.BO
543099.BO,UTI Mutual Fund,BSE,UTCRFS2DGR.BO
543121.BO,UTI Mutual Fund,BSE,UTMTFS2DGR.BO
543144.BO,Nippon India Mutual Fund,BSE,08MPD.BO
543150.BO,Nippon India Mutual Fund,BSE,08GPG.BO
543161.BO,Nippon India Mutual Fund,BSE,10AGG.BO
543165.BO,Nippon India Mutual Fund,BSE,10ARD.BO
543167.BO,Nippon India Mutual Fund,BSE,10GPG.BO
543171.BO,RO Jewels Limited,BSE,ROJL.BO
543172.BO,Cospower Engineering Limited,BSE,COSPOWER.BO
543173.BO,Nippon India Mutual Fund,BSE,11DPR.BO
543174.BO,Nippon India Mutual Fund,BSE,11GPG.BO
543175.BO,Nippon India Mutual Fund,BSE,11MPD.BO
543176.BO,Nippon India Mutual Fund,BSE,11MPR.BO
543177.BO,Nippon India Mutual Fund,BSE,11QPD.BO
543181.BO,Nippon India Mutual Fund,BSE,11AGG.BO
543182.BO,Nippon India Mutual Fund,BSE,11AMD.BO
543186.BO,Nippon India Mutual Fund,BSE,11DPD.BO
543194.BO,Nirmitee Robotics India Limite,BSE,NIRMITEE.BO
543207.BO,Natural Biocon (India) Limited,BSE,NATURAL.BO
543208.BO,REGIS INDUSTRIES LIMITED,BSE,REGIS.BO
543209.BO,Billwin Industries Limited,BSE,BILLWIN.BO
543216.BO,Edelweiss Mutual Fund,BSE,EBBETF0431.BO
543217.BO,Mindspace Business Parks REIT,BSE,MINDSPACE.BO
543219.BO,ICICI Prudential Mutual Fund,BSE,ALPL30IETF.BO
543221.BO,ICICI Prudential Mutual Fund,BSE,ITIETF.BO
543224.BO,HDFC Mutual Fund,BSE,HDFCNIFBAN.BO
543226.BO,UTI Mutual Fund,BSE,UTIBANKETF.BO
543229.BO,Samrat Forgings Limited,BSE,SAMRATFORG.BO
543232.BO,Computer Age Management Servic,BSE,CAMS.BO
543237.BO,Mazagon Dock Shipbuilders Limi,BSE,MAZDOCK.BO
543239.BO,G M Polyplast Limited,BSE,GMPL.BO
543241.BO,Veer Global Infraconstruction,BSE,VGIL.BO
543244.BO,Shine Fashions (India) Limited,BSE,SHINEFASH.BO
543250.BO,Motilal Oswal Mutual Fund,BSE,MOGSEC.BO
543255.BO,Nippon India Mutual Fund,BSE,INFRABEES.BO
543256.BO,RITA FINANCE AND LEASING LIMIT,BSE,RFLL.BO
543261.BO,Brookfield India Real Estate T,BSE,BIRET.BO
543262.BO,MRP Agro Limited,BSE,MRP.BO
543273.BO,Knowledge Marine & Engineering,BSE,KMEW.BO
543274.BO,SUUMAYA CORPORATION LIMITED,BSE,SUUMAYA.BO
543282.BO,Niks Technology Limited,BSE,NIKSTECH.BO
543285.BO,Rajeshwari Cans Limited,BSE,RCAN.BO
543286.BO,Jetmall Spices and Masala Limi,BSE,JETMALL.BO
543289.BO,Kuberan Global Edu Solutions L,BSE,KGES.BO
543290.BO,POWERGRID Infrastructure Inves,BSE,PGINVIT.BO
543291.BO,Mirae Asset Mutual Fund,BSE,MAFANG.BO
543292.BO,ICICI Prudential Mutual Fund,BSE,HEALTHIETF.BO
543297.BO,Inox Wind Energy Limited,BSE,IWEL.BO
543308.BO,Krishna Institute of Medical S,BSE,KIMS.BO
543319.BO,AA Plus Tradelink Limited,BSE,AAPLUSTRAD.BO
543323.BO,Mirae Asset Mutual Fund,BSE,BFSI.BO
543326.BO,ICICI Prudential Mutual Fund,BSE,FMCGIETF.BO
543341.BO,SHARPLINE BROADCAST LIMITED,BSE,SHARPLINE.BO
543346.BO,Aashka Hospitals Limited,BSE,AASHKA.BO
543347.BO,Axis Mutual Fund,BSE,AXISTECETF.BO
543348.BO,Axis Mutual Fund,BSE,AXISHCETF.BO
543349.BO,Ami Organics Limited,BSE,AMIORG.BO
543351.BO,Naapbooks Limited,BSE,NBL.BO
543357.BO,Axis Mutual Fund,BSE,AXISCETF.BO
543363.BO,Prevest Denpro Limited,BSE,PREVEST.BO
543365.BO,Mirae Asset Mutual Fund,BSE,MASPTOP50.BO
543367.BO,Paras Defence and Space Techno,BSE,PARAS.BO
543372.BO,Getalong Enterprise Limited,BSE,GETALONG.BO
543373.BO,Shri Venkatesh Refineries Limi,BSE,SVRL.BO
543375.BO,Promax Power Limited,BSE,PROMAX.BO
543376.BO,Samor Reality Limited,BSE,SAMOR.BO
543378.BO,CWD Limited,BSE,CWD.BO
543388.BO,DSP Mutual Fund,BSE,EQUAL50ADD.BO
543391.BO,Suyog Gurbaxani Funicular Rope,BSE,SGFRL.BO
543400.BO,Omnipotent Industries Limited,BSE,OMNIPOTENT.BO
543410.BO,DMR Hydroengineering & Infrast,BSE,DMR.BO
543414.BO,Mirae Asset Mutual Fund,BSE,MAHKTECH.BO
543418.BO,Edelweiss Mutual Fund,BSE,BBETF0432.BO
543435.BO,CLARA INDUSTRIES LIMITED,BSE,CLARA.BO
543437.BO,Motilal Oswal Mutual Fund,BSE,MONQ50.BO
543438.BO,DSP Mutual Fund,BSE,MIDQ50ADD.BO
543439.BO,Brandbucket Media & Technology,BSE,BRANDBUCKT.BO
543440.BO,DSP Mutual Fund,BSE,NIFTY50ADD.BO
543443.BO,Ascensive Educare Limited,BSE,ASCENSIVE.BO
543444.BO,FABINO ENTERPRISES LIMITED,BSE,FABINO.BO
543450.BO,ICICI Prudential Mutual Fund,BSE,AUTOIETF.BO
543452.BO,ICICI Prudential Mutual Fund,BSE,SILVERIETF.BO
543453.BO,ALKOSIGN LIMITED,BSE,ALKOSIGN.BO
543454.BO,Mirae Asset Mutual Fund,BSE,MAKEINDIA.BO
543461.BO,Safa Systems & Technologies Li,BSE,SSTL.BO
543462.BO,DEV INFORMATION TECHNOLOGY LIM,BSE,DEVIT.BO
543464.BO,Maruti Interior Products Limit,BSE,SPITZE.BO
543465.BO,Motilal Oswal Mutual Fund,BSE,MOMOMENTUM.BO
543471.BO,Aditya Birla Sun Life Mutual F,BSE,SILVER.BO
543472.BO,Aditya Birla Sun Life Mutual F,BSE,TECH.BO
543473.BO,Aditya Birla Sun Life Mutual F,BSE,HEALTHY.BO
543474.BO,Aditya Birla Sun Life Mutual F,BSE,BSLNIFTY.BO
543475.BO,Ekennis Software Service Limit,BSE,EKENNIS.BO
543481.BO,Mirae Asset Mutual Fund,BSE,MIDCAPETF.BO
543497.BO,Bhatia Colour Chem Limited,BSE,BCCL.BO
543499.BO,Achyut Healthcare Limited,BSE,ACHYUT.BO
543500.BO,Evoq Remedies Limited,BSE,EVOQ.BO
543501.BO,Motilal Oswal Mutual Fund,BSE,MOLOWVOL.BO
543515.BO,Sunrise Efficient Marketing Li,BSE,SEML.BO
543516.BO,DHYAANI TRADEVENTTURES LIMITED,BSE,DHYAANITR.BO
543518.BO,Eighty Jewellers Limited,BSE,EIGHTY.BO
543520.BO,Global Longlife Hospital and R,BSE,GLHRL.BO
543521.BO,Fone4 Communications (India) L,BSE,FONE4.BO
543522.BO,Nanavati Ventures Limited,BSE,NVENTURES.BO
543525.BO,Silver Touch Technologies Limi,BSE,SILVERTUC.BO
543531.BO,Tierra Agrotech Limited,BSE,TIERRA.BO
543536.BO,Silver Pearl Hospitality & Lux,BSE,SILVERPRL.BO
543538.BO,Goel Food Products Limited,BSE,GOEL.BO
543541.BO,SAILANI TOURS N TRAVELS LIMITE,BSE,SAILANI.BO
543542.BO,KESAR INDIA LIMITED,BSE,KESAR.BO
543544.BO,JAYANT INFRATECH LIMITED,BSE,JAYANT.BO
543545.BO,Veerkrupa Jewellers Limited,BSE,VEERKRUPA.BO
543546.BO,HEALTHY LIFE AGRITEC LIMITED,BSE,HEALTHYLIFE.BO
543563.BO,Motilal Oswal Mutual Fund,BSE,MOHEALTH.BO
543568.BO,ICICI Prudential Mutual Fund,BSE,MOM30IETF.BO
543569.BO,HDFC Mutual Fund,BSE,HDFCNIF100.BO
543570.BO,HDFC Mutual Fund,BSE,HDFCNEXT50.BO
543571.BO,ICICI Prudential Mutual Fund,BSE,INFRAIETF.BO
543574.BO,Aditya Birla Sun Life Mutual F,BSE,NIFTYQLITY.BO
543575.BO,Aditya Birla Sun Life Mutual F,BSE,MOMENTUM.BO
543576.BO,Motilal Oswal Mutual Fund,BSE,MOVALUE.BO
543577.BO,Motilal Oswal Mutual Fund,BSE,MOQUALITY.BO
543578.BO,Olatech Solutions Limited,BSE,OLATECH.BO
543592.BO,HDFC Mutual Fund,BSE,HDFCSILVER.BO
543594.BO,DIPNA PHARMACHEM LIMITED,BSE,DPL.BO
543595.BO,EP BIOCOMPOSITES LIMITED,BSE,EPBIO.BO
543605.BO,HDFC Mutual Fund,BSE,HDFCQUAL.BO
543606.BO,CONTAINE TECHNOLOGIES LIMITED,BSE,CONTAINE.BO
543607.BO,HDFC Mutual Fund,BSE,HDFCGROWTH.BO
543608.BO,HDFC Mutual Fund,BSE,HDFCVALUE.BO
543613.BO,MAFIA TRENDS LIMITED,BSE,MAFIA.BO
543615.BO,SILICON RENTAL SOLUTIONS LIMIT,BSE,SRSOLTD.BO
543616.BO,Trident Lifeline Limited,BSE,TLL.BO
543618.BO,Cargotrans Maritime Limited,BSE,CARGOTRANS.BO
543619.BO,Concord Control Systems Limite,BSE,CNCRD.BO
543621.BO,Cargosol Logistics Limited,BSE,CARGOSOL.BO
543622.BO,STEELMAN TELECOM LIMITED,BSE,STML.BO
543625.BO,SecUR Credentials Limited,BSE,SECURCRED.BO
543627.BO,HDFC Mutual Fund,BSE,HDFCLOWVOL.BO
543628.BO,HDFC Mutual Fund,BSE,HDFCMOMENT.BO
543637.BO,PACE E-COMMERCE VENTURES LIMIT,BSE,PACE.BO
543656.BO,Technopack Polymers Limited,BSE,TECHNOPACK.BO
543665.BO,HDFC Mutual Fund,BSE,HDFCNIFIT.BO
543666.BO,HDFC Mutual Fund,BSE,HDFCPVTBAN.BO
543677.BO,ICICI Prudential Mutual Fund,BSE,FINIETF.BO
543678.BO,AMBO AGRITEC LIMITED,BSE,AMBOAGRI.BO
543699.BO,Edelweiss Mutual Fund,BSE,EBBETF0433.BO
543709.BO,PNGS GARGI FASHION JEWELLERY L,BSE,GARGI.BO
543710.BO,ICICI Prudential Mutual Fund,BSE,COMMOIETF.BO
543713.BO,Droneacharya Aerial Innovation,BSE,DRONACHRYA.BO
543715.BO,Indiabulls Enterprises Limited,BSE,IEL.BO
543737.BO,Aveer Foods Limited,BSE,AVEER.BO
543738.BO,DSP Mutual Fund,BSE,BANKETFADD.BO
543744.BO,Rex Sealing and Packing Indust,BSE,REXSEAL.BO
543745.BO,SVS VENTURES LIMITED,BSE,SVS.BO
543746.BO,LOGICA INFOWAY LIMITED,BSE,LOGICA.BO
543754.BO,TRANSVOY LOGISTICS INDIA LIMIT,BSE,TRANSVOY.BO
543765.BO,Earthstahl & Alloys Limited,BSE,EARTH.BO
543769.BO,INDONG TEA COMPANY LIMITED,BSE,INDONG.BO
543774.BO,HDFC Mutual Fund,BSE,HDFCBSE500.BO
543775.BO,HDFC Mutual Fund,BSE,HDFCSML250.BO
543776.BO,HDFC Mutual Fund,BSE,HDFCMID150.BO
543781.BO,Mirae Asset Mutual Fund,BSE,GOLDETF.BO
543782.BO,Sealmatic India Limited,BSE,SEALMATIC.BO
543787.BO,Macfos Limited,BSE,ROBU.BO
543798.BO,Patron Exim Limited,BSE,PATRON.BO
543799.BO,S. V. J. Enterprises Limited,BSE,SVJ.BO
543805.BO,RESGEN LIMITED,BSE,RESGEN.BO
543806.BO,ITCONS E-Solutions Limited,BSE,ITCONS.BO
543813.BO,Aditya Birla Sun Life Mutual F,BSE,ABSLLIQUID.BO
543819.BO,ICICI Prudential Mutual Fund,BSE,PSUBNKIETF.BO
543828.BO,SUDARSHAN PHARMA INDUSTRIES LI,BSE,SUDARSHAN.BO
543830.BO,LABELKRAFT TECHNOLOGIES LIMITE,BSE,LABELKRAFT.BO
543831.BO,Bright Outdoor Media Limited,BSE,BRIGHT.BO
543848.BO,Dev Labtech Venture Limited,BSE,DEVLAB.BO
543858.BO,Mirae Asset Mutual Fund,BSE,LOWVOL.BO
543860.BO,J.A. Finance Limited,BSE,JAFINANCE.BO
543874.BO,Maiden Forgings Limited,BSE,MAIDEN.BO
543875.BO,Mirae Asset Mutual Fund,BSE,GSEC10YEAR.BO
543895.BO,Exhicon Events Media Solutions,BSE,EXHICON.BO
543897.BO,Sancode Technologies Limited,BSE,SANCODE.BO
543900.BO,UTI Mutual Fund,BSE,SILVERETF.BO
543902.BO,Retina Paints Limited,BSE,RETINA.BO
543903.BO,DSP Mutual Fund,BSE,GOLDETFADD.BO
543905.BO,INNOKAIZ INDIA LIMITED,BSE,INNOKAIZ.BO
543913.BO,Nexus Select Trust,BSE,NXST.BO
543916.BO,Hemant Surgical Industries Lim,BSE,HSIL.BO
543920.BO,CFF FLUID CONTROL LIMITED,BSE,CFF.BO
543921.BO,Comrade Appliances Limited,BSE,COMRADE.BO
543922.BO,Mirae Asset Mutual Fund,BSE,SILVRETF.BO
543924.BO,Sonalis Consumer Products Limi,BSE,SONALIS.BO
543926.BO,Bizotic Commercial Limited,BSE,BIZOTIC.BO
543927.BO,Asian Warehousing Limited,BSE,ASIAN.BO
543928.BO,Cosmic CRF Limited,BSE,COSMICCRF.BO
543931.BO,VEEFIN SOLUTIONS LIMITED,BSE,VEEFIN.BO
543934.BO,Machhar Industries Limited,BSE,MACIND.BO
543935.BO,DSP Mutual Fund,BSE,ITETFADD.BO
543937.BO,ALPHALOGIC INDUSTRIES LIMITED,BSE,ALPHAIND.BO
543939.BO,Kaka Industries Limited,BSE,KAKA.BO
543941.BO,AHASOLAR TECHNOLOGIES LIMITED,BSE,AHASOLAR.BO
543943.BO,ASARFI HOSPITAL LIMITED,BSE,ASARFI.BO
543944.BO,Mirae Asset Mutual Fund,BSE,BANKETF.BO
543946.BO,Mirae Asset Mutual Fund,BSE,LIQUID.BO
543947.BO,DSP BSE Sensex ETF,BSE,SENSEXADD.BO
543948.BO,DSP Mutual Fund,BSE,PSUBANKADD.BO
543949.BO,DSP Mutual Fund,BSE,PVTBANKADD.BO
543951.BO,Innovatus Entertainment Networ,BSE,INNOVATUS.BO
543953.BO,Khazanchi Jewellers Limited,BSE,KHAZANCHI.BO
543956.BO,ICICI Prudential Mutual Fund,BSE,QUAL30IETF.BO
543963.BO,SHELTER PHARMA LIMITED,BSE,SHELTER.BO
543971.BO,Bondada Engineering Limited,BSE,BONDADA.BO
543973.BO,HDFC Mutual Fund,BSE,HDFCLIQUID.BO
543975.BO,UTI Mutual Fund,BSE,NIFMID150.BO
543976.BO,Shradha AI Technologies Limite,BSE,SHRAAITECH.BO
543980.BO,Jupiter Life Line Hospitals Li,BSE,JLHL.BO
543982.BO,Meson Valves India Limited,BSE,MESON.BO
543987.BO,Navi Mutual Fund,BSE,NAVINIFTY.BO
543988.BO,Nuvama Wealth Management Limit,BSE,NUVAMA.BO
543991.BO,TECHKNOWGREEN SOLUTIONS LIMITE,BSE,TECHKGREEN.BO
543997.BO,ORGANIC RECYCLING SYSTEMS LIMI,BSE,ORGANICREC.BO
543999.BO,Mirae Asset Mutual Fund,BSE,SENSEXETF.BO
544001.BO,Sunita Tools Limited,BSE,SUNITATOOL.BO
544006.BO,Mirae Asset Mutual Fund,BSE,ITETF.BO
544007.BO,Mirae Asset Mutual Fund,BSE,ALPHAETF.BO
544011.BO,Vrundavan Plantation Limited,BSE,VPL.BO
544013.BO,KK Shah Hospitals Limited,BSE,KKSHL.BO
544015.BO,Mish Designs Limited,BSE,MISHDESIGN.BO
544023.BO,Kalyani Cast-Tech Limited,BSE,KALYANI.BO
544035.BO,Swashthik Plascon Limited,BSE,SPL.BO
544036.BO,DEEPAK CHEMTEX LIMITED,BSE,DEEPAKCHEM.BO
544037.BO,Amic Forging Limited,BSE,AMIC.BO
544047.BO,Siyaram Recycling Industries L,BSE,SIYARAM.BO
544052.BO,Benchmark Computer Solutions L,BSE,BENCHMARK.BO
544059.BO,SHANTI SPINTEX LIMITED,BSE,SHANTIDENM.BO
544072.BO,AIK Pipes and Polymers Limited,BSE,AIKPIPES.BO
544073.BO,Manoj Ceramic Limited,BSE,MCPL.BO
544074.BO,Shri Balaji Valve Components L,BSE,SBVCL.BO
544080.BO,Sayaji Hotels (Indore) Limited,BSE,SHILINDORE.BO
544082.BO,New Swan Multitech Limited,BSE,SWANAGRO.BO
544083.BO,Shree Marutinandan Tubes Limit,BSE,SHREE.BO
544089.BO,Zerodha Mutual Fund,BSE,LIQUIDCASE.BO
544090.BO,Sayaji Hotels (Pune) Limited,BSE,SHPLPUNE.BO
544091.BO,Qualitek Labs Limited,BSE,QLL.BO
544092.BO,Bajaj Finserv Mutual Fund,BSE,NIFTYBETF.BO
544093.BO,Bajaj Finserv Mutual Fund,BSE,BANKBETF.BO
544094.BO,Euphoria Infotech (India) Limi,BSE,EUPHORIAIT.BO
544102.BO,UTI Mutual Fund,BSE,NIFITETF.BO
544103.BO,UTI Mutual Fund,BSE,NIF5GETF.BO
544105.BO,HARSHDEEP HORTICO LIMITED,BSE,HARSHDEEP.BO
544106.BO,Mayank Cattle Food Limited,BSE,MCFL.BO
544108.BO,Gabriel Pet Straps Limited,BSE,GPSL.BO
544109.BO,DSP Mutual Fund,BSE,HEALTHADD.BO
544110.BO,HDFC Mutual Fund,BSE,HDFCPSUBK.BO
544112.BO,JASCH GAUGING TECHNOLOGIES LIM,BSE,JGTL.BO
544121.BO,Rudra Gas Enterprise Limited,BSE,RUDRAGAS.BO
544123.BO,LIC Mutual Fund,BSE,LICNMID100.BO
544130.BO,Mirae Asset Mutual Fund,BSE,SMALLCAP.BO
544132.BO,Zerodha Mutual Fund,BSE,GOLDCASE.BO
544137.BO,Bharat Highways InvIT,BSE,BHINVIT.BO
544139.BO,KOURA FINE DIAMOND JEWELRY LIM,BSE,KOURA.BO
544141.BO,Pune E - Stock Broking Limited,BSE,PESB.BO
544143.BO,Royal Sense Limited,BSE,ROYAL.BO
544150.BO,KP GREEN ENGINEERING LIMITED,BSE,KPGEL.BO
544151.BO,CHATHA FOODS LIMITED,BSE,CHATHA.BO
544156.BO,Gconnect Logitech and Supply C,BSE,GCONNECT.BO
544159.BO,DSP BSE Liquid Rate ETF,BSE,LIQUIDADD.BO
544160.BO,Jay Kailash Namkeen Limited,BSE,JAYKAILASH.BO
544163.BO,Greenhitech Ventures Limited,BSE,GVL.BO
544164.BO,Faalcon Concepts Limited,BSE,FAALCON.BO
544165.BO,SHIVAM CHEMICALS LIMITED,BSE,SHIVAM.BO
544166.BO,EMMFORCE AUTOTECH LIMITED,BSE,EMMFORCE.BO
544168.BO,VARYAA CREATIONS LIMITED,BSE,VARYAA.BO
544169.BO,Amkay Products Limited,BSE,AMKAY.BO
544170.BO,Sai Swami Metals and Alloys Li,BSE,SAI.BO
544171.BO,Storage Technologies and Autom,BSE,STAL.BO
544173.BO,Finelistings Technologies Limi,BSE,FTL.BO
544175.BO,TGIF AGRIBUSINESS LIMITED,BSE,TGIF.BO
544177.BO,Aztec Fluids & Machinery Limit,BSE,AZTEC.BO
544178.BO,PIOTEX INDUSTRIES LIMITED,BSE,PIOTEX.BO
544180.BO,Mirae Asset Mutual Fund,BSE,MIDSMALL.BO
544183.BO,Associated Coaters Limited,BSE,ASSOCIATED.BO
544185.BO,ADTECH SYSTEMS LIMITED,BSE,ADTECH.BO
544186.BO,Forbes Precision Tools and Mac,BSE,TOTEM.BO
544188.BO,Magenta Lifecare Limited,BSE,MAGENTA.BO
544189.BO,SATTRIX INFORMATION SECURITY L,BSE,SATTRIX.BO
544190.BO,3C IT Solutions and Telecoms (,BSE,3CIT.BO
544191.BO,Purple Finance Limited,BSE,PURPLEFIN.BO
544193.BO,Zerodha Mutual Fund,BSE,MID150CASE.BO
544194.BO,Zerodha Mutual Fund,BSE,TOP100CASE.BO
544195.BO,United Cotfab Limited,BSE,COTFAB.BO
544196.BO,BARODA BNP PARIBAS MUTUAL FUND,BSE,BBNPNBETF.BO
544199.BO,GEM Enviro Management Limited,BSE,GEMENVIRO.BO
544201.BO,DINDIGUL FARM PRODUCT LIMITED,BSE,DFPL.BO
544205.BO,National Peroxide Limited,BSE,NPL.BO
544206.BO,SBI Mutual Fund,BSE,SBISILVER.BO
544208.BO,Shriram Mutual Fund,BSE,LIQUIDSHRI.BO
544211.BO,Aditya Birla Sun Life Mutual F,BSE,ABGSEC.BO
555555.BO,ICICI Prudential BSE Sensex ET,BSE,SENSEXIETF.BO
570001.BO,TATA MOTORS LTD - DVR,BSE,TATAMTRDVR.BO
590095.BO,NIPPON INDIA ETF GOLD BEES,BSE,GOLDBEES.BO
590096.BO,NIPPON INDIA ETF LIQUID BEES,BSE,LIQUIDBEES.BO
590097.BO,KOTAK MAHINDRA MUTUAL FUND - K,BSE,GOLD1.BO
590098.BO,SBI MUTUAL FUND - SBI GOLD EXC,BSE,SETFGOLD.BO
590099.BO,QUANTUM GOLD FUND - EXCHANGE T,BSE,QGOLDHALF.BO
590101.BO,UTI MUTUAL FUND - UTI GOLD EXC,BSE,GOLDSHARE.BO
590103.BO,NIPPON INDIA ETF NIFTY BEES,BSE,NIFTYBEES.BO
590104.BO,NIPPON INDIA ETF JUNIOR BEES,BSE,JUNIORBEES.BO
590106.BO,NIPPON INDIA ETF BANK BEES,BSE,BANKBEES.BO
590107.BO,KOTAK MAHINDRA MUTUAL FUND - K,BSE,PSUBANK.BO
590108.BO,NIPPON INDIA ETF PSU BANK BEES,BSE,PSUBNKBEES.BO
590109.BO,NIPPON INDIA ETF SHARIAH BEES,BSE,SHARIABEES.BO
590110.BO,Quantum Nifty 50 ETF,BSE,QNIFTY.BO
590113.BO,NIPPON INDIA ETF HANG SENG BEE,BSE,HNGSNGBEES.BO
590115.BO,MOTILAL OSWAL MUTUAL FUND,BSE,MOM50.BO
590136.BO,Kotak Mahindra Mutual Fund - P,BSE,BANKNIFTY1.BO
590137.BO,SBI Mutual Fund-Permitted,BSE,SETFNIFBK.BO
590138.BO,SBI Mutual Fund-Permitted,BSE,SETFNIF50.BO
5PAISA.NS,5Paisa Capital Limited,NSE,5PAISA.NS
63MOONS.NS,63 moons technologies limited,NSE,63MOONS.NS
717504.BO,MBL-0.1%-19-1-26-NCRPS,BSE,MBLNCRPS.BO
750872.BO,SPRIGHT AGRO LIMITED,BSE,SPRIGHT-RE.BO
750874.BO,Srestha Finvest Limited,BSE,SRESTHA-RE.BO
800254.BO,SOVEREIGN GOLD BOND TRANCHE IV,BSE,SGBAUG24.BO
800259.BO,SOVEREIGN GOLD BOND 2016 TRANC,BSE,SGBNOV24.BO
800275.BO,SOVEREIGN GOLD BOND 2017 SERIE,BSE,SGBNOV25.BO
800278.BO,SOVEREIGN GOLD BOND 2017 SERIE,BSE,SGBDEC25.BO
800281.BO,SOVEREIGN GOLD BOND 2017 SERIE,BSE,SGBDEC2513.BO
800290.BO,SOVEREIGN GOLD BOND 2019 SERIE,BSE,SGBDEC26.BO
800295.BO,SOVEREIGN GOLD BOND 2019-20 SE,BSE,SGBJUN27.BO
800297.BO,SOVEREIGN GOLD BOND 2019-20 SE,BSE,SGBAUG27.BO
800314.BO,Sovereign Gold Bonds 2019-20 S,BSE,SGBFEB28IX.BO
800318.BO,Sovereign Gold Bonds 2020-21 S,BSE,SGBAPR28I.BO
800320.BO,Sovereign Gold Bonds 2020-21 S,BSE,SGBMAY28.BO
800324.BO,Sovereign Gold Bond 2020-21 IV,BSE,SGBJUL28IV.BO
800326.BO,68GOI2060,BSE,68GS2060.BO
800327.BO,Sovereign Gold Bonds 2020-21 S,BSE,SGBSEP28VI.BO
800328.BO,Sovereign Gold Bonds 2020-21 S,BSE,SGBOC28VII.BO
800329.BO,Sovereign Gold Bonds 2020-21 S,BSE,SGBN28VIII.BO
800331.BO,SGB 2020-21 Series IX,BSE,SGBJAN29IX.BO
800333.BO,SGB 2020-21 SERIES XI,BSE,SGBFEB29XI.BO
800340.BO,SGB 2021-22 Series I,BSE,SGBMAY29I.BO
800367.BO,Sovereign Gold Bond Series IV,BSE,SGBJUL29IV.BO
800385.BO,Sovereign Gold Bonds 2021-22 S,BSE,SGBAUG29V.BO
800386.BO,Sovereign Gold Bonds 2021-22 S,BSE,SGBSEP29VI.BO
800432.BO,667GOI2035,BSE,667GS2035.BO
800435.BO,699GOI2051,BSE,699GS2051.BO
800436.BO,695GOI2061,BSE,695GS2061.BO
800437.BO,Sovereign Gold Bonds 2021-22 S,BSE,SGBD29VIII.BO
800439.BO,Sovereign Gold Bonds 2021-22 S,BSE,SGBMAR30X.BO
800441.BO,754GOI2036,BSE,754GS2036.BO
800442.BO,738GOI2027,BSE,738GS2027.BO
800452.BO,736GOI2052,BSE,736GS2052.BO
800488.BO,Sovereign Gold Bonds 2022-23 S,BSE,SGBAUG30.BO
800489.BO,74GOI2062,BSE,74GS2062.BO
800500.BO,GS19SEP2028,BSE,GS19SEP2028.BO
800573.BO,Soverign Gold Bond 2022-23 Sr,BSE,SGBDE30III.BO
800575.BO,Sovereign Gold Bond 2022-23 Sr,BSE,SGBMAR31IV.BO
800576.BO,726GOI2033,BSE,726GS2033.BO
800580.BO,Sovereign Gold Bonds 2023-24 S,BSE,SGBJUN31I.BO
800581.BO,706GS28M23,BSE,706GS2028.BO
800588.BO,725GOI2063,BSE,725GS2063.BO
800596.BO,Sovereign Gold Bonds 2023-24 S,BSE,SGBSEP31II.BO
800597.BO,746GOI2073,BSE,746GS2073.BO
800599.BO,718GS2033,BSE,718GS2033.BO
800603.BO,Sovereign Gold Bonds 2023-24 S,BSE,SGBDE31III.BO
800605.BO,Sovereign Gold Bonds 2023-24 S,BSE,SGBFEB32IV.BO
804879.BO,182TB220824,BSE,182D220824.BO
804885.BO,182TB050924,BSE,182D050924.BO
804923.BO,91TB05924,BSE,91TB05924.BO
804930.BO,182TB191224,BSE,182TB191224.BO
804932.BO,91TB26924,BSE,91TB26924.BO
804935.BO,91TB31024,BSE,91TB31024.BO
810853.BO,789MAHSDL32,BSE,789MH32.BO
810857.BO,804APSDL42,BSE,804AP42.BO
810969.BO,770MHSDL34,BSE,77MH34.BO
890192.BO,INDIABULLS HOUSING FINANCE LIM,BSE,IBULPP.BO
890197.BO,Yarn Syndicate Ltd.,BSE,YARNPP.BO
890200.BO,Iykot Hitech Toolroom Ltd,BSE,IYKOTPP.BO
890201.BO,Savani Financials Ltd.,BSE,SAVFIPP.BO
890203.BO,VSF Projects Limited,BSE,VSFPROJPP.BO
935383.BO,NTPC-8.49%-25-03-2025-NCD,BSE,849NTPC25.BO
935510.BO,PFC-7.52%-2B-17-10-30-BOND,BSE,752PFCL30.BO
935540.BO,REC-7.14%-5-11-25-S-1B-NCD,BSE,714REC25.BO
935584.BO,NHAI-7.6%-11-1-31-TAXFREENCD,BSE,76NHAI31.BO
935666.BO,NHAI-7.69%-9-3-31-TAXFREENCD,BSE,769NHAI31.BO
935672.BO,HUDCO-7.29%-15-3-26-TAXFREENCD,BSE,729HUDCO26.BO
935674.BO,HUDCO-7.69%-15-3-31-TAXFREENCD,BSE,769HUDCO31.BO
935690.BO,NABARD-7.64%-23-3-31-NCDS,BSE,764NABAR31.BO
935740.BO,MMFSL-8.72%-6-6-26-NCD,BSE,872MMFSL26.BO
935786.BO,NIDO-9.57%-19-7-26-NCD,BSE,957NIDO26.BO
935788.BO,NIDO-10%-19-7-26-NCD,BSE,10NIDO26.BO
936048.BO,MMFSL-8.05%-24-07-32-NCD,BSE,805MMFSL32.BO
936130.BO,ERFL-8.88%-22-3-28-NCD,BSE,888ERFL28.BO
936236.BO,SFL-9.40%-12-7-28-NCD,BSE,94SFL28.BO
936252.BO,EFL-9.43%-6-8-28-NCD,BSE,943ECL28.BO
936278.BO,ICCL-8.84%-25-9-28-NCD,BSE,96SFL24A.BO
936294.BO,TCAP-9.10%-27-9-28-NCD,BSE,910TCAP28.BO
936386.BO,JMFCSL-9.81%-13-12-28-NCD,BSE,981JMFCS28.BO
936398.BO,EFL-10.15%-4-1-29-NCD,BSE,1015ECL29.BO
936412.BO,MMFSL-9.3%-18-1-27-NCD,BSE,93MMFSL27.BO
936416.BO,MMFSL-9.5%-18-1-29-NCD,BSE,95MMFSL29.BO
936492.BO,MFL-ZC-5-5-26-NCD,BSE,MFLZC26.BO
936722.BO,EFL-9.95%-23-5-29-NCD,BSE,995ECL29A.BO
936796.BO,SFL-ZC-22-8-24-NCD,BSE,SFLZC24A.BO
936806.BO,TCAP-8.5%-26-8-24-NCD,BSE,85TCAPS24.BO
936959.BO,MHFL-ZC-7-9-26-NCD,BSE,MHFLZC26.BO
937017.BO,LTF-8.65%-23-12-26-NCD,BSE,865LTF26.BO
937023.BO,MFL-9.75%-27-12-24-NCD,BSE,975MFL24BB.BO
937045.BO,TCH-8.01%-14-1-25-NCD,BSE,801TCH25.BO
937049.BO,TCHF-8.3%-14-1-25-NCD,BSE,83TCHF25.BO
937057.BO,TCHF-8.4%-14-1-28-NCD,BSE,84TCHF28.BO
937063.BO,SFL-8.66%-28-1-25-NCD,BSE,866SFL25.BO
937065.BO,SFL-8.75%-28-1-27-NCD,BSE,875SFL27.BO
937085.BO,NWFL-9.80%-5-2-25-NDC,BSE,98NWFL25.BO
937089.BO,NWFL-ZC-5-2-25-NCD,BSE,NWFLZC25.BO
937091.BO,NWFL-9.80%-5-2-30-NCD,BSE,98NWFL30.BO
937107.BO,MFL-10%-7-2-25-NCD,BSE,10MFL25.BO
937125.BO,MMFL-10.5%-17-2-25-NCD,BSE,105MMFL25.BO
937315.BO,MFL-OIV-5-11-25-NCD,BSE,MFOPTIV24.BO
937333.BO,MMFL-ZC-23-12-27-NCD,BSE,MMFLZC27C.BO
937339.BO,EFSL-9.39%-8-1-26-NCD,BSE,939EFSL26.BO
937355.BO,MFL-IV-11-1-26-NCD,BSE,MFLIV26.BO
937369.BO,PFCL-6.82%-22-1-31-NCD,BSE,682PFCL31.BO
937373.BO,PFCL-7%-22-1-31-NCD,BSE,7PFCL31.BO
937381.BO,PFCL-6.97%-22-1-36-NCD,BSE,697PFCL36.BO
937385.BO,PFCL-7.15%-22-1-36-NCD,BSE,715PFCL36.BO
937407.BO,MFL-8.75%-29-1-26-NCD,BSE,875MFL26.BO
937419.BO,MFL-ZC-29-1-27-NCD,BSE,MFLZC27C.BO
937453.BO,IFL-10%-24-6-28-NCD,BSE,10IIFL28A.BO
937455.BO,IFL-9.6%-24-6-28-NCD,BSE,96IIFL28A.BO
937469.BO,MFL-VI-20-4-31-NCD,BSE,MFLVI31F.BO
937497.BO,EFSL-9.55%-29-4-26-NCD,BSE,955EFSL26.BO
937501.BO,EFSL-9.30%-29-4-31-NCD,BSE,930EFSL31.BO
937621.BO,IHFL-9.60%-3-11-28-NCD,BSE,96IIFL28.BO
937623.BO,IHFL-ZC-3-11-28-NCD,BSE,IIFLZC28C.BO
937625.BO,EFSL-8.75%-10-9-24-NCD,BSE,875EFSL24.BO
937629.BO,EFSL-10-9-24-NCD,BSE,EFSL24.BO
937631.BO,EFSL-9.15%-10-9-26-NCD,BSE,915EFSL26.BO
937633.BO,EFSL-9.55%-10-9-26-NCD,BSE,955EFSL26A.BO
937637.BO,EFSL-9.30%-10-9-31-NCD,BSE,93EFSL31.BO
937647.BO,MMFL-9.50%-15-3-25-NCD,BSE,950MMFL25.BO
937653.BO,MMFL-ZC-15-9-28-NCD,BSE,MMFLZC28B.BO
937741.BO,IML-11%-24-4-26-NCD,BSE,11IML26.BO
937743.BO,IML-12%-24-11-26-NCD,BSE,12IML26.BO
937777.BO,MFL-9.75%-29-1-29-NCD,BSE,975MFL29.BO
937793.BO,EFSL-8.75%-28-12-24-NCD,BSE,875EFSL24A.BO
937799.BO,EFSL-9.15%-28-12-26-NCD,BSE,915EFSL26A.BO
937801.BO,EFSL-9.55%-28-12-26-NCD,BSE,955EFSL26B.BO
937825.BO,IHFL-8.20%-3-1-27-NCD,BSE,820IIFL27.BO
937865.BO,IHFL-8.89%-6-1-27-NCD,BSE,889IHFL27.BO
937921.BO,KLM-11%-16-3-27-NCD,BSE,11KAFL27.BO
937939.BO,KFIL-10-17-4-27-NCD,BSE,10KFIL27.BO
937993.BO,NIDO-8.70%-29-4-25-NCD,BSE,870NIDO25.BO
937999.BO,NIDO-9.15%-29-4-27-NCD,BSE,915NIDO27.BO
938001.BO,NIDO-9.55%-29-4-27-NCD,BSE,955NIDO27.BO
938003.BO,NIDO-29-4-27-NCD,BSE,NIDO27.BO
938011.BO,MFL-II-5-5-27-NCD,BSE,MFLII27B.BO
938013.BO,MFL-III-5-5-25-NCD,BSE,MFLIII25C.BO
938027.BO,MFL-VII-5-5-25-NCD,BSE,MFLVII25G.BO
938043.BO,DLSL-10.49%-16-05-25-NCD,BSE,1049DLS25A.BO
938065.BO,MFL-23-6-25-NCD,BSE,MFLI25.BO
938099.BO,NWIL-8.8%-15-07-25-NCD,BSE,88NWIL25.BO
938101.BO,NWIL-9.15%-15-7-25-NCD,BSE,915NWIL25.BO
938131.BO,MFL-8%-5-12-24-NCD,BSE,8MFL24A.BO
938149.BO,UCL-10.50%-26-9-25-NCD,BSE,1050UCL25.BO
938208.BO,EFSL-9.25%-20-10-25-NCD,BSE,925EFSL25.BO
938210.BO,EFSL-20-10-25-NCD,BSE,EFSL25.BO
938218.BO,EFSL-9.65%-20-10-32-NCD,BSE,965EFSL32.BO
938258.BO,IHFL-9.15%-03-11-27-NCD,BSE,93IHFL24A.BO
938262.BO,MFL-3-11-25-NCD,BSE,MFLIV25.BO
938266.BO,MFL-3-11-25-NCD,BSE,MFLTDVI25.BO
938284.BO,MFL-7.50%-23-12-27-NCD,BSE,750MFL27.BO
938286.BO,MFL-7.25%-23-12-24-NCD,BSE,725MFL24.BO
938348.BO,KFL-9.5%-15-1-27-NCD,BSE,95KFL27.BO
938356.BO,EFSL-Zero Coupon-20-1-25-NCD,BSE,EFSLZC25.BO
938370.BO,EFSL-10%-20-1-33-NCD,BSE,10EFSL33B.BO
938388.BO,IFSL-9.45%-02-5-26-NCD,BSE,945IFSL25.BO
938408.BO,ICCL-9.61%-02-2-26-NCD,BSE,984ICCL26A.BO
938434.BO,MFL-7.75%-10-4-26-NCD,BSE,775MFL26.BO
938446.BO,MFL-10-4-28-NCD,BSE,MFL23A.BO
938478.BO,IHFL-9.90%-23-3-26-NCD,BSE,990IHFL26D.BO
938518.BO,EFSL-9.20%-27-4-26-NCD,BSE,920EFSL26.BO
938530.BO,EFSL-10%-27-4-33-NCD,BSE,10EFSL33.BO
938544.BO,KFL-28-4-27-NCD,BSE,95KFL27A.BO
938550.BO,MFL-7.75%-3-6-26-NCD,BSE,775MFL2026.BO
938564.BO,MFL-8.40%-2-8-25-NCD,BSE,84MFL25.BO
938628.BO,IFL-8.5%-28-6-26-NCD,BSE,85IFL26.BO
938634.BO,IIFL-9%-28-6-28-NCD,BSE,9IIFL28.BO
938652.BO,EFSL-9.20%-21-7-26-NCD,BSE,92EFSL26.BO
938658.BO,EFSL-9.67%-21-7-28-NCD,BSE,967EFS28.BO
938664.BO,EFSL-10%-21-7-33-NCD,BSE,10EFS33.BO
938682.BO,IHFL-9.90%-27-7-26-NCD,BSE,990IHFL26I.BO
938686.BO,IHFL-9.48%-27-7-26-NCD,BSE,948IHFL26I.BO
938690.BO,IHFL-10.15%-27-7-28-NCD,BSE,1015IHF28B.BO
938694.BO,IHFL-9.17%-27-7-28-NCD,BSE,971IHFL28I.BO
938698.BO,PFC-750%-1-8-26-NCD,BSE,750PFCL26.BO
938706.BO,PFC-7.55%-1-8-38-NCD,BSE,755PFCL38.BO
938720.BO,VCL-9.57%-06-03-25-NCD,BSE,957VCL25.BO
938728.BO,VCL-10.50%-06-09-25-NCD,BSE,1050VCL25.BO
938742.BO,CAGL-9.70%-7-9-28-NCD,BSE,970CAGL28.BO
938854.BO,KFL-8.75%-27-9-25-NCD,BSE,875KFL2025.BO
938868.BO,MFLTD-7.75%-4-10-26-NCD,BSE,775MFLTD26.BO
938874.BO,MFLTD-8%-4-10-26-NCD,BSE,8MFLTD26.BO
938896.BO,EFSL-ZC-26-10-25-NCD,BSE,EFSLZC25A.BO
938898.BO,EFSL-9.20%-26-10-26-NCD,BSE,920EFSL26A.BO
938900.BO,EFSL-9.60%-26-10-26-NCD,BSE,960EFSLA.BO
938904.BO,EFSL-9.67%-26-10-28-NCD,BSE,967EFSL28A.BO
938906.BO,EFSL-10.10%-26-10-28-NCD,BSE,1010EFSL28.BO
938910.BO,EFSL-10%-26-10-33-NCD,BSE,10EFSL33A.BO
938930.BO,MFL-1-11-28-NCD,BSE,MFL28D.BO
938940.BO,CCL-11%-2-11-26-NCD,BSE,11CCL26.BO
939012.BO,IFSL-9.84%-10-11-26-NCD,BSE,984IFSL26.BO
939034.BO,ICLFL-11.5%-14-1-25-NCD,BSE,115ICFL25.BO
939074.BO,MML-9.75%-21-12-25-NCD,BSE,975MML25.BO
939144.BO,AFL-9.3%-27-12-25-NCD,BSE,93ARKA25.BO
939170.BO,360OPL-8.91%-18-7-25-NCD,BSE,891ONE25.BO
939186.BO,EFSL-8.95%-29-1-26-NCD,BSE,895EFSL26.BO
939190.BO,EFSL-9.20%-29-1-27-NCD,BSE,920EFSL27.BO
939202.BO,EFSL-10%-29-1-34-NCD,BSE,10EFSL34.BO
939206.BO,MFL-8.25%-25-1-27-NCD,BSE,825MFL27.BO
939214.BO,MFL-8.50%-25-1-29-NCD,BSE,850MFL29.BO
939218.BO,MFL-25-1-29-NCD,BSE,MFL29.BO
939264.BO,IML-11.50%-15-2-29-NCD,BSE,1150IML29.BO
939286.BO,UCL-10.35%-27-2-26-NCD,BSE,1035UCL26.BO
939290.BO,UCL-11%-27-5-26-NCD,BSE,11UCL26.BO
939329.BO,NFL-10%-13-9-25-NCD,BSE,10NFL25.BO
939335.BO,NFL-10.65%-13-3-27-NCD,BSE,1065NFL27.BO
939425.BO,EFSL-10.10%-29-4-29-NCD,BSE,1010EFS29.BO
939437.BO,EFSL-10%-29-4-34-NCD,BSE,10EFSL34A.BO
939449.BO,MFCL-9.55%-30-4-30-NCD,BSE,955MFCL30.BO
939453.BO,MFCL-9.50%-30-6-27-NCD,BSE,950MFCL27.BO
939459.BO,MFCL-30-6-26-NCD,BSE,MFCL30424.BO
939489.BO,MML-10.5%-26-11-25-NCD,BSE,105MML25.BO
939509.BO,IHFL-9.65%-31-5-26-NCD,BSE,965IHFL26A.BO
939521.BO,IHFL-9.9%-31-5-27-NCD,BSE,99IHFL27.BO
939563.BO,360ONEPL-9.44%-12-6-34-NCD,BSE,944ONE34.BO
939579.BO,NHFL-9.50%-03-7-26-NCD,BSE,950NHFL26.BO
939583.BO,NHFL-9.58%-3-7-27-NCD,BSE,958NHFL27.BO
939585.BO,NHFL-10%-3-7-27-NCD,BSE,10NHFL27.BO
957810.BO,UPPCL-10.15%-20-1-28-PVT,BSE,1015UPPC28.BO
959117.BO,BOB-8.99%-PERPETUAL-PVT,BSE,899BOBPER.BO
959209.BO,SIBL-13.75%-PERP-PVT,BSE,1375SIBPER.BO
959974.BO,SBI-7.74-PERPETUAL-PVT,BSE,774SBIPER.BO
961744.BO,812REC27,BSE,812REC27.BO
961756.BO,734IRFC2028,BSE,734IRFC28.BO
961773.BO,704PFC2028,BSE,704PFCL28.BO
961779.BO,871REC28,BSE,871REC28.BO
961785.BO,876HUDCO28,BSE,876HUDCO28.BO
961786.BO,874HUDCO33,BSE,874HUDCO33.BO
961791.BO,879NHPC28,BSE,879NHPC28.BO
961803.BO,879PFC28,BSE,879PFCL28.BO
961804.BO,892PFC33,BSE,892PFCL33.BO
961821.BO,873IIFCL29C,BSE,873IIFC29D.BO
961826.BO,NHAI-8.75%-5-2-29-NCD,BSE,875NHAI29.BO
961839.BO,IREDA-8.80%-13-03-29-BOND,BSE,880IREDA29.BO
961851.BO,KPL-9%-25-3-29-TFBOND,BSE,900KPL29.BO
961863.BO,HUDCO-8.98%-24-3-29-TFBOND,BSE,898HUDCO29.BO
961877.BO,REC-8.86%-24-3-34-TFBOND,BSE,886REC34.BO
961897.BO,IIFCL-8.8%-27-3-24-TFBOND,BSE,880IIFCL34.BO
961904.BO,NTPC-7.37%-3A-5-10-35-BOND,BSE,737NTPC35C.BO
972655.BO,IFCI-SR-I-10.75%-1-8-26-PVT,BSE,1075IFCI26.BO
972657.BO,IFCI-D-10.75%-01-08-26-PVT,BSE,1075IFC26A.BO
972706.BO,IFCI-III-8.75%-12-12-26-C-PVT,BSE,875IFCI26A.BO
972715.BO,IFCI-9.16%-IV-15-2-27-C-PVT,BSE,916IFCI27.BO
972721.BO,IFCI-8.72%-V-31-3-27-C-PVT,BSE,872IFCI27.BO
972772.BO,990IFCI32C,BSE,990IFCI32C.BO
973027.BO,TMFL-9.55%-PERP,BSE,955TMFPERA.BO
973269.BO,IGT-7.32%-27-6-31-INVT,BSE,732IGT31.BO
973491.BO,PCFHL-6.75%-26-9-31-PVT,BSE,675PCHFL31.BO
973881.BO,UPCL-9.7%-31-3-31-PVT,BSE,97UPPCL31.BO
974043.BO,HDFCCFSL-8.15%-7-7-32-PVT,BSE,815HDFCC32.BO
974561.BO,MML-11%-27-1-26-PVT,BSE,11MML26.BO
974634.BO,EEL-ZC-26-2-27-PVT,BSE,EELZC27.BO
974643.BO,UCL-10.50%-8-3-26-PVT,BSE,1050UCL26.BO
974932.BO,KFPL-11.65%-22-2-25-PVT,BSE,1165KFPL25.BO
974938.BO,HFL-28-12-28-PVT,BSE,HFL280623.BO
974946.BO,GIPL-ZC-30-4-26-PVT,BSE,GIPLZC26.BO
974979.BO,MSFL-0%-13-1-25-PVT,BSE,MSFLZC25.BO
975027.BO,IFSL-NIFTY-31-8-25-PVT,BSE,IFSL110823.BO
975271.BO,KIIFB-8.95%-22-12-32-PVT,BSE,895KIIFB32.BO
975278.BO,NCPL-12.55%-26-8-25-PVT,BSE,1255NEO25.BO
975331.BO,TCL-13.50%-18-1-27-PVT,BSE,1350TCL27.BO
975375.BO,SML-13.85%-12-7-29-PVT,BSE,1385SML29.BO
975520.BO,ESAF-11.10%-20-4-31-PVT,BSE,1110ESFB31.BO
975625.BO,MMFL-10%-25-4-27-PVT,BSE,10MMFL27A.BO
975662.BO,MCSL-10%-16-5-27-PVT,BSE,10MCSL27A.BO
975790.BO,USFBL-11%-28-6-31-PVT,BSE,11USFBL31.BO
A2ZINFRA.NS,A2Z Infra Engineering Limited,NSE,A2ZINFRA.NS
AAATECH.NS,AAA Technologies Limited,NSE,AAATECH.NS
AADHARHFC.NS,Aadhar Housing Finance Limited,NSE,AADHARHFC.NS
AAKASH.NS,Aakash Exploration Services Limited,NSE,AAKASH.NS
AAREYDRUGS.NS,Aarey Drugs & Pharmaceuticals Limited,NSE,AAREYDRUGS.NS
AARNAV.NS,Aarnav Fashions Limited,NSE,AARNAV.NS
AARON.NS,Aaron Industries Limited,NSE,AARON.NS
AARTECH.NS,Aartech Solonics Limited,NSE,AARTECH.NS
AARTIDRUGS.NS,Aarti Drugs Limited,NSE,AARTIDRUGS.NS
AARTIIND.NS,Aarti Industries Limited,NSE,AARTIIND.NS
AARTIPHARM.NS,Aarti Pharmalabs Limited,NSE,AARTIPHARM.NS
AARTISURF.NS,Aarti Surfactants Limited,NSE,AARTISURF.NS
AARVI.NS,Aarvi Encon Limited,NSE,AARVI.NS
AASTHA.NS,Aastha Spintex Limited,NSE,AASTHA.NS
AAVAS.NS,Aavas Financiers Limited,NSE,AAVAS.NS
ABAN.NS,Aban Offshore Limited,NSE,ABAN.NS
ABANSENT.NS,Abans Enterprises Limited,NSE,ABANSENT.NS
ABB.NS,ABB India Limited,NSE,ABB.NS
ABBOTINDIA.NS,Abbott India Limited,NSE,ABBOTINDIA.NS
ABCAPITAL.NS,Aditya Birla Capital Limited,NSE,ABCAPITAL.NS
ABCOTS.NS,A B Cotspin India Limited,NSE,ABCOTS.NS
ABDL.NS,Allied Blenders and Distillers Limited,NSE,ABDL.NS
ABFRL.NS,Aditya Birla Fashion and Retail Limited,NSE,ABFRL.NS
ABINFRA.NS,A B Infrabuild Limited,NSE,ABINFRA.NS
ABLBL.NS,Aditya Birla Lifestyle Brands Limited,NSE,ABLBL.NS
ABMINTLLTD.NS,ABM International Limited,NSE,ABMINTLLTD.NS
ABMKNO.NS,ABM Knowledgeware Limited,NSE,ABMKNO.NS
ABREL.NS,Aditya Birla Real Estate Limited,NSE,ABREL.NS
ABSLAMC.NS,Aditya Birla Sun Life AMC Limited,NSE,ABSLAMC.NS
ACC.NS,ACC Limited,NSE,ACC.NS
ACCELYA.NS,Accelya Solutions India Limited,NSE,ACCELYA.NS
ACCURACY.NS,Accuracy Shipping Limited,NSE,ACCURACY.NS
ACE.NS,Action Construction Equipment Limited,NSE,ACE.NS
ACEINTEG.NS,Ace Integrated Solutions Limited,NSE,ACEINTEG.NS
ACEVECTOR.NS,AceVector Limited,NSE,ACEVECTOR.NS
ACGL.NS,Automobile Corporation of Goa Limited,NSE,ACGL.NS
ACI.NS,Archean Chemical Industries Limited,NSE,ACI.NS
ACL.NS,Andhra Cements Limited,NSE,ACL.NS
ACMESOLAR.NS,Acme Solar Holdings Limited,NSE,ACMESOLAR.NS
ACSTECH.NS,ACS Technologies Limited,NSE,ACSTECH.NS
ACUTAAS.NS,Acutaas Chemicals Limited,NSE,ACUTAAS.NS
ADANIENSOL.NS,Adani Energy Solutions Limited,NSE,ADANIENSOL.NS
ADANIENT.NS,Adani Enterprises Limited,NSE,ADANIENT.NS
ADANIGREEN.NS,Adani Green Energy Limited,NSE,ADANIGREEN.NS
ADANIPORTS.NS,Adani Ports and Special Economic Zone Limited,NSE,ADANIPORTS.NS
ADANIPOWER.NS,Adani Power Limited,NSE,ADANIPOWER.NS
ADDIND.NS,Addi Industries Limited,NSE,ADDIND.NS
ADFFOODS.NS,ADF Foods Limited,NSE,ADFFOODS.NS
ADL.NS,Archidply Decor Limited,NSE,ADL.NS
ADOR.NS,Ador Welding Limited,NSE,ADOR.NS
ADROITIND.NS,Adroit Industries (India) Limited,NSE,ADROITIND.NS
ADROITINFO.NS,Adroit Infotech Limited,NSE,ADROITINFO.NS
ADSL.NS,Allied Digital Services Limited,NSE,ADSL.NS
ADVAIT.NS,Advait Energy Transitions Limited,NSE,ADVAIT.NS
ADVANCE.NS,Advance Agrolife Limited,NSE,ADVANCE.NS
ADVANIHOTR.NS,Advani Hotels & Resorts (India) Limited,NSE,ADVANIHOTR.NS
ADVENTHTL.NS,Advent Hotels International Limited,NSE,ADVENTHTL.NS
ADVENZYMES.NS,Advanced Enzyme Technologies Limited,NSE,ADVENZYMES.NS
ADVIKCA.NS,Advik Capital Limited,NSE,ADVIKCA.NS
AEGISLOG.NS,Aegis Logistics Limited,NSE,AEGISLOG.NS
AEGISVOPAK.NS,Aegis Vopak Terminals Limited,NSE,AEGISVOPAK.NS
AEPL.NS,Artemis Electricals and Projects Limited,NSE,AEPL.NS
AEQUS.NS,Aequs Limited,NSE,AEQUS.NS
AEROENTER.NS,Aeroflex Enterprises Limited,NSE,AEROENTER.NS
AEROFLEX.NS,Aeroflex Industries Limited,NSE,AEROFLEX.NS
AERONEU.NS,Aeroflex Neu Limited,NSE,AERONEU.NS
AEROPLANE.NS,Amir Chand Jagdish Kumar (Exports) Limited,NSE,AEROPLANE.NS
AETHER.NS,Aether Industries Limited,NSE,AETHER.NS
AFCONS.NS,Afcons Infrastructure Limited,NSE,AFCONS.NS
AFFLE.NS,Affle 3i Limited,NSE,AFFLE.NS
AFFORDABLE.NS,Affordable Robotic & Automation Limited,NSE,AFFORDABLE.NS
AFIL.NS,Akme Fintrade (India) Limited,NSE,AFIL.NS
AFSL.NS,Abans Financial Services Limited,NSE,AFSL.NS
AGARIND.NS,Agarwal Industrial Corporation Limited,NSE,AGARIND.NS
AGARWALEYE.NS,Dr. Agarwal's Health Care Limited,NSE,AGARWALEYE.NS
AGASTYAEN.NS,Agastya Energy and Infrastructure Limited,NSE,AGASTYAEN.NS
AGI.NS,AGI Greenpac Limited,NSE,AGI.NS
AGIIL.NS,Agi Infra Limited,NSE,AGIIL.NS
AGL.NS,Allcargo Global Limited,NSE,AGL.NS
AGRITECH.NS,Agri-Tech (India) Limited,NSE,AGRITECH.NS
AGROPHOS.NS,Agro Phos India Limited,NSE,AGROPHOS.NS
AGSTRA.NS,AGS Transact Technologies Limited,NSE,AGSTRA.NS
AHCL.NS,Anlon Healthcare Limited,NSE,AHCL.NS
AHLADA.NS,Ahlada Engineers Limited,NSE,AHLADA.NS
AHLEAST.NS,Asian Hotels (East) Limited,NSE,AHLEAST.NS
AHLUCONT.NS,Ahluwalia Contracts (India) Limited,NSE,AHLUCONT.NS
AHLWEST.NS,Asian Hotels (West) Limited,NSE,AHLWEST.NS
AIAENG.NS,AIA Engineering Limited,NSE,AIAENG.NS
AIIL.NS,Authum Investment & Infrastructure Limited,NSE,AIIL.NS
AIRAN.NS,Airan Limited,NSE,AIRAN.NS
AIROLAM.NS,Airo Lam limited,NSE,AIROLAM.NS
AJANTPHARM.NS,Ajanta Pharma Limited,NSE,AJANTPHARM.NS
AJAXENGG.NS,Ajax Engineering Limited,NSE,AJAXENGG.NS
AJMERA.NS,Ajmera Realty & Infra India Limited,NSE,AJMERA.NS
AJOONI.NS,Ajooni Biotech Limited,NSE,AJOONI.NS
AKASH.NS,Akash Infra-Projects Limited,NSE,AKASH.NS
AKCAPIT.NS,AK Capital Services Limited,NSE,AKCAPIT.NS
AKG.NS,Akg Exim Limited,NSE,AKG.NS
AKI.NS,AKI India Limited,NSE,AKI.NS
AKSHAR.NS,Akshar Spintex Limited,NSE,AKSHAR.NS
AKSHARCHEM.NS,AksharChem India Limited,NSE,AKSHARCHEM.NS
AKSHOPTFBR.NS,Aksh Optifibre Limited,NSE,AKSHOPTFBR.NS
AKUMS.NS,Akums Drugs and Pharmaceuticals Limited,NSE,AKUMS.NS
ALANKIT.NS,Alankit Limited,NSE,ALANKIT.NS
ALBERTDAVD.NS,Albert David Limited,NSE,ALBERTDAVD.NS
ALEMBICLTD.NS,Alembic Limited,NSE,ALEMBICLTD.NS
ALFREDHE.NS,Alfred Herbert India Limited,NSE,ALFREDHE.NS
ALGOQUANT.NS,Algoquant Fintech Limited,NSE,ALGOQUANT.NS
ALICON.NS,Alicon Castalloy Limited,NSE,ALICON.NS
ALIVUS.NS,Alivus Life Sciences Limited,NSE,ALIVUS.NS
ALKALI.NS,Alkali Metals Limited,NSE,ALKALI.NS
ALKEM.NS,Alkem Laboratories Limited,NSE,ALKEM.NS
ALKYLAMINE.NS,Alkyl Amines Chemicals Limited,NSE,ALKYLAMINE.NS
ALLCARGO.NS,Allcargo Logistics Limited,NSE,ALLCARGO.NS
ALLDIGI.NS,Alldigi Tech Limited,NSE,ALLDIGI.NS
ALLTIME.NS,All Time Plastics Limited,NSE,ALLTIME.NS
ALMONDZ.NS,Almondz Global Securities Limited,NSE,ALMONDZ.NS
ALOKINDS.NS,Alok Industries Limited,NSE,ALOKINDS.NS
ALPA.NS,Alpa Laboratories Limited,NSE,ALPA.NS
ALPHAGEO.NS,Alphageo (India) Limited,NSE,ALPHAGEO.NS
ALPINETEX.NS,Alpine Texworld Limited,NSE,ALPINETEX.NS
ALUFLUOR.NS,Alufluoride Limited,NSE,ALUFLUOR.NS
AMAGI.NS,Amagi Media Labs Limited,NSE,AMAGI.NS
AMAL.NS,Amal Limited,NSE,AMAL.NS
AMANTA.NS,Amanta Healthcare Limited,NSE,AMANTA.NS
AMARJOTHI.NS,Amarjothi Spinning Mills Limited,NSE,AMARJOTHI.NS
AMBALALSA.NS,Ambalal Sarabhai Enterprises Limited,NSE,AMBALALSA.NS
AMBER.NS,Amber Enterprises India Limited,NSE,AMBER.NS
AMBICAAGAR.NS,Ambica Agarbathies & Aroma industries Limited,NSE,AMBICAAGAR.NS
AMBIKCO.NS,Ambika Cotton Mills Limited,NSE,AMBIKCO.NS
AMBUJACEM.NS,Ambuja Cements Limited,NSE,AMBUJACEM.NS
AMDIND.NS,AMD Industries Limited,NSE,AMDIND.NS
AMJLAND.NS,Amj Land Holdings Limited,NSE,AMJLAND.NS
AMNPLST.NS,Amines & Plasticizers Limited,NSE,AMNPLST.NS
AMRUTANJAN.NS,Amrutanjan Health Care Limited,NSE,AMRUTANJAN.NS
ANANDRATHI.NS,Anand Rathi Wealth Limited,NSE,ANANDRATHI.NS
ANANTRAJ.NS,Anant Raj Limited,NSE,ANANTRAJ.NS
ANDHRAPAP.NS,ANDHRA PAPER LIMITED,NSE,ANDHRAPAP.NS
ANDHRSUGAR.NS,The Andhra Sugars Limited,NSE,ANDHRSUGAR.NS
ANDREWYU.NS,Andrew Yule & Company Limited,NSE,ANDREWYU.NS
ANGELONE.NS,Angel One Limited,NSE,ANGELONE.NS
ANIKINDS.NS,Anik Industries Limited,NSE,ANIKINDS.NS
ANKITMETAL.NS,Ankit Metal & Power Limited,NSE,ANKITMETAL.NS
ANMOL.NS,Anmol India Limited,NSE,ANMOL.NS
ANNAPURNA.NS,Annapurna Swadisht Limited,NSE,ANNAPURNA.NS
ANNU.NS,Annu Projects Limited,NSE,ANNU.NS
ANSALAPI.NS,Ansal Properties & Infrastructure Limited,NSE,ANSALAPI.NS
ANSALBU.NS,Ansal Buildwell Limited,NSE,ANSALBU.NS
ANTELOPUS.NS,Antelopus Selan Energy Limited,NSE,ANTELOPUS.NS
ANTGRAPHIC.NS,Antarctica Limited,NSE,ANTGRAPHIC.NS
ANTHEM.NS,Anthem Biosciences Limited,NSE,ANTHEM.NS
ANUHPHR.NS,Anuh Pharma Limited,NSE,ANUHPHR.NS
ANUP.NS,The Anup Engineering Limited,NSE,ANUP.NS
ANURAS.NS,Anupam Rasayan India Limited,NSE,ANURAS.NS
AONESTEELS.NS,A-One Steels India Limited,NSE,AONESTEELS.NS
APARINDS.NS,Apar Industries Limited,NSE,APARINDS.NS
APCL.NS,Anjani Portland Cement Limited,NSE,APCL.NS
APCOTEXIND.NS,Apcotex Industries Limited,NSE,APCOTEXIND.NS
APEX.NS,Apex Frozen Foods Limited,NSE,APEX.NS
APLAPOLLO.NS,APL Apollo Tubes Limited,NSE,APLAPOLLO.NS
APLLTD.NS,Alembic Pharmaceuticals Limited,NSE,APLLTD.NS
APOLLO.NS,Apollo Micro Systems Limited,NSE,APOLLO.NS
APOLLOHOSP.NS,Apollo Hospitals Enterprise Limited,NSE,APOLLOHOSP.NS
APOLLOPIPE.NS,Apollo Pipes Limited,NSE,APOLLOPIPE.NS
APOLLOTYRE.NS,Apollo Tyres Limited,NSE,APOLLOTYRE.NS
APOLSINHOT.NS,Apollo Sindoori Hotels Limited,NSE,APOLSINHOT.NS
APOORVA.NS,Apoorva Leasing Finance and Investment Company Limited,NSE,APOORVA.NS
APTECHT.NS,Aptech Limited,NSE,APTECHT.NS
APTUS.NS,Aptus Value Housing Finance India Limited,NSE,APTUS.NS
AQYLON.NS,Aqylon Nexus Limited,NSE,AQYLON.NS
ARCHIDPLY.NS,Archidply Industries Limited,NSE,ARCHIDPLY.NS
ARCHIES.NS,Archies Limited,NSE,ARCHIES.NS
ARCIL.NS,Asset Reconstruction Company (India) Limited,NSE,ARCIL.NS
ARCL.NS,ARCL Organics Limited,NSE,ARCL.NS
ARDEE.NS,Ardee Industries Limited,NSE,ARDEE.NS
ARE&M.NS,Amara Raja Energy & Mobility Limited,NSE,ARE&M.NS
ARENTERP.NS,Rajdarshan Industries Limited,NSE,ARENTERP.NS
ARFIN.NS,Arfin India Limited,NSE,ARFIN.NS
ARIES.NS,Aries Agro Limited,NSE,ARIES.NS
ARIHANT.NS,Arihant Foundations & Housing Limited,NSE,ARIHANT.NS
ARIHANTCAP.NS,Arihant Capital Markets Limited,NSE,ARIHANTCAP.NS
ARIHANTSUP.NS,Arihant Superstructures Limited,NSE,ARIHANTSUP.NS
ARIS.NS,Arisinfra Solutions Limited,NSE,ARIS.NS
ARKADE.NS,Arkade Developers Limited,NSE,ARKADE.NS
ARMANFIN.NS,Arman Financial Services Limited,NSE,ARMANFIN.NS
ARMEE.NS,ArMee Infotech Limited,NSE,ARMEE.NS
AROGRANITE.NS,Aro Granite Industries Limited,NSE,AROGRANITE.NS
ARROWGREEN.NS,Arrow Greentech Limited,NSE,ARROWGREEN.NS
ARSHIYA.NS,Arshiya Limited,NSE,ARSHIYA.NS
ARSSBL.NS,Anand Rathi Share and Stock Brokers Limited,NSE,ARSSBL.NS
ARTEMISMED.NS,Artemis Medicare Services Limited,NSE,ARTEMISMED.NS
ARTNIRMAN.NS,Art Nirman Limited,NSE,ARTNIRMAN.NS
ARVEE.NS,Arvee Laboratories (India) Limited,NSE,ARVEE.NS
ARVIND.NS,Arvind Limited,NSE,ARVIND.NS
ARVINDFASN.NS,Arvind Fashions Limited,NSE,ARVINDFASN.NS
ARVSMART.NS,Arvind SmartSpaces Limited,NSE,ARVSMART.NS
ARYAMAN.NS,Aryaman Financial Services Limited,NSE,ARYAMAN.NS
ASAHIINDIA.NS,Asahi India Glass Limited,NSE,ASAHIINDIA.NS
ASAHISONG.NS,Asahi Songwon Colors Limited,NSE,ASAHISONG.NS
ASAL.NS,Automotive Stampings and Assemblies Limited,NSE,ASAL.NS
ASALCBR.NS,Associated Alcohols & Breweries Ltd.,NSE,ASALCBR.NS
ASHAPURMIN.NS,Ashapura Minechem Limited,NSE,ASHAPURMIN.NS
ASHIANA.NS,Ashiana Housing Limited,NSE,ASHIANA.NS
ASHIKAG.NS,Ashika Global Securities Limited,NSE,ASHIKAG.NS
ASHIMASYN.NS,Ashima Limited,NSE,ASHIMASYN.NS
ASHOKA.NS,Ashoka Buildcon Limited,NSE,ASHOKA.NS
ASHOKAMET.NS,Ashoka Metcast Limited,NSE,ASHOKAMET.NS
ASHOKLEY.NS,Ashok Leyland Limited,NSE,ASHOKLEY.NS
ASIANENE.NS,Asian Energy Services Limited,NSE,ASIANENE.NS
ASIANHOTNR.NS,Asian Hotels (North) Limited,NSE,ASIANHOTNR.NS
ASIANPAINT.NS,Asian Paints Limited,NSE,ASIANPAINT.NS
ASIANTILES.NS,Asian Granito India Limited,NSE,ASIANTILES.NS
ASIANTNE.NS,Asian Tea & Exports Limited,NSE,ASIANTNE.NS
ASKAUTOLTD.NS,ASK Automotive Limited,NSE,ASKAUTOLTD.NS
ASMS.NS,Avio Smart Market Stack Limited,NSE,ASMS.NS
ASPINWALL.NS,Aspinwall and Company Limited,NSE,ASPINWALL.NS
ASSAMENT.NS,Assam Entrade Limited,NSE,ASSAMENT.NS
ASTAR.NS,Asian Star Company Limited,NSE,ASTAR.NS
ASTEC.NS,Astec LifeSciences Limited,NSE,ASTEC.NS
ASTERDM.NS,Aster DM Quality Care Limited,NSE,ASTERDM.NS
ASTRAL.NS,Astral Limited,NSE,ASTRAL.NS
ASTRAMICRO.NS,Astra Microwave Products Limited,NSE,ASTRAMICRO.NS
ASTRAZEN.NS,AstraZeneca Pharma India Limited,NSE,ASTRAZEN.NS
ASTRON.NS,Astron Paper & Board Mill Limited,NSE,ASTRON.NS
ATALREAL.NS,Atal Realtech Limited,NSE,ATALREAL.NS
ATAM.NS,Atam Valves Limited,NSE,ATAM.NS
ATGL.NS,Adani Total Gas Limited,NSE,ATGL.NS
ATHERENERG.NS,Ather Energy Limited,NSE,ATHERENERG.NS
ATL.NS,Allcargo Terminals Limited,NSE,ATL.NS
ATLANTAA.NS,ATLANTAA LIMITED,NSE,ATLANTAA.NS
ATLANTAELE.NS,Atlanta Electricals Limited,NSE,ATLANTAELE.NS
ATLASCYCLE.NS,Atlas Cycles (Haryana) Limited,NSE,ATLASCYCLE.NS
ATUL.NS,Atul Limited,NSE,ATUL.NS
ATULAUTO.NS,Atul Auto Limited,NSE,ATULAUTO.NS
AUBANK.NS,AU Small Finance Bank Limited,NSE,AUBANK.NS
AUGMONT.NS,Augmont Enterprises Limited,NSE,AUGMONT.NS
AURIONPRO.NS,Aurionpro Solutions Limited,NSE,AURIONPRO.NS
AUROPHARMA.NS,Aurobindo Pharma Limited,NSE,AUROPHARMA.NS
AURUM.NS,Aurum PropTech Limited,NSE,AURUM.NS
AURUS.NS,AURUS GEM CORPORATION LIMITED,NSE,AURUS.NS
AUSOMENT.NS,Ausom Enterprise Limited,NSE,AUSOMENT.NS
AUSTENG.NS,Austin Engineering Company  Limited,NSE,AUSTENG.NS
AUTOAXLES.NS,Automotive Axles Limited,NSE,AUTOAXLES.NS
AUTOIND.NS,Autoline Industries Limited,NSE,AUTOIND.NS
AVADHSUGAR.NS,Avadh Sugar & Energy Limited,NSE,AVADHSUGAR.NS
AVALON.NS,Avalon Technologies Limited,NSE,AVALON.NS
AVANCE.NS,Avance Technologies Limited,NSE,AVANCE.NS
AVANTEL.NS,Avantel Limited,NSE,AVANTEL.NS
AVANTIFEED.NS,Avanti Feeds Limited,NSE,AVANTIFEED.NS
AVG.NS,AVG Logistics Limited,NSE,AVG.NS
AVL.NS,Aditya Vision Limited,NSE,AVL.NS
AVONMORE.NS,Avonmore Capital & Management Services Limited,NSE,AVONMORE.NS
AVROIND.NS,AVRO INDIA LIMITED,NSE,AVROIND.NS
AVTNPL.NS,AVT Natural Products Limited,NSE,AVTNPL.NS
AWFIS.NS,Awfis Space Solutions Limited,NSE,AWFIS.NS
AWHCL.NS,Antony Waste Handling Cell Limited,NSE,AWHCL.NS
AWL.NS,AWL Agri Business Limited,NSE,AWL.NS
AXISBANK.NS,Axis Bank Limited,NSE,AXISBANK.NS
AXISCADES.NS,AXISCADES Technologies Limited,NSE,AXISCADES.NS
AXITA.NS,Axita Cotton Limited,NSE,AXITA.NS
AXTEL.NS,Axtel Industries Limited,NSE,AXTEL.NS
AYE.NS,Aye Finance Limited,NSE,AYE.NS
AYMSYNTEX.NS,AYM Syntex Limited,NSE,AYMSYNTEX.NS
AZAD.NS,Azad Engineering Limited,NSE,AZAD.NS
AZADIND.NS,Azad India Mobility Limited,NSE,AZADIND.NS
BAFNAPH.NS,Bafna Pharmaceuticals Limited,NSE,BAFNAPH.NS
BAGFILMS.NS,B.A.G Films and Media Limited,NSE,BAGFILMS.NS
BAIDFIN.NS,Baid Finserv Limited,NSE,BAIDFIN.NS
BAJAJ-AUTO.NS,Bajaj Auto Limited,NSE,BAJAJ-AUTO.NS
BAJAJCON.NS,Bajaj Consumer Care Limited,NSE,BAJAJCON.NS
BAJAJELEC.NS,Bajaj Electricals Limited,NSE,BAJAJELEC.NS
BAJAJFINSV.NS,Bajaj Finserv Limited,NSE,BAJAJFINSV.NS
BAJAJHCARE.NS,Bajaj Healthcare Limited,NSE,BAJAJHCARE.NS
BAJAJHFL.NS,Bajaj Housing Finance Limited,NSE,BAJAJHFL.NS
BAJAJHIND.NS,Bajaj Hindusthan Sugar Limited,NSE,BAJAJHIND.NS
BAJAJHLDNG.NS,Bajaj Holdings & Investment Limited,NSE,BAJAJHLDNG.NS
BAJAJINDEF.NS,Indef Manufacturing Limited,NSE,BAJAJINDEF.NS
BAJAJST.NS,Bajaj Steel Industries Limited,NSE,BAJAJST.NS
BAJEL.NS,Bajel Projects Limited,NSE,BAJEL.NS
BAJFINANCE.NS,Bajaj Finance Limited,NSE,BAJFINANCE.NS
BALAJEE.NS,Shree Tirupati Balajee Agro Trading Company Limited,NSE,BALAJEE.NS
BALAJITELE.NS,Balaji Telefilms Limited,NSE,BALAJITELE.NS
BALAMINES.NS,Balaji Amines Limited,NSE,BALAMINES.NS
BALAXI.NS,BALAXI PHARMACEUTICALS LIMITED,NSE,BALAXI.NS
BALKRISHNA.NS,Balkrishna Paper Mills Limited,NSE,BALKRISHNA.NS
BALKRISIND.NS,Balkrishna Industries Limited,NSE,BALKRISIND.NS
BALMLAWRIE.NS,Balmer Lawrie & Company Limited,NSE,BALMLAWRIE.NS
BALPHARMA.NS,Bal Pharma Limited,NSE,BALPHARMA.NS
BALRAMCHIN.NS,Balrampur Chini Mills Limited,NSE,BALRAMCHIN.NS
BALUFORGE.NS,Balu Forge Industries Limited,NSE,BALUFORGE.NS
BANARBEADS.NS,Banaras Beads Limited,NSE,BANARBEADS.NS
BANARISUG.NS,Bannari Amman Sugars Limited,NSE,BANARISUG.NS
BANCOINDIA.NS,Banco Products (I) Limited,NSE,BANCOINDIA.NS
BANDHANBNK.NS,Bandhan Bank Limited,NSE,BANDHANBNK.NS
BANG.NS,Bang Overseas Limited,NSE,BANG.NS
BANKA.NS,Banka BioLoo Limited,NSE,BANKA.NS
BANKBARODA.NS,Bank of Baroda,NSE,BANKBARODA.NS
BANKINDIA.NS,Bank of India,NSE,BANKINDIA.NS
BANSALWIRE.NS,Bansal Wire Industries Limited,NSE,BANSALWIRE.NS
BANSWRAS.NS,Banswara Syntex Limited,NSE,BANSWRAS.NS
BASF.NS,BASF India Limited,NSE,BASF.NS
BASML.NS,Bannari Amman Spinning Mills Limited,NSE,BASML.NS
BATAINDIA.NS,Bata India Limited,NSE,BATAINDIA.NS
BATLIBOI.NS,Batliboi Limited,NSE,BATLIBOI.NS
BAYERCROP.NS,Bayer Cropscience Limited,NSE,BAYERCROP.NS
BBL.NS,Bharat Bijlee Limited,NSE,BBL.NS
BBOX.NS,Black Box Limited,NSE,BBOX.NS
BBTC.NS,The Bombay Burmah Trading Corporation Limited,NSE,BBTC.NS
BBTCL.NS,B&B Triplewall Containers Limited,NSE,BBTCL.NS
BCG.NS,Brightcom Group Limited,NSE,BCG.NS
BCLIND.NS,Bcl Industries Limited,NSE,BCLIND.NS
BCONCEPTS.NS,Brand Concepts Limited,NSE,BCONCEPTS.NS
BCPL.NS,BCPL Railway Infrastructure Limited,NSE,BCPL.NS
BDL.NS,Bharat Dynamics Limited,NSE,BDL.NS
BEARDSELL.NS,Beardsell Limited,NSE,BEARDSELL.NS
BECTORFOOD.NS,Mrs. Bectors Food Specialities Limited,NSE,BECTORFOOD.NS
BEDMUTHA.NS,Bedmutha Industries Limited,NSE,BEDMUTHA.NS
BEEKAY.NS,Beekay Steel Industries Limited,NSE,BEEKAY.NS
BEL.NS,Bharat Electronics Limited,NSE,BEL.NS
BELLACASA.NS,Bella Casa Fashion & Retail Limited,NSE,BELLACASA.NS
BELRISE.NS,Belrise Industries Limited,NSE,BELRISE.NS
BEML.NS,BEML Limited,NSE,BEML.NS
BENARAS.NS,Benares Hotels Limited,NSE,BENARAS.NS
BENGALASM.NS,Bengal & Assam Company Limited,NSE,BENGALASM.NS
BEPL.NS,Bhansali Engineering Polymers Limited,NSE,BEPL.NS
BERGEPAINT.NS,Berger Paints (I) Limited,NSE,BERGEPAINT.NS
BESTAGRO.NS,Best Agrolife Limited,NSE,BESTAGRO.NS
BETA.NS,Beta Drugs Limited,NSE,BETA.NS
BFINVEST.NS,BF Investment Limited,NSE,BFINVEST.NS
BFUTILITIE.NS,BF Utilities Limited,NSE,BFUTILITIE.NS
BGRENERGY.NS,BGR Energy Systems Limited,NSE,BGRENERGY.NS
BHAGCHEM.NS,Bhagiradha Chemicals & Industries Limited,NSE,BHAGCHEM.NS
BHAGERIA.NS,Bhageria Industries Limited,NSE,BHAGERIA.NS
BHAGYANGR.NS,Bhagyanagar India Limited,NSE,BHAGYANGR.NS
BHANDARI.NS,Bhandari Hosiery Exports Limited,NSE,BHANDARI.NS
BHARATCOAL.NS,Bharat Coking Coal Limited,NSE,BHARATCOAL.NS
BHARATFORG.NS,Bharat Forge Limited,NSE,BHARATFORG.NS
BHARATGEAR.NS,Bharat Gears Limited,NSE,BHARATGEAR.NS
BHARATRAS.NS,Bharat Rasayan Limited,NSE,BHARATRAS.NS
BHARATSE.NS,Bharat Seats Limited,NSE,BHARATSE.NS
BHARATWIRE.NS,Bharat Wire Ropes Limited,NSE,BHARATWIRE.NS
BHARTIARTL.NS,Bharti Airtel Limited,NSE,BHARTIARTL.NS
BHARTIHEXA.NS,Bharti Hexacom Limited,NSE,BHARTIHEXA.NS
BHEL.NS,Bharat Heavy Electricals Limited,NSE,BHEL.NS
BI.NS,Bilcare Limited,NSE,BI.NS
BIGBLOC.NS,Bigbloc Construction Limited,NSE,BIGBLOC.NS
BIKAJI.NS,Bikaji Foods International Limited,NSE,BIKAJI.NS
BIL.NS,Bhartiya International Limited,NSE,BIL.NS
BILVYAPAR.NS,BIL VYAPAR LIMITED,NSE,BILVYAPAR.NS
BIMETAL.NS,Bimetal Bearings Limited,NSE,BIMETAL.NS
BIOCON.NS,Biocon Limited,NSE,BIOCON.NS
BIOFILCHEM.NS,Biofil Chemicals & Pharmaceuticals Limited,NSE,BIOFILCHEM.NS
BIRLACABLE.NS,Birla Cable Limited,NSE,BIRLACABLE.NS
BIRLACORPN.NS,Birla Corporation Limited,NSE,BIRLACORPN.NS
BIRLAMONEY.NS,Aditya Birla Money Limited,NSE,BIRLAMONEY.NS
BIRLANU.NS,BirlaNu Limited,NSE,BIRLANU.NS
BIRLAPREC.NS,Birla Precision Technologies Limited,NSE,BIRLAPREC.NS
BLACKBUCK.NS,BLACKBUCK LIMITED,NSE,BLACKBUCK.NS
BLACKROSE.NS,Black Rose Inds. Limited,NSE,BLACKROSE.NS
BLAL.NS,BEML Land Assets Limited,NSE,BLAL.NS
BLBLIMITED.NS,BLB Limited,NSE,BLBLIMITED.NS
BLEL.NS,Behari Lal Engineering Limited,NSE,BLEL.NS
BLIL.NS,Balmer Lawrie Investments Limited,NSE,BLIL.NS
BLISSGVS.NS,Bliss GVS Pharma Limited,NSE,BLISSGVS.NS
BLKASHYAP.NS,B. L. Kashyap and Sons Limited,NSE,BLKASHYAP.NS
BLS.NS,BLS International Services Limited,NSE,BLS.NS
BLSE.NS,BLS E-Services Limited,NSE,BLSE.NS
BLUECLOUDS.NS,Blue Cloud Softech Solutions Limited,NSE,BLUECLOUDS.NS
BLUECOAST.NS,Blue Coast Hotels Limited,NSE,BLUECOAST.NS
BLUEDART.NS,Blue Dart Express Limited,NSE,BLUEDART.NS
BLUEJET.NS,Blue Jet Healthcare Limited,NSE,BLUEJET.NS
BLUESTARCO.NS,Blue Star Limited,NSE,BLUESTARCO.NS
BLUESTONE.NS,BlueStone Jewellery and Lifestyle Limited,NSE,BLUESTONE.NS
BLUSPRING.NS,Bluspring Enterprises Limited,NSE,BLUSPRING.NS
BMWVENTLTD.NS,BMW Ventures Limited,NSE,BMWVENTLTD.NS
BNAGROCHEM.NS,BN Agrochem Limited,NSE,BNAGROCHEM.NS
BNALTD.NS,B & A Limited,NSE,BNALTD.NS
BODALCHEM.NS,Bodal Chemicals Limited,NSE,BODALCHEM.NS
BOHRAIND.NS,Bohra Industries Limited,NSE,BOHRAIND.NS
BOMDYEING.NS,Bombay Dyeing & Mfg Company Limited,NSE,BOMDYEING.NS
BONLON.NS,Bonlon Industries Limited,NSE,BONLON.NS
BORANA.NS,Borana Weaves Limited,NSE,BORANA.NS
BOROLTD.NS,Borosil Limited,NSE,BOROLTD.NS
BORORENEW.NS,BOROSIL RENEWABLES LIMITED,NSE,BORORENEW.NS
BOROSCI.NS,Borosil Scientific Limited,NSE,BOROSCI.NS
BOSCH-HCIL.NS,BOSCH HOME COMFORT INDIA LIMITED,NSE,BOSCH-HCIL.NS
BOSCHLTD.NS,Bosch Limited,NSE,BOSCHLTD.NS
BPCL.NS,Bharat Petroleum Corporation Limited,NSE,BPCL.NS
BPL.NS,BPL Limited,NSE,BPL.NS
BPLPHARMA.NS,Bharat Parenterals Limited,NSE,BPLPHARMA.NS
BRAHMINFRA.NS,Brahmaputra Infrastructure Limited,NSE,BRAHMINFRA.NS
BRIGADE.NS,Brigade Enterprises Limited,NSE,BRIGADE.NS
BRIGHOTEL.NS,Brigade Hotel Ventures Limited,NSE,BRIGHOTEL.NS
BRIGHTBR.NS,Bright Brothers Limited,NSE,BRIGHTBR.NS
BRITANNIA.NS,Britannia Industries Limited,NSE,BRITANNIA.NS
BRNL.NS,Bharat Road Network Limited,NSE,BRNL.NS
BROOKS.NS,Brooks Laboratories Limited,NSE,BROOKS.NS
BSE.NS,BSE Limited,NSE,BSE.NS
BSHSL.NS,Bombay Super Hybrid Seeds Limited,NSE,BSHSL.NS
BSL.NS,BSL Limited,NSE,BSL.NS
BSOFT.NS,BIRLASOFT LIMITED,NSE,BSOFT.NS
BTML.NS,Bodhi Tree Multimedia Limited,NSE,BTML.NS
BTTL.NS,Bhilwara Technical Textiles Limited,NSE,BTTL.NS
BUILDPRO.NS,Shankara Buildpro Limited,NSE,BUILDPRO.NS
BURNPUR.NS,Burnpur Cement Limited,NSE,BURNPUR.NS
BUTTERFLY.NS,Butterfly Gandhimathi Appliances Limited,NSE,BUTTERFLY.NS
BVCL.NS,Barak Valley Cements Limited,NSE,BVCL.NS
BYKE.NS,The Byke Hospitality Ltd,NSE,BYKE.NS
CALSOFT.NS,California Software Company Limited,NSE,CALSOFT.NS
CAMLINFINE.NS,Camlin Fine Sciences Limited,NSE,CAMLINFINE.NS
CAMPUS.NS,Campus Activewear Limited,NSE,CAMPUS.NS
CAMS.NS,Computer Age Management Services Limited,NSE,CAMS.NS
CANBK.NS,Canara Bank,NSE,CANBK.NS
CANFINHOME.NS,Can Fin Homes Limited,NSE,CANFINHOME.NS
CANHLIFE.NS,Canara HSBC Life Insurance Company Limited,NSE,CANHLIFE.NS
CANTABIL.NS,Cantabil Retail India Limited,NSE,CANTABIL.NS
CAPACITE.NS,Capacit'e Infraprojects Limited,NSE,CAPACITE.NS
CAPILLARY.NS,Capillary Technologies India Limited,NSE,CAPILLARY.NS
CAPITALSFB.NS,Capital Small Finance Bank Limited,NSE,CAPITALSFB.NS
CAPLIPOINT.NS,Caplin Point Laboratories Limited,NSE,CAPLIPOINT.NS
CAPTRUST.NS,Capital Trust Limited,NSE,CAPTRUST.NS
CARBORUNIV.NS,Carborundum Universal Limited,NSE,CARBORUNIV.NS
CARERATING.NS,CARE Ratings Limited,NSE,CARERATING.NS
CARRARO.NS,Carraro India Limited,NSE,CARRARO.NS
CARTRADE.NS,Cartrade Tech Limited,NSE,CARTRADE.NS
CARYSIL.NS,CARYSIL LIMITED,NSE,CARYSIL.NS
CASTROLIND.NS,Castrol India Limited,NSE,CASTROLIND.NS
CCAVENUE.NS,AvenuesAI Limited,NSE,CCAVENUE.NS
CCCL.NS,Consolidated Construction Consortium Limited,NSE,CCCL.NS
CCHHL.NS,Country Club Hospitality & Holidays Limited,NSE,CCHHL.NS
CCL.NS,CCL Products (India) Limited,NSE,CCL.NS
CDSL.NS,Central Depository Services (India) Limited,NSE,CDSL.NS
CEATLTD.NS,CEAT Limited,NSE,CEATLTD.NS
CEIGALL.NS,Ceigall India Limited,NSE,CEIGALL.NS
CEINSYS.NS,Ceinsys Tech Limited,NSE,CEINSYS.NS
CELEBRITY.NS,Celebrity Fashions Limited,NSE,CELEBRITY.NS
CELLO.NS,Cello World Limited,NSE,CELLO.NS
CEMPRO.NS,Cemindia Projects Limited,NSE,CEMPRO.NS
CENTENKA.NS,Century Enka Limited,NSE,CENTENKA.NS
CENTEXT-RE.NS,Century Extrusions Limited-RE,NSE,CENTEXT-RE.NS
CENTEXT.NS,Century Extrusions Limited,NSE,CENTEXT.NS
CENTRALBK.NS,Central Bank of India,NSE,CENTRALBK.NS
CENTRUM.NS,Centrum Capital Limited,NSE,CENTRUM.NS
CENTUM.NS,Centum Electronics Limited,NSE,CENTUM.NS
CENTURYPLY.NS,Century Plyboards (India) Limited,NSE,CENTURYPLY.NS
CERA.NS,Cera Sanitaryware Limited,NSE,CERA.NS
CESC.NS,CESC Limited,NSE,CESC.NS
CEWATER.NS,Concord Enviro Systems Limited,NSE,CEWATER.NS
CFEL.NS,Confidence Futuristic Energetech Limited,NSE,CFEL.NS
CGCL.NS,Capri Global Capital Limited,NSE,CGCL.NS
CGPOWER.NS,CG Power and Industrial Solutions Limited,NSE,CGPOWER.NS
CGVAK.NS,CG Vak Software & Exports Limited,NSE,CGVAK.NS
CHALET.NS,Chalet Hotels Limited,NSE,CHALET.NS
CHAMBLFERT.NS,Chambal Fertilizers & Chemicals Limited,NSE,CHAMBLFERT.NS
CHEMBOND.NS,Chembond Material Technologies Limited,NSE,CHEMBOND.NS
CHEMBONDCH.NS,Chembond Chemicals Limited,NSE,CHEMBONDCH.NS
CHEMCON.NS,Chemcon Speciality Chemicals Limited,NSE,CHEMCON.NS
CHEMCRUX.NS,Chemcrux Enterprises Limited,NSE,CHEMCRUX.NS
CHEMFAB.NS,Chemfab Alkalis Limited,NSE,CHEMFAB.NS
CHEMPLASTS.NS,Chemplast Sanmar Limited,NSE,CHEMPLASTS.NS
CHENNPETRO.NS,Chennai Petroleum Corporation Limited,NSE,CHENNPETRO.NS
CHEVIOT.NS,Cheviot Company Limited,NSE,CHEVIOT.NS
CHOICEIN.NS,Choice International Limited,NSE,CHOICEIN.NS
CHOLAFIN.NS,Cholamandalam Investment and Finance Company Limited,NSE,CHOLAFIN.NS
CHOLAHLDNG.NS,Cholamandalam Financial Holdings Limited,NSE,CHOLAHLDNG.NS
CIEINDIA.NS,CIE Automotive India Limited,NSE,CIEINDIA.NS
CIFL.NS,Capital India Finance Limited,NSE,CIFL.NS
CINELINE.NS,Cineline India Limited,NSE,CINELINE.NS
CINEVISTA.NS,Cinevista Limited,NSE,CINEVISTA.NS
CIPLA.NS,Cipla Limited,NSE,CIPLA.NS
CLEAN.NS,Clean Science and Technology Limited,NSE,CLEAN.NS
CLEANMAX.NS,Clean Max Enviro Energy Solutions Limited,NSE,CLEANMAX.NS
CLEDUCATE.NS,CL Educate Limited,NSE,CLEDUCATE.NS
CLSEL.NS,Chaman Lal Setia Exports Limited,NSE,CLSEL.NS
CMLL.NS,Caliber Mining and Logistics Limited,NSE,CMLL.NS
CMPDI.NS,Central Mine Planning & Design Institute Limited,NSE,CMPDI.NS
CMRGREEN.NS,CMR Green Technologies Limited,NSE,CMRGREEN.NS
CMSINFO.NS,CMS Info Systems Limited,NSE,CMSINFO.NS
CNL.NS,Creative Newtech Limited,NSE,CNL.NS
COALINDIA.NS,Coal India Limited,NSE,COALINDIA.NS
COASTCORP.NS,Coastal Corporation Limited,NSE,COASTCORP.NS
COCHINSHIP.NS,Cochin Shipyard Limited,NSE,COCHINSHIP.NS
COCKERILL.NS,John Cockerill India Limited,NSE,COCKERILL.NS
COFFEEDAY.NS,Coffee Day Enterprises Limited,NSE,COFFEEDAY.NS
COFORGE.NS,Coforge Limited,NSE,COFORGE.NS
COHANCE.NS,Cohance Lifesciences Limited,NSE,COHANCE.NS
COLPAL.NS,Colgate Palmolive (India) Limited,NSE,COLPAL.NS
COMFINTE.NS,Comfort Intech Limited,NSE,COMFINTE.NS
COMPEAU.NS,Competent Automobiles Company Limited,NSE,COMPEAU.NS
COMPINFO.NS,Compuage Infocom Limited,NSE,COMPINFO.NS
COMPUSOFT.NS,Compucom Software Limited,NSE,COMPUSOFT.NS
COMSYN.NS,Commercial Syn Bags Limited,NSE,COMSYN.NS
CONCOR.NS,Container Corporation of India Limited,NSE,CONCOR.NS
CONCORDBIO.NS,Concord Biotech Limited,NSE,CONCORDBIO.NS
CONFIPET.NS,Confidence Petroleum India Limited,NSE,CONFIPET.NS
CONSOFINVT.NS,Consolidated Finvest & Holdings Limited,NSE,CONSOFINVT.NS
CONTROLPR.NS,Control Print Limited,NSE,CONTROLPR.NS
CORALFINAC.NS,Coral India Finance & Housing Limited,NSE,CORALFINAC.NS
CORDELIA.NS,Waterways Leisure Tourism Limited,NSE,CORDELIA.NS
CORDSCABLE.NS,Cords Cable Industries Limited,NSE,CORDSCABLE.NS
COROMANDEL.NS,Coromandel International Limited,NSE,COROMANDEL.NS
CORONA.NS,CORONA Remedies Limited,NSE,CORONA.NS
COSMOFIRST.NS,COSMO FIRST LIMITED,NSE,COSMOFIRST.NS
COUNCODOS.NS,Country Condo's Limited,NSE,COUNCODOS.NS
CPCAP.NS,CP Capital Limited,NSE,CPCAP.NS
CPEDU.NS,Career Point Edutech Limited,NSE,CPEDU.NS
CPL.NS,Captain Polyplast Limited,NSE,CPL.NS
CPPLUS.NS,Aditya Infotech Limited,NSE,CPPLUS.NS
CRAFTSMAN.NS,Craftsman Automation Limited,NSE,CRAFTSMAN.NS
CRAMC.NS,Canara Robeco Asset Management Company Limited,NSE,CRAMC.NS
CRAVATEX.NS,Cravatex Limited,NSE,CRAVATEX.NS
CREATIVEYE.NS,Creative Eye Limited,NSE,CREATIVEYE.NS
CREDITACC.NS,CREDITACCESS GRAMEEN LIMITED,NSE,CREDITACC.NS
CREST.NS,Crest Ventures Limited,NSE,CREST.NS
CRESTO.NS,CRESTO TECHNO LIMITED,NSE,CRESTO.NS
CRISIL.NS,Crisil Limited,NSE,CRISIL.NS
CRIZAC.NS,Crizac Limited,NSE,CRIZAC.NS
CROMPTON.NS,Crompton Greaves Consumer Electricals Limited,NSE,CROMPTON.NS
CROWN.NS,Crown Lifters Limited,NSE,CROWN.NS
CRSL.NS,Cressanda Railway Solutions Limited,NSE,CRSL.NS
CSBBANK.NS,CSB Bank Limited,NSE,CSBBANK.NS
CSLFINANCE.NS,CSL Finance Limited,NSE,CSLFINANCE.NS
CSM.NS,CSM Technologies Limited,NSE,CSM.NS
CTE.NS,Cambridge Technology Enterprises Limited,NSE,CTE.NS
CUB.NS,City Union Bank Limited,NSE,CUB.NS
CUBEXTUB.NS,Cubex Tubings Limited,NSE,CUBEXTUB.NS
CUMMINSIND.NS,Cummins India Limited,NSE,CUMMINSIND.NS
CUPID.NS,Cupid Limited,NSE,CUPID.NS
CURAA.NS,Cura Technologies Limited,NSE,CURAA.NS
CYBERMEDIA.NS,Cyber Media (India) Limited,NSE,CYBERMEDIA.NS
CYBERTECH.NS,Cybertech Systems And Software Limited,NSE,CYBERTECH.NS
CYIENT.NS,Cyient Limited,NSE,CYIENT.NS
CYIENTDLM.NS,Cyient DLM Limited,NSE,CYIENTDLM.NS
DABUR.NS,Dabur India Limited,NSE,DABUR.NS
DAICHI.NS,Dai-Ichi Karkaria Limited,NSE,DAICHI.NS
DALBHARAT.NS,Dalmia Bharat Limited,NSE,DALBHARAT.NS
DALMIASUG.NS,Dalmia Bharat Sugar and Industries Limited,NSE,DALMIASUG.NS
DAMCAPITAL.NS,Dam Capital Advisors Limited,NSE,DAMCAPITAL.NS
DAMODARIND.NS,Damodar Industries Limited,NSE,DAMODARIND.NS
DANGEE.NS,Dangee Dums Limited,NSE,DANGEE.NS
DATAMATICS.NS,Datamatics Global Services Limited,NSE,DATAMATICS.NS
DATAPATTNS.NS,Data Patterns (India) Limited,NSE,DATAPATTNS.NS
DAVANGERE.NS,Davangere Sugar Company Limited,NSE,DAVANGERE.NS
DBCORP.NS,D.B.Corp Limited,NSE,DBCORP.NS
DBEIL.NS,Deepak Builders & Engineers India Limited,NSE,DBEIL.NS
DBL.NS,Dilip Buildcon Limited,NSE,DBL.NS
DBOL.NS,Dhampur Bio Organics Limited,NSE,DBOL.NS
DBREALTY.NS,Valor Estate Limited,NSE,DBREALTY.NS
DBSTOCKBRO.NS,DB (International) Stock Brokers Limited,NSE,DBSTOCKBRO.NS
DCAL.NS,Dishman Carbogen Amcis Limited,NSE,DCAL.NS
DCBBANK.NS,DCB Bank Limited,NSE,DCBBANK.NS
DCI.NS,Dc Infotech And Communication Limited,NSE,DCI.NS
DCM.NS,DCM  Limited,NSE,DCM.NS
DCMFINSERV.NS,DCM Financial Services Limited,NSE,DCMFINSERV.NS
DCMNVL.NS,DCM Nouvelle Limited,NSE,DCMNVL.NS
DCMSHRIRAM.NS,DCM Shriram Limited,NSE,DCMSHRIRAM.NS
DCMSIL.NS,DCM Shriram International Limited,NSE,DCMSIL.NS
DCMSRIND.NS,DCM Shriram Industries Limited,NSE,DCMSRIND.NS
DCW.NS,DCW Limited,NSE,DCW.NS
DCXINDIA.NS,DCX Systems Limited,NSE,DCXINDIA.NS
DDEVPLSTIK.NS,Ddev Plastiks Industries Limited,NSE,DDEVPLSTIK.NS
DECCANCE.NS,Deccan Cements Limited,NSE,DECCANCE.NS
DECNGOLD.NS,Deccan Gold Mines Limited,NSE,DECNGOLD.NS
DEEDEV.NS,DEE Development Engineers Limited,NSE,DEEDEV.NS
DEEP.NS,Deep Polymers Limited,NSE,DEEP.NS
DEEPA.NS,Deepa Jewellers Limited,NSE,DEEPA.NS
DEEPAKFERT.NS,Deepak Fertilizers and Petrochemicals Corporation Limited,NSE,DEEPAKFERT.NS
DEEPAKNTR.NS,Deepak Nitrite Limited,NSE,DEEPAKNTR.NS
DEEPINDS.NS,Deep Industries Limited,NSE,DEEPINDS.NS
DELHIVERY.NS,Delhivery Limited,NSE,DELHIVERY.NS
DELPHIFX.NS,DELPHI WORLD MONEY LIMITED,NSE,DELPHIFX.NS
DELTACORP.NS,Delta Corp Limited,NSE,DELTACORP.NS
DELTAMAGNT.NS,Delta Manufacturing Limited,NSE,DELTAMAGNT.NS
DEN.NS,Den Networks Limited,NSE,DEN.NS
DENORA.NS,De Nora India Limited,NSE,DENORA.NS
DENTA.NS,Denta Water and Infra Solutions Limited,NSE,DENTA.NS
DEVIT.NS,Dev Information Technology Limited,NSE,DEVIT.NS
DEVX.NS,Dev Accelerator Limited,NSE,DEVX.NS
DEVYANI.NS,Devyani International Limited,NSE,DEVYANI.NS
DGCONTENT.NS,Digicontent Limited,NSE,DGCONTENT.NS
DHABRIYA.NS,Dhabriya Polywood Limited,NSE,DHABRIYA.NS
DHAMPURSUG.NS,Dhampur Sugar Mills Limited,NSE,DHAMPURSUG.NS
DHANBANK.NS,Dhanlaxmi Bank Limited,NSE,DHANBANK.NS
DHANUKA.NS,Dhanuka Agritech Limited,NSE,DHANUKA.NS
DHARAN.NS,DHARAN INFRA-EPC LIMITED,NSE,DHARAN.NS
DHARMAJ.NS,Dharmaj Crop Guard Limited,NSE,DHARMAJ.NS
DHATRE.NS,Dhatre Udyog Limited,NSE,DHATRE.NS
DHOOTTRANS.NS,Dhoot Transmission Limited,NSE,DHOOTTRANS.NS
DHRUV.NS,Dhruv Consultancy Services Limited,NSE,DHRUV.NS
DHUNINV.NS,Dhunseri Investments Limited,NSE,DHUNINV.NS
DIACABS.NS,Diamond Power Infrastructure Limited,NSE,DIACABS.NS
DIAMINESQ.NS,Diamines & Chemicals Limited,NSE,DIAMINESQ.NS
DIAMONDYD.NS,Prataap Snacks Limited,NSE,DIAMONDYD.NS
DICIND.NS,DIC India Limited,NSE,DICIND.NS
DIFFNKG.NS,Diffusion Engineers Limited,NSE,DIFFNKG.NS
DIGIDRIVE.NS,Digidrive Distributors Limited,NSE,DIGIDRIVE.NS
DIGISPICE.NS,DiGiSPICE Technologies Limited,NSE,DIGISPICE.NS
DIGITIDE.NS,Digitide Solutions Limited,NSE,DIGITIDE.NS
DIGJAMLMTD.NS,Digjam Limited,NSE,DIGJAMLMTD.NS
DISAQ.NS,Disa India Limited,NSE,DISAQ.NS
DISHTV.NS,Dish TV India Limited,NSE,DISHTV.NS
DIVGIITTS.NS,Divgi Torqtransfer Systems Limited,NSE,DIVGIITTS.NS
DIVISLAB.NS,Divi's Laboratories Limited,NSE,DIVISLAB.NS
DIXON.NS,Dixon Technologies (India) Limited,NSE,DIXON.NS
DJML.NS,DJ Mediaprint & Logistics Limited,NSE,DJML.NS
DLF.NS,DLF Limited,NSE,DLF.NS
DLINKINDIA.NS,D-Link (India) Limited,NSE,DLINKINDIA.NS
DMART.NS,Avenue Supermarts Limited,NSE,DMART.NS
DMCC.NS,DMCC SPECIALITY CHEMICALS LIMITED,NSE,DMCC.NS
DNAMEDIA.NS,Diligent Media Corporation Limited,NSE,DNAMEDIA.NS
DODLA.NS,Dodla Dairy Limited,NSE,DODLA.NS
DOLATALGO.NS,Dolat Algotech Limited,NSE,DOLATALGO.NS
DOLLAR.NS,Dollar Industries Limited,NSE,DOLLAR.NS
DOLLEX.NS,Dollex Agrotech Limited,NSE,DOLLEX.NS
DOLPHIN.NS,Dolphin Offshore Enterprises (India) Limited,NSE,DOLPHIN.NS
DOMS.NS,DOMS Industries Limited,NSE,DOMS.NS
DONEAR.NS,Donear Industries Limited,NSE,DONEAR.NS
DPABHUSHAN.NS,D. P. Abhushan Limited,NSE,DPABHUSHAN.NS
DPSCLTD.NS,DPSC Limited,NSE,DPSCLTD.NS
DPWIRES.NS,D P Wires Limited,NSE,DPWIRES.NS
DRAGARWQ.NS,Dr Agarwals Eye Hospital Limited,NSE,DRAGARWQ.NS
DRCSYSTEMS.NS,DRC Systems India Limited,NSE,DRCSYSTEMS.NS
DREAMFOLKS.NS,Dreamfolks Services Limited,NSE,DREAMFOLKS.NS
DREDGECORP.NS,Dredging Corporation of India Limited,NSE,DREDGECORP.NS
DRREDDY.NS,Dr. Reddy's Laboratories Limited,NSE,DRREDDY.NS
DSFCL.NS,DCM Shriram Fine Chemicals Limited,NSE,DSFCL.NS
DSKULKARNI.NS,DS Kulkarni Developers Limited,NSE,DSKULKARNI.NS
DSSL.NS,Dynacons Systems & Solutions Limited,NSE,DSSL.NS
DTIL.NS,Dhunseri Tea & Industries Limited,NSE,DTIL.NS
DUCON.NS,Ducon Infratechnologies Limited,NSE,DUCON.NS
DVL.NS,Dhunseri Ventures Limited,NSE,DVL.NS
DWARKESH.NS,Dwarikesh Sugar Industries Limited,NSE,DWARKESH.NS
DYCL.NS,Dynamic Cables Limited,NSE,DYCL.NS
DYNAMATECH.NS,Dynamatic Technologies Limited,NSE,DYNAMATECH.NS
DYNPRO.NS,Dynemic Products Limited,NSE,DYNPRO.NS
E2E.NS,E2E Networks Limited,NSE,E2E.NS
EASEMYTRIP.NS,Easy Trip Planners Limited,NSE,EASEMYTRIP.NS
EASTSILK.NS,Eastern Silk Industries Limited,NSE,EASTSILK.NS
EASTWEST.NS,East West Freight Carriers Limited,NSE,EASTWEST.NS
EBGNG.NS,GNG Electronics Limited,NSE,EBGNG.NS
EBIX.NS,EBIX Limited,NSE,EBIX.NS
ECLERX.NS,eClerx Services Limited,NSE,ECLERX.NS
ECORECO.NS,Eco Recycling Limited,NSE,ECORECO.NS
ECOSMOBLTY.NS,Ecos (India) Mobility & Hospitality Limited,NSE,ECOSMOBLTY.NS
EDELWEISS.NS,Edelweiss Financial Services Limited,NSE,EDELWEISS.NS
EFCIL.NS,EFC (I) Limited,NSE,EFCIL.NS
EICHERMOT.NS,Eicher Motors Limited,NSE,EICHERMOT.NS
EIDPARRY.NS,EID Parry India Limited,NSE,EIDPARRY.NS
EIEL.NS,Enviro Infra Engineers Limited,NSE,EIEL.NS
EIFFL.NS,Euro India Fresh Foods Limited,NSE,EIFFL.NS
EIHAHOTELS.NS,EIH Associated Hotels Limited,NSE,EIHAHOTELS.NS
EIHOTEL.NS,EIH Limited,NSE,EIHOTEL.NS
EIMCOELECO.NS,Eimco Elecon (India) Limited,NSE,EIMCOELECO.NS
EKC.NS,Everest Kanto Cylinder Limited,NSE,EKC.NS
EKI.NS,EKI Energy Services Limited,NSE,EKI.NS
ELANTAS.NS,Elantas Beck India Limited,NSE,ELANTAS.NS
ELCIDIN.NS,EL CID Investments Limited,NSE,ELCIDIN.NS
ELDEHSG.NS,Eldeco Housing And Industries Limited,NSE,ELDEHSG.NS
ELECON.NS,Elecon Engineering Company Limited,NSE,ELECON.NS
ELECTCAST.NS,Electrosteel Castings Limited,NSE,ELECTCAST.NS
ELECTHERM.NS,Electrotherm (India) Limited,NSE,ELECTHERM.NS
ELEVATE.NS,Elevate Campuses Limited,NSE,ELEVATE.NS
ELGIEQUIP.NS,Elgi Equipments Limited,NSE,ELGIEQUIP.NS
ELGIRUBCO.NS,Elgi Rubber Company Limited,NSE,ELGIRUBCO.NS
ELIN.NS,Elin Electronics Limited,NSE,ELIN.NS
ELITECON.NS,Elitecon International Limited,NSE,ELITECON.NS
ELLEN.NS,Ellenbarrie Industrial Gases Limited,NSE,ELLEN.NS
ELPROINTL.NS,Elpro International Limited,NSE,ELPROINTL.NS
EMAMILTD.NS,Emami Limited,NSE,EMAMILTD.NS
EMAMIPAP.NS,Emami Paper Mills Limited,NSE,EMAMIPAP.NS
EMAMIREAL.NS,Emami Realty Limited,NSE,EMAMIREAL.NS
EMBDL.NS,Embassy Developments Limited,NSE,EMBDL.NS
EMCURE.NS,Emcure Pharmaceuticals Limited,NSE,EMCURE.NS
EMIL.NS,Electronics Mart India Limited,NSE,EMIL.NS
EMKAY.NS,Emkay Global Financial Services Limited,NSE,EMKAY.NS
EMMBI.NS,Emmbi Industries Limited,NSE,EMMBI.NS
EMMVEE.NS,Emmvee Photovoltaic Power Limited,NSE,EMMVEE.NS
EMPIND.NS,Empire Industries Limited,NSE,EMPIND.NS
EMPOWER.NS,Empower India Limited,NSE,EMPOWER.NS
EMSLIMITED.NS,EMS Limited,NSE,EMSLIMITED.NS
EMUDHRA.NS,eMudhra Limited,NSE,EMUDHRA.NS
ENDURANCE.NS,Endurance Technologies Limited,NSE,ENDURANCE.NS
ENERGYDEV.NS,Energy Development Company Limited,NSE,ENERGYDEV.NS
ENGINERSIN.NS,Engineers India Limited,NSE,ENGINERSIN.NS
ENIL.NS,Entertainment Network (India) Limited,NSE,ENIL.NS
ENKEIWHEL.NS,Enkei Wheels (India) Limited,NSE,ENKEIWHEL.NS
ENRIN.NS,Siemens Energy India Limited,NSE,ENRIN.NS
ENTERO.NS,Entero Healthcare Solutions Limited,NSE,ENTERO.NS
EPACK.NS,EPACK Durable Limited,NSE,EPACK.NS
EPACKPEB.NS,EPack Prefab Technologies Limited,NSE,EPACKPEB.NS
EPIGRAL.NS,Epigral Limited,NSE,EPIGRAL.NS
EPL.NS,EPL Limited,NSE,EPL.NS
EQUIPPP.NS,Equippp Social Impact Technologies Limited,NSE,EQUIPPP.NS
EQUITASBNK.NS,Equitas Small Finance Bank Limited,NSE,EQUITASBNK.NS
ERIS.NS,Eris Lifesciences Limited,NSE,ERIS.NS
ESABINDIA.NS,Esab India Limited,NSE,ESABINDIA.NS
ESAFSFB.NS,ESAF Small Finance Bank Limited,NSE,ESAFSFB.NS
ESCORTS.NS,Escorts Kubota Limited,NSE,ESCORTS.NS
ESDS.NS,ESDS Software Solution Limited,NSE,ESDS.NS
ESSARSHPNG.NS,Essar Shipping Limited,NSE,ESSARSHPNG.NS
ESSENTIA.NS,Integra Essentia Limited,NSE,ESSENTIA.NS
ESTER.NS,Ester Industries Limited,NSE,ESTER.NS
ETERNAL.NS,ETERNAL LIMITED,NSE,ETERNAL.NS
ETHOSLTD.NS,Ethos Limited,NSE,ETHOSLTD.NS
EUREKAFORB.NS,Eureka Forbes Limited,NSE,EUREKAFORB.NS
EUROBOND.NS,Euro Panel Products Limited,NSE,EUROBOND.NS
EUROPRATIK.NS,Euro Pratik Sales Limited,NSE,EUROPRATIK.NS
EUROTEXIND.NS,Eurotex Industries and Exports Limited,NSE,EUROTEXIND.NS
EVEREADY.NS,Eveready Industries India Limited,NSE,EVEREADY.NS
EVERESTIND.NS,Everest Industries Limited,NSE,EVERESTIND.NS
EXCELINDUS.NS,Excel Industries Limited,NSE,EXCELINDUS.NS
EXCELSOFT.NS,Excelsoft Technologies Limited,NSE,EXCELSOFT.NS
EXICOM.NS,Exicom Tele-Systems Limited,NSE,EXICOM.NS
EXIDEIND.NS,Exide Industries Limited,NSE,EXIDEIND.NS
EXPLEOSOL.NS,Expleo Solutions Limited,NSE,EXPLEOSOL.NS
EXXARO.NS,Exxaro Tiles Limited,NSE,EXXARO.NS
FABTECH.NS,Fabtech Technologies Limited,NSE,FABTECH.NS
FACT.NS,Fertilizers and Chemicals Travancore Limited,NSE,FACT.NS
FAIRCHEMOR.NS,Fairchem Organics Limited,NSE,FAIRCHEMOR.NS
FAZE3Q.NS,Faze Three Limited,NSE,FAZE3Q.NS
FCL.NS,Fineotex Chemical Limited,NSE,FCL.NS
FCSSOFT.NS,FCS Software Solutions Limited,NSE,FCSSOFT.NS
FDC.NS,FDC Limited,NSE,FDC.NS
FEDDERSHOL.NS,Fedders Holding Limited,NSE,FEDDERSHOL.NS
FEDERALBNK.NS,The Federal Bank  Limited,NSE,FEDERALBNK.NS
FEDFINA.NS,Fedbank Financial Services Limited,NSE,FEDFINA.NS
FEL.NS,Future Enterprises Limited,NSE,FEL.NS
FELDVR.NS,Future Enterprises Limited,NSE,FELDVR.NS
FERMENTA.NS,Fermenta Biotech Limited,NSE,FERMENTA.NS
FIBERWEB.NS,Fiberweb (India) Limited,NSE,FIBERWEB.NS
FIEMIND.NS,Fiem Industries Limited,NSE,FIEMIND.NS
FILATEX.NS,Filatex India Limited,NSE,FILATEX.NS
FILATFASH.NS,Filatex Fashions Limited,NSE,FILATFASH.NS
FINCABLES.NS,Finolex Cables Limited,NSE,FINCABLES.NS
FINEORG.NS,Fine Organic Industries Limited,NSE,FINEORG.NS
FINKURVE.NS,Finkurve Financial Services Limited,NSE,FINKURVE.NS
FINOPB.NS,Fino Payments Bank Limited,NSE,FINOPB.NS
FINPIPE.NS,Finolex Industries Limited,NSE,FINPIPE.NS
FIRSTCRY.NS,Brainbees Solutions Limited,NSE,FIRSTCRY.NS
FISCHER.NS,Fischer Medical Ventures Limited,NSE,FISCHER.NS
FIVESTAR.NS,Five-Star Business Finance Limited,NSE,FIVESTAR.NS
FLAIR.NS,Flair Writing Industries Limited,NSE,FLAIR.NS
FLEXITUFF.NS,Flexituff Ventures International Limited,NSE,FLEXITUFF.NS
FLFL.NS,Future Lifestyle Fashions Limited,NSE,FLFL.NS
FLUOROCHEM.NS,Gujarat Fluorochemicals Limited,NSE,FLUOROCHEM.NS
FMGOETZE.NS,Federal-Mogul Goetze (India) Limited.,NSE,FMGOETZE.NS
FMNL.NS,Future Market Networks Limited,NSE,FMNL.NS
FOCUS.NS,Focus Lighting and Fixtures Limited,NSE,FOCUS.NS
FOODSIN.NS,Foods & Inns Limited,NSE,FOODSIN.NS
FORCEMOT.NS,FORCE MOTORS LTD,NSE,FORCEMOT.NS
FORTIS.NS,Fortis Healthcare Limited,NSE,FORTIS.NS
FOSECOIND.NS,Foseco India Limited,NSE,FOSECOIND.NS
FRACTAL.NS,Fractal Analytics Limited,NSE,FRACTAL.NS
FREDUN.NS,Fredun Pharmaceuticals Limited,NSE,FREDUN.NS
FRONTSP.NS,Frontier Springs Limited,NSE,FRONTSP.NS
FSL.NS,Firstsource Solutions Limited,NSE,FSL.NS
FUSION.NS,Fusion Finance Limited,NSE,FUSION.NS
GABRIEL.NS,Gabriel India Limited,NSE,GABRIEL.NS
GAEL.NS,Gujarat Ambuja Exports Limited,NSE,GAEL.NS
GAIL.NS,GAIL (India) Limited,NSE,GAIL.NS
GAJA.NS,Gaja Alternative Asset Management Limited,NSE,GAJA.NS
GALAPREC.NS,Gala Precision Engineering Limited,NSE,GALAPREC.NS
GALAXYSURF.NS,Galaxy Surfactants Limited,NSE,GALAXYSURF.NS
GALLANTT.NS,Gallantt Ispat Limited,NSE,GALLANTT.NS
GANDHAR.NS,Gandhar Oil Refinery (India) Limited,NSE,GANDHAR.NS
GANDHITUBE.NS,Gandhi Special Tubes Limited,NSE,GANDHITUBE.NS
GANECOS.NS,Ganesha Ecosphere Limited,NSE,GANECOS.NS
GANESHBE.NS,Ganesh Benzoplast Limited,NSE,GANESHBE.NS
GANESHCP.NS,Ganesh Consumer Products Limited,NSE,GANESHCP.NS
GANESHHOU.NS,GANESH HOUSING LIMITED,NSE,GANESHHOU.NS
GANGAFORGE.NS,Ganga Forging Limited,NSE,GANGAFORGE.NS
GANGESSECU.NS,Ganges Securities Limited,NSE,GANGESSECU.NS
GARFIBRES.NS,Garware Technical Fibres Limited,NSE,GARFIBRES.NS
GARUDA.NS,Garuda Construction and Engineering Limited,NSE,GARUDA.NS
GATECH.NS,GACM Technologies Limited,NSE,GATECH.NS
GATECHDVR.NS,GACM Technologies Limited,NSE,GATECHDVR.NS
GATEWAY.NS,Gateway Distriparks Limited,NSE,GATEWAY.NS
GAUDIUMIVF.NS,Gaudium IVF and Women Health Limited,NSE,GAUDIUMIVF.NS
GAYAHWS.NS,Gayatri Highways Limited,NSE,GAYAHWS.NS
GAYAPROJ.NS,Gayatri Projects Limited,NSE,GAYAPROJ.NS
GCSL.NS,Gretex Corporate Services Limited,NSE,GCSL.NS
GEECEE.NS,GeeCee Ventures Limited,NSE,GEECEE.NS
GEEKAYWIRE.NS,Geekay Wires Limited,NSE,GEEKAYWIRE.NS
GEMAROMA.NS,Gem Aromatics Limited,NSE,GEMAROMA.NS
GENCON.NS,Generic Engineering Construction and Projects Limited,NSE,GENCON.NS
GENESYS.NS,Genesys International Corporation Limited,NSE,GENESYS.NS
GENSOL.NS,Gensol Engineering Limited,NSE,GENSOL.NS
GENUSPAPER.NS,Genus Paper & Boards Limited,NSE,GENUSPAPER.NS
GENUSPOWER.NS,Genus Power Infrastructures Limited,NSE,GENUSPOWER.NS
GEOJITFSL.NS,Geojit Financial Services Limited,NSE,GEOJITFSL.NS
GERMAN.NS,German Green Steel and Power Limited,NSE,GERMAN.NS
GESHIP.NS,The Great Eastern Shipping Company Limited,NSE,GESHIP.NS
GFLLIMITED.NS,GFL Limited,NSE,GFLLIMITED.NS
GFSTEELS.NS,Grand Foundry Limited,NSE,GFSTEELS.NS
GHCL.NS,GHCL Limited,NSE,GHCL.NS
GHCLTEXTIL.NS,GHCL Textiles Limited,NSE,GHCLTEXTIL.NS
GICHSGFIN.NS,GIC Housing Finance Limited,NSE,GICHSGFIN.NS
GICL.NS,Globe International Carriers Limited,NSE,GICL.NS
GICRE.NS,General Insurance Corporation of India,NSE,GICRE.NS
GILLANDERS.NS,Gillanders Arbuthnot & Company Limited,NSE,GILLANDERS.NS
GILLETTE.NS,Gillette India Limited,NSE,GILLETTE.NS
GINNIFILA.NS,Ginni Filaments Limited,NSE,GINNIFILA.NS
GIPCL.NS,Gujarat Industries Power Company Limited,NSE,GIPCL.NS
GKB.NS,GKB Ophthalmics Limited,NSE,GKB.NS
GKENERGY.NS,GK Energy Limited,NSE,GKENERGY.NS
GKSL.NS,Gujarat Kidney And Super Speciality Limited,NSE,GKSL.NS
GKWLIMITED.NS,GKW Limited,NSE,GKWLIMITED.NS
GLAND.NS,Gland Pharma Limited,NSE,GLAND.NS
GLASSWALL.NS,Glass Wall Systems (India) Limited,NSE,GLASSWALL.NS
GLAXO.NS,GlaxoSmithKline Pharmaceuticals Limited,NSE,GLAXO.NS
GLENMARK.NS,Glenmark Pharmaceuticals Limited,NSE,GLENMARK.NS
GLFL.NS,Gujarat Lease Financing Limited,NSE,GLFL.NS
GLOBAL.NS,Global Education Limited,NSE,GLOBAL.NS
GLOBALE.NS,Globale Tessile Limited,NSE,GLOBALE.NS
GLOBALVECT.NS,Global Vectra Helicorp Limited,NSE,GLOBALVECT.NS
GLOBE.NS,GLOBE ENTERPRISES (INDIA) LIMITED,NSE,GLOBE.NS
GLOBECIVIL.NS,Globe Civil Projects Limited,NSE,GLOBECIVIL.NS
GLOBUSSPR.NS,Globus Spirits Limited,NSE,GLOBUSSPR.NS
GLOSTERLTD.NS,Gloster Limited,NSE,GLOSTERLTD.NS
GLOTTIS.NS,Glottis Limited,NSE,GLOTTIS.NS
GMBREW.NS,GM Breweries Limited,NSE,GMBREW.NS
GMDCLTD.NS,Gujarat Mineral Development Corporation Limited,NSE,GMDCLTD.NS
GMMPFAUDLR.NS,GMM Pfaudler Limited,NSE,GMMPFAUDLR.NS
GMRAIRPORT.NS,GMR AIRPORTS LIMITED,NSE,GMRAIRPORT.NS
GMRP&UI.NS,GMR Power and Urban Infra Limited,NSE,GMRP&UI.NS
GNA.NS,GNA Axles Limited,NSE,GNA.NS
GNFC.NS,Gujarat Narmada Valley Fertilizers and Chemicals Limited,NSE,GNFC.NS
GNRL.NS,Gujarat Natural Resources Limited,NSE,GNRL.NS
GOACARBON.NS,Goa Carbon Limited,NSE,GOACARBON.NS
GOCLCORP.NS,GOCL Corporation Limited,NSE,GOCLCORP.NS
GOCOLORS.NS,Go Fashion (India) Limited,NSE,GOCOLORS.NS
GODAVARIB.NS,Godavari Biorefineries Limited,NSE,GODAVARIB.NS
GODFRYPHLP.NS,Godfrey Phillips India Limited,NSE,GODFRYPHLP.NS
GODIGIT.NS,Go Digit General Insurance Limited,NSE,GODIGIT.NS
GODREJAGRO.NS,Godrej Agrovet Limited,NSE,GODREJAGRO.NS
GODREJCP.NS,Godrej Consumer Products Limited,NSE,GODREJCP.NS
GODREJIND.NS,Godrej Industries Limited,NSE,GODREJIND.NS
GODREJPROP.NS,Godrej Properties Limited,NSE,GODREJPROP.NS
GOKEX.NS,Gokaldas Exports Limited,NSE,GOKEX.NS
GOKUL.NS,Gokul Refoils and Solvent Limited,NSE,GOKUL.NS
GOKULAGRO.NS,Gokul Agro Resources Limited,NSE,GOKULAGRO.NS
GOLDENTOBC.NS,Golden Tobacco Limited,NSE,GOLDENTOBC.NS
GOLDIAM.NS,Goldiam International Limited,NSE,GOLDIAM.NS
GOLDTECH.NS,AION-TECH SOLUTIONS LIMITED,NSE,GOLDTECH.NS
GOODLUCK.NS,Goodluck India Limited,NSE,GOODLUCK.NS
GOODYEAR.NS,Goodyear India Limited,NSE,GOODYEAR.NS
GOPAL.NS,Gopal Snacks Limited,NSE,GOPAL.NS
GOYALALUM.NS,Goyal Aluminiums Limited,NSE,GOYALALUM.NS
GPIL.NS,Godawari Power And Ispat limited,NSE,GPIL.NS
GPPL.NS,Gujarat Pipavav Port Limited,NSE,GPPL.NS
GPTHEALTH.NS,GPT Healthcare Limited,NSE,GPTHEALTH.NS
GPTINFRA.NS,GPT Infraprojects Limited,NSE,GPTINFRA.NS
GRADIENTE.NS,Gradiente Infotainment Limited,NSE,GRADIENTE.NS
GRANDOAK.NS,Grand Oak Canyons Distillery Limited,NSE,GRANDOAK.NS
GRANULES.NS,Granules India Limited,NSE,GRANULES.NS
GRAPHITE.NS,Graphite India Limited,NSE,GRAPHITE.NS
GRASIM.NS,Grasim Industries Limited,NSE,GRASIM.NS
GRAUWEIL.NS,Grauer & Weil India Limited,NSE,GRAUWEIL.NS
GRAVISSHO.NS,Graviss Hospitality Limited,NSE,GRAVISSHO.NS
GRAVITA.NS,Gravita India Limited,NSE,GRAVITA.NS
GREAVESCOT.NS,Greaves Cotton Limited,NSE,GREAVESCOT.NS
GREENLAM.NS,Greenlam Industries Limited,NSE,GREENLAM.NS
GREENPANEL.NS,Greenpanel Industries Limited,NSE,GREENPANEL.NS
GREENPLY.NS,Greenply Industries Limited,NSE,GREENPLY.NS
GREENPOWER.NS,Orient Green Power Company Limited,NSE,GREENPOWER.NS
GRINDWELL.NS,Grindwell Norton Limited,NSE,GRINDWELL.NS
GRINFRA.NS,G R Infraprojects Limited,NSE,GRINFRA.NS
GRMOVER.NS,GRM Overseas Limited,NSE,GRMOVER.NS
GROBTEA.NS,The Grob Tea Company Limited,NSE,GROBTEA.NS
GROWW.NS,Billionbrains Garage Ventures Limited,NSE,GROWW.NS
GRPLTD.NS,GRP Limited,NSE,GRPLTD.NS
GRSE.NS,Garden Reach Shipbuilders & Engineers Limited,NSE,GRSE.NS
GRWRHITECH.NS,Garware Hi-Tech Films Limited,NSE,GRWRHITECH.NS
GSFC.NS,Gujarat State Fertilizers & Chemicals Limited,NSE,GSFC.NS
GSLSU.NS,Global Surfaces Limited,NSE,GSLSU.NS
GSPCROP.NS,GSP Crop Science Limited,NSE,GSPCROP.NS
GSPLTRANS.NS,GSPL Transmission Limited,NSE,GSPLTRANS.NS
GSS.NS,GSS Infotech Limited,NSE,GSS.NS
GTECJAINX.NS,G-TEC JAINX EDUCATION LIMITED,NSE,GTECJAINX.NS
GTL.NS,GTL Limited,NSE,GTL.NS
GTLINFRA.NS,GTL Infrastructure Limited,NSE,GTLINFRA.NS
GTPL.NS,GTPL Hathway Limited,NSE,GTPL.NS
GUFICBIO.NS,Gufic Biosciences Limited,NSE,GUFICBIO.NS
GUJALKALI.NS,Gujarat Alkalies and Chemicals Limited,NSE,GUJALKALI.NS
GUJAPOLLO.NS,Gujarat Apollo Industries Limited,NSE,GUJAPOLLO.NS
GUJENERGY.NS,GUJARAT ENERGY LIMITED,NSE,GUJENERGY.NS
GUJRAFFIA.NS,Gujarat Raffia Industries Limited,NSE,GUJRAFFIA.NS
GUJTHEM.NS,Gujarat Themis Biosyn Limited,NSE,GUJTHEM.NS
GULFOILLUB.NS,Gulf Oil Lubricants India Limited,NSE,GULFOILLUB.NS
GULFPETRO.NS,GP Petroleums Limited,NSE,GULFPETRO.NS
GULPOLY.NS,Gulshan Polyols Limited,NSE,GULPOLY.NS
GVKPIL.NS,GVK Power & Infrastructure Limited,NSE,GVKPIL.NS
GVPIL.NS,GE Power India Limited,NSE,GVPIL.NS
GVPTECH.NS,GVP Infotech Limited,NSE,GVPTECH.NS
GVT&D.NS,GE Vernova T&D India Limited,NSE,GVT&D.NS
GYFTR.NS,Gyftr Limited,NSE,GYFTR.NS
HAL.NS,Hindustan Aeronautics Limited,NSE,HAL.NS
HALDER.NS,Halder Venture Limited,NSE,HALDER.NS
HALDYNGL.NS,Haldyn Glass Limited,NSE,HALDYNGL.NS
HALEOSLABS.NS,HALEOS LABS LIMITED,NSE,HALEOSLABS.NS
HAMPTON.NS,Hampton Sky Realty Limited,NSE,HAMPTON.NS
HAPPSTMNDS.NS,Happiest Minds Technologies Limited,NSE,HAPPSTMNDS.NS
HAPPYFORGE.NS,Happy Forgings Limited,NSE,HAPPYFORGE.NS
HARDWYN.NS,Hardwyn India Limited,NSE,HARDWYN.NS
HARIOMPIPE.NS,Hariom Pipe Industries Limited,NSE,HARIOMPIPE.NS
HARRMALAYA.NS,Harrisons  Malayalam Limited,NSE,HARRMALAYA.NS
HARSHA.NS,Harsha Engineers International Limited,NSE,HARSHA.NS
HATHWAY.NS,Hathway Cable & Datacom Limited,NSE,HATHWAY.NS
HATSUN.NS,Hatsun Agro Product Limited,NSE,HATSUN.NS
HAVELLS.NS,Havells India Limited,NSE,HAVELLS.NS
HAVISHA.NS,Sri Havisha Hospitality and Infrastructure Limited,NSE,HAVISHA.NS
HAWKINCOOK.NS,Hawkins Cookers Limited,NSE,HAWKINCOOK.NS
HAZOOR.NS,Hazoor Multi Projects Limited,NSE,HAZOOR.NS
HBESD.NS,HB Estate Developers Limited,NSE,HBESD.NS
HBLENGINE.NS,HBL Engineering Limited,NSE,HBLENGINE.NS
HBPOR.NS,HB Portfolio Limited,NSE,HBPOR.NS
HBSL.NS,HB Stockholdings Limited,NSE,HBSL.NS
HCC.NS,Hindustan Construction Company Limited,NSE,HCC.NS
HCG.NS,Healthcare Global Enterprises Limited,NSE,HCG.NS
HCL-INSYS.NS,HCL Infosystems Limited,NSE,HCL-INSYS.NS
HCLTECH.NS,HCL Technologies Limited,NSE,HCLTECH.NS
HDBFS.NS,HDB Financial Services Limited,NSE,HDBFS.NS
HDFCAMC.NS,HDFC Asset Management Company Limited,NSE,HDFCAMC.NS
HDFCBANK.NS,HDFC Bank Limited,NSE,HDFCBANK.NS
HDFCLIFE.NS,HDFC Life Insurance Company Limited,NSE,HDFCLIFE.NS
HDIL.NS,Housing Development and Infrastructure Limited,NSE,HDIL.NS
HEADSUP.NS,Heads UP Ventures Limited,NSE,HEADSUP.NS
HEALTHX.NS,Health X Platform Limited,NSE,HEALTHX.NS
HECPROJECT.NS,HEC Infra Projects Limited,NSE,HECPROJECT.NS
HEGAM.NS,HEG Advanced Materials Limited,NSE,HEGAM.NS
HEIDELBERG.NS,HeidelbergCement India Limited,NSE,HEIDELBERG.NS
HEMIPROP.NS,Hemisphere Properties India Limited,NSE,HEMIPROP.NS
HERANBA.NS,Heranba Industries Limited,NSE,HERANBA.NS
HERITGFOOD.NS,Heritage Foods Limited,NSE,HERITGFOOD.NS
HEROMOTOCO.NS,Hero MotoCorp Limited,NSE,HEROMOTOCO.NS
HEROMOTORS.NS,Hero Motors Limited,NSE,HEROMOTORS.NS
HESTERBIO.NS,Hester Biosciences Limited,NSE,HESTERBIO.NS
HEXAGON.NS,Hexagon Nutrition Limited,NSE,HEXAGON.NS
HEXATRADEX.NS,Hexa Tradex Limited,NSE,HEXATRADEX.NS
HEXT.NS,Hexaware Technologies Limited,NSE,HEXT.NS
HFCL.NS,HFCL Limited,NSE,HFCL.NS
HGINFRA.NS,H.G. Infra Engineering Limited,NSE,HGINFRA.NS
HGM.NS,HandsOn Global Management (HGM) Limited,NSE,HGM.NS
HGS.NS,Hinduja Global Solutions Limited,NSE,HGS.NS
HIKAL.NS,Hikal Limited,NSE,HIKAL.NS
HILINFRA.NS,Highway Infrastructure Limited,NSE,HILINFRA.NS
HILTON.NS,Hilton Metal Forging Limited,NSE,HILTON.NS
HIMATSEIDE.NS,Himatsingka Seide Limited,NSE,HIMATSEIDE.NS
HINDADH.NS,Hindustan Adhesives Limited,NSE,HINDADH.NS
HINDALCO.NS,Hindalco Industries Limited,NSE,HINDALCO.NS
HINDALUMI.NS,Hind Aluminium Industries Limited,NSE,HINDALUMI.NS
HINDCOMPOS.NS,Hindustan Composites Limited,NSE,HINDCOMPOS.NS
HINDCON.NS,Hindcon Chemicals Limited,NSE,HINDCON.NS
HINDCOPPER.NS,Hindustan Copper Limited,NSE,HINDCOPPER.NS
HINDOILEXP.NS,Hindustan Oil Exploration Company Limited,NSE,HINDOILEXP.NS
HINDPETRO.NS,Hindustan Petroleum Corporation Limited,NSE,HINDPETRO.NS
HINDUNILVR.NS,Hindustan Unilever Limited,NSE,HINDUNILVR.NS
HINDWAREAP.NS,Hindware Home Innovation Limited,NSE,HINDWAREAP.NS
HINDZINC.NS,Hindustan Zinc Limited,NSE,HINDZINC.NS
HIRECT.NS,Hirect Limited,NSE,HIRECT.NS
HISARMETAL.NS,Hisar Metal Industries Limited,NSE,HISARMETAL.NS
HITECH.NS,Hi-Tech Pipes Limited,NSE,HITECH.NS
HITECHCORP.NS,Hitech Corporation Limited,NSE,HITECHCORP.NS
HITECHGEAR.NS,The Hi-Tech Gears Limited,NSE,HITECHGEAR.NS
HLEGLAS.NS,HLE Glascoat Limited,NSE,HLEGLAS.NS
HLVLTD.NS,HLV LIMITED,NSE,HLVLTD.NS
HMAAGRO.NS,HMA Agro Industries Limited,NSE,HMAAGRO.NS
HMT.NS,HMT Limited,NSE,HMT.NS
HMVL.NS,Hindustan Media Ventures Limited,NSE,HMVL.NS
HNDFDS.NS,Hindustan Foods Limited,NSE,HNDFDS.NS
HOMEFIRST.NS,Home First Finance Company India Limited,NSE,HOMEFIRST.NS
HONASA.NS,Honasa Consumer Limited,NSE,HONASA.NS
HONAUT.NS,Honeywell Automation India Limited,NSE,HONAUT.NS
HONDAPOWER.NS,Honda India Power Products Limited,NSE,HONDAPOWER.NS
HORIZONIND.NS,Horizon Industrial Parks Limited,NSE,HORIZONIND.NS
HPAL.NS,HP Adhesives Limited,NSE,HPAL.NS
HPIL.NS,Hindprakash Industries Limited,NSE,HPIL.NS
HPL.NS,HPL Electric & Power Limited,NSE,HPL.NS
HRYNSHP.NS,Hariyana Ship Breakers Limited,NSE,HRYNSHP.NS
HSCL.NS,Himadri Speciality Chemical Limited,NSE,HSCL.NS
HTEL.NS,Hy-Tech Engineers Limited,NSE,HTEL.NS
HTMEDIA.NS,HT Media Limited,NSE,HTMEDIA.NS
HUBTOWN.NS,Hubtown Limited,NSE,HUBTOWN.NS
HUDCO.NS,Housing & Urban Development Corporation Limited,NSE,HUDCO.NS
HUHTAMAKI.NS,Huhtamaki India Limited,NSE,HUHTAMAKI.NS
HYBRIDFIN.NS,Hybrid Financial Services Limited,NSE,HYBRIDFIN.NS
HYUNDAI.NS,Hyundai Motor India Limited,NSE,HYUNDAI.NS
IBULLSLTD.NS,Indiabulls Limited,NSE,IBULLSLTD.NS
ICDSLTD.NS,ICDS Limited,NSE,ICDSLTD.NS
ICEMAKE.NS,Ice Make Refrigeration Limited,NSE,ICEMAKE.NS
ICICIAMC.NS,ICICI Prudential Asset Management Company Limited,NSE,ICICIAMC.NS
ICICIBANK.NS,ICICI Bank Limited,NSE,ICICIBANK.NS
ICICIGI.NS,ICICI Lombard General Insurance Company Limited,NSE,ICICIGI.NS
ICICIPRULI.NS,ICICI Prudential Life Insurance Company Limited,NSE,ICICIPRULI.NS
ICIL.NS,Indo Count Industries Limited,NSE,ICIL.NS
ICRA.NS,ICRA Limited,NSE,ICRA.NS
IDBI.NS,IDBI Bank Limited,NSE,IDBI.NS
IDEA.NS,Vodafone Idea Limited,NSE,IDEA.NS
IDEAFORGE.NS,Ideaforge Technology Limited,NSE,IDEAFORGE.NS
IDFCFIRSTB.NS,IDFC First Bank Limited,NSE,IDFCFIRSTB.NS
IEX.NS,Indian Energy Exchange Limited,NSE,IEX.NS
IFBAGRO.NS,IFB Agro Industries Limited,NSE,IFBAGRO.NS
IFBIND.NS,IFB Industries Limited,NSE,IFBIND.NS
IFCI.NS,IFCI Limited,NSE,IFCI.NS
IFGLEXPOR.NS,IFGL Refractories Limited,NSE,IFGLEXPOR.NS
IGARASHI.NS,Igarashi Motors India Limited,NSE,IGARASHI.NS
IGCL.NS,Indogulf Cropsciences Limited,NSE,IGCL.NS
IGIL.NS,International Gemological Institute Limited,NSE,IGIL.NS
IGL.NS,Indraprastha Gas Limited,NSE,IGL.NS
IGPL.NS,IG Petrochemicals Limited,NSE,IGPL.NS
IIFL.NS,IIFL Finance Limited,NSE,IIFL.NS
IIFLCAPS.NS,IIFL Capital Services Limited,NSE,IIFLCAPS.NS
IITL.NS,Industrial Investment Trust Limited,NSE,IITL.NS
IKIO.NS,IKIO Technologies Limited,NSE,IKIO.NS
IKS.NS,Inventurus Knowledge Solutions Limited,NSE,IKS.NS
IL&FSENGG.NS,IL&FS Engineering and Construction Company Limited,NSE,IL&FSENGG.NS
IL&FSTRANS.NS,IL&FS Transportation Networks Limited,NSE,IL&FSTRANS.NS
IMAGICAA.NS,Imagicaaworld Entertainment Limited,NSE,IMAGICAA.NS
IMFA.NS,Indian Metals & Ferro Alloys Limited,NSE,IMFA.NS
IMPAL.NS,India Motor Parts and Accessories Limited,NSE,IMPAL.NS
INA.NS,Insolation Energy Limited,NSE,INA.NS
INCREDIBLE.NS,INCREDIBLE INDUSTRIES LIMITED,NSE,INCREDIBLE.NS
INDBANK.NS,Indbank Merchant Banking Services Limited,NSE,INDBANK.NS
INDGN.NS,Indegene Limited,NSE,INDGN.NS
INDHOTEL.NS,The Indian Hotels Company Limited,NSE,INDHOTEL.NS
INDIACEM.NS,The India Cements Limited,NSE,INDIACEM.NS
INDIAGLYCO.NS,India Glycols Limited,NSE,INDIAGLYCO.NS
INDIAMART.NS,Indiamart Intermesh Limited,NSE,INDIAMART.NS
INDIANB.NS,Indian Bank,NSE,INDIANB.NS
INDIANCARD.NS,Indian Card Clothing Company Limited,NSE,INDIANCARD.NS
INDIANHUME.NS,Indian Hume Pipe Company Limited,NSE,INDIANHUME.NS
INDIASHLTR.NS,India Shelter Finance Corporation Limited,NSE,INDIASHLTR.NS
INDIGO.NS,InterGlobe Aviation Limited,NSE,INDIGO.NS
INDIGOPNTS.NS,Indigo Paints Limited,NSE,INDIGOPNTS.NS
INDIQUBE.NS,Indiqube Spaces Limited,NSE,INDIQUBE.NS
INDNIPPON.NS,India Nippon Electricals Limited,NSE,INDNIPPON.NS
INDOAMIN.NS,Indo Amines Limited,NSE,INDOAMIN.NS
INDOBORAX.NS,Indo Borax & Chemicals Limited,NSE,INDOBORAX.NS
INDOCO.NS,Indoco Remedies Limited,NSE,INDOCO.NS
INDOFARM.NS,Indo Farm Equipment Limited,NSE,INDOFARM.NS
INDOKEM.NS,Indokem Limited,NSE,INDOKEM.NS
INDOMIM.NS,INDO-MIM Limited,NSE,INDOMIM.NS
INDORAMA.NS,Indo Rama Synthetics (India) Limited,NSE,INDORAMA.NS
INDOSTAR.NS,IndoStar Capital Finance Limited,NSE,INDOSTAR.NS
INDOTECH.NS,Indo Tech Transformers Limited,NSE,INDOTECH.NS
INDOTHAI.NS,Indo Thai Securities Limited,NSE,INDOTHAI.NS
INDOUS.NS,Indo Us Biotech Limited,NSE,INDOUS.NS
INDOWIND.NS,Indowind Energy Limited,NSE,INDOWIND.NS
INDPRUD.NS,Industrial & Prudential Investment Company Limited,NSE,INDPRUD.NS
INDRAMEDCO.NS,Indraprastha Medical Corporation Limited,NSE,INDRAMEDCO.NS
INDSWFTLAB.NS,Ind-Swift Laboratories Limited,NSE,INDSWFTLAB.NS
INDTERRAIN.NS,Indian Terrain Fashions Limited,NSE,INDTERRAIN.NS
INDUSINDBK.NS,IndusInd Bank Limited,NSE,INDUSINDBK.NS
INDUSTOWER.NS,Indus Towers Limited,NSE,INDUSTOWER.NS
INFOBEAN.NS,InfoBeans Technologies Limited,NSE,INFOBEAN.NS
INFOMEDIA.NS,Infomedia Press Limited,NSE,INFOMEDIA.NS
INFY.NS,Infosys Limited,NSE,INFY.NS
INGERRAND.NS,Ingersoll Rand (India) Limited,NSE,INGERRAND.NS
INNOVACAP.NS,Innova Captab Limited,NSE,INNOVACAP.NS
INNOVANA.NS,Innovana Thinklabs Limited,NSE,INNOVANA.NS
INNOVISION.NS,Innovision Limited,NSE,INNOVISION.NS
INOXGREEN.NS,Inox Green Energy Services Limited,NSE,INOXGREEN.NS
INOXINDIA.NS,INOX India Limited,NSE,INOXINDIA.NS
INOXWIND.NS,Inox Wind Limited,NSE,INOXWIND.NS
INSECTICID.NS,Insecticides (India) Limited,NSE,INSECTICID.NS
INSPIRISYS.NS,Inspirisys Solutions Limited,NSE,INSPIRISYS.NS
INTELLECT.NS,Intellect Design Arena Limited,NSE,INTELLECT.NS
INTENTECH.NS,Intense Technologies Limited,NSE,INTENTECH.NS
INTERARCH.NS,Interarch Building Solutions Limited,NSE,INTERARCH.NS
INTLCONV.NS,International Conveyors Limited,NSE,INTLCONV.NS
INVENTURE.NS,Inventure Growth & Securities Limited,NSE,INVENTURE.NS
INVPRECQ.NS,Investment & Precision Castings Limited,NSE,INVPRECQ.NS
IOB.NS,Indian Overseas Bank,NSE,IOB.NS
IOC.NS,Indian Oil Corporation Limited,NSE,IOC.NS
IOLCP.NS,IOL Chemicals and Pharmaceuticals Limited,NSE,IOLCP.NS
IONEXCHANG.NS,ION Exchange (India) Limited,NSE,IONEXCHANG.NS
IPCALAB.NS,IPCA Laboratories Limited,NSE,IPCALAB.NS
IPL.NS,India Pesticides Limited,NSE,IPL.NS
IPRINGLTD.NS,IP Rings Limited,NSE,IPRINGLTD.NS
IRB.NS,IRB Infrastructure Developers Limited,NSE,IRB.NS
IRCON.NS,Ircon International Limited,NSE,IRCON.NS
IRCTC.NS,Indian Railway Catering And Tourism Corporation Limited,NSE,IRCTC.NS
IREDA.NS,Indian Renewable Energy Development Agency Limited,NSE,IREDA.NS
IRFC.NS,Indian Railway Finance Corporation Limited,NSE,IRFC.NS
IRIS.NS,IRIS RegTech Solutions Limited,NSE,IRIS.NS
IRISDOREME.NS,Iris Clothings Limited,NSE,IRISDOREME.NS
IRMENERGY.NS,IRM Energy Limited,NSE,IRMENERGY.NS
ISFT.NS,Intrasoft Technologies Limited,NSE,ISFT.NS
ISGEC.NS,Isgec Heavy Engineering Limited,NSE,ISGEC.NS
ISHANCH.NS,Ishan Dyes and Chemicals Limited,NSE,ISHANCH.NS
ISTLTD.NS,I S T Limited,NSE,ISTLTD.NS
ITC.NS,ITC Limited,NSE,ITC.NS
ITCHOTELS.NS,ITC Hotels Limited,NSE,ITCHOTELS.NS
ITDC.NS,India Tourism Development Corporation Limited,NSE,ITDC.NS
ITI.NS,ITI Limited,NSE,ITI.NS
ITL.NS,ITL Industries Limited,NSE,ITL.NS
IVALUE.NS,Ivalue Infosolutions Limited,NSE,IVALUE.NS
IVC.NS,IL&FS Investment Managers Limited,NSE,IVC.NS
IVP.NS,IVP Limited,NSE,IVP.NS
IWP.NS,The Indian Wood Products Company Limited,NSE,IWP.NS
IXIGO.NS,Le Travenues Technology Limited,NSE,IXIGO.NS
IZMO.NS,IZMO Limited,NSE,IZMO.NS
J&KBANK.NS,The Jammu & Kashmir Bank Limited,NSE,J&KBANK.NS
JAGRAN.NS,Jagran Prakashan Limited,NSE,JAGRAN.NS
JAGSNPHARM.NS,Jagsonpal Pharmaceuticals Limited,NSE,JAGSNPHARM.NS
JAIBALAJI.NS,Jai Balaji Industries Limited,NSE,JAIBALAJI.NS
JAICORPLTD.NS,Jai Corp Limited,NSE,JAICORPLTD.NS
JAINREC.NS,Jain Resource Recycling Limited,NSE,JAINREC.NS
JAIPURKURT.NS,Nandani Creation Limited,NSE,JAIPURKURT.NS
JAMNAAUTO.NS,Jamna Auto Industries Limited,NSE,JAMNAAUTO.NS
JARO.NS,Jaro Institute of Technology Management and Research Limited,NSE,JARO.NS
JASH.NS,Jash Engineering Limited,NSE,JASH.NS
JAYAGROGN.NS,Jayant Agro Organics Limited,NSE,JAYAGROGN.NS
JAYBARMARU.NS,Jay Bharat Maruti Limited,NSE,JAYBARMARU.NS
JAYKAY.NS,Jaykay Enterprises Limited,NSE,JAYKAY.NS
JAYNECOIND.NS,Jayaswal Neco Industries Limited,NSE,JAYNECOIND.NS
JAYSREETEA.NS,Jayshree Tea & Industries Limited,NSE,JAYSREETEA.NS
JBMA.NS,JBM Auto Limited,NSE,JBMA.NS
JENBURPH.NS,Jenburkt Pharmaceuticals Limited,NSE,JENBURPH.NS
JETFREIGHT.NS,Jet Freight Logistics Limited,NSE,JETFREIGHT.NS
JGCHEM.NS,J.G.Chemicals Limited,NSE,JGCHEM.NS
JHS.NS,JHS Svendgaard Laboratories Limited,NSE,JHS.NS
JINDALPHOT.NS,Jindal Photo Limited,NSE,JINDALPHOT.NS
JINDALPOLY.NS,Jindal Poly Films Limited,NSE,JINDALPOLY.NS
JINDALSAW.NS,Jindal Saw Limited,NSE,JINDALSAW.NS
JINDALSTEL.NS,JINDAL STEEL LIMITED,NSE,JINDALSTEL.NS
JINDRILL.NS,Jindal Drilling And Industries Limited,NSE,JINDRILL.NS
JINDWORLD.NS,Jindal Worldwide Limited,NSE,JINDWORLD.NS
JIOFIN.NS,Jio Financial Services Limited,NSE,JIOFIN.NS
JISLDVREQS.NS,Jain Irrigation Systems Limited,NSE,JISLDVREQS.NS
JISLJALEQS.NS,Jain Irrigation Systems Limited,NSE,JISLJALEQS.NS
JITFINFRA.NS,JITF Infralogistics Limited,NSE,JITFINFRA.NS
JKCEMENT.NS,JK Cement Limited,NSE,JKCEMENT.NS
JKIL.NS,J.Kumar Infraprojects Limited,NSE,JKIL.NS
JKIPL.NS,Jinkushal Industries Limited,NSE,JKIPL.NS
JKLAKSHMI.NS,JK Lakshmi Cement Limited,NSE,JKLAKSHMI.NS
JKPAPER.NS,JK Paper Limited,NSE,JKPAPER.NS
JKTYRE.NS,JK Tyre & Industries Limited,NSE,JKTYRE.NS
JLHL.NS,Jupiter Life Line Hospitals Limited,NSE,JLHL.NS
JMA.NS,Jullundur Motor Agency (Delhi) Limited,NSE,JMA.NS
JMFINANCIL.NS,JM Financial Limited,NSE,JMFINANCIL.NS
JNKINDIA.NS,JNK India Limited,NSE,JNKINDIA.NS
JNPR.NS,Juniper Green Energy Limited,NSE,JNPR.NS
JOCIL.NS,Jocil Limited,NSE,JOCIL.NS
JPOLYINVST.NS,Jindal Poly Investment and Finance Company Limited,NSE,JPOLYINVST.NS
JPPOWER.NS,Jaiprakash Power Ventures Limited,NSE,JPPOWER.NS
JSFB.NS,Jana Small Finance Bank Limited,NSE,JSFB.NS
JSIPL.NS,Jindal Supreme (India) Limited,NSE,JSIPL.NS
JSL.NS,Jindal Stainless Limited,NSE,JSL.NS
JSLL.NS,Jeena Sikho Lifecare Limited,NSE,JSLL.NS
JSWCEMENT.NS,JSW Cement Limited,NSE,JSWCEMENT.NS
JSWDULUX.NS,JSW Dulux Limited,NSE,JSWDULUX.NS
JSWENERGY.NS,JSW Energy Limited,NSE,JSWENERGY.NS
JSWHL.NS,JSW Holdings Limited,NSE,JSWHL.NS
JSWINFRA.NS,JSW Infrastructure Limited,NSE,JSWINFRA.NS
JSWSTEEL.NS,JSW Steel Limited,NSE,JSWSTEEL.NS
JTEKTINDIA.NS,Jtekt India Limited,NSE,JTEKTINDIA.NS
JTLIND.NS,JTL INDUSTRIES LIMITED,NSE,JTLIND.NS
JUBLCPL.NS,Jubilant Agri and Consumer Products Limited,NSE,JUBLCPL.NS
JUBLFOOD.NS,Jubilant Foodworks Limited,NSE,JUBLFOOD.NS
JUBLINGREA.NS,Jubilant Ingrevia Limited,NSE,JUBLINGREA.NS
JUBLPHARMA.NS,Jubilant Pharmova Limited,NSE,JUBLPHARMA.NS
JUNIPER.NS,Juniper Hotels Limited,NSE,JUNIPER.NS
JUSTDIAL.NS,Just Dial Limited,NSE,JUSTDIAL.NS
JWL.NS,Jupiter Wagons Limited,NSE,JWL.NS
JYOTHYLAB.NS,Jyothy Labs Limited,NSE,JYOTHYLAB.NS
JYOTICNC.NS,Jyoti CNC Automation Limited,NSE,JYOTICNC.NS
JYOTIRES.NS,Jyoti Resins & Adhesives Limited,NSE,JYOTIRES.NS
JYOTISTRUC.NS,Jyoti Structures Limited,NSE,JYOTISTRUC.NS
KABRAEXTRU.NS,Kabra Extrusion Technik Limited,NSE,KABRAEXTRU.NS
KAJARIACER.NS,Kajaria Ceramics Limited,NSE,KAJARIACER.NS
KAKATCEM.NS,Kakatiya Cement Sugar & Industries Limited,NSE,KAKATCEM.NS
KALAMANDIR.NS,Sai Silks (Kalamandir) Limited,NSE,KALAMANDIR.NS
KALPATARU.NS,Kalpataru Limited,NSE,KALPATARU.NS
KALYANI.NS,Kalyani Commercials Limited,NSE,KALYANI.NS
KALYANIFRG.NS,Kalyani Forge Limited,NSE,KALYANIFRG.NS
KALYANKJIL.NS,Kalyan Jewellers India Limited,NSE,KALYANKJIL.NS
KAMAHOLD.NS,Kama Holdings Limited,NSE,KAMAHOLD.NS
KAMANWALA.NS,Kamanwala Housing Construction Limited,NSE,KAMANWALA.NS
KAMATHOTEL.NS,Kamat Hotels (I) Limited,NSE,KAMATHOTEL.NS
KAMDHENU.NS,Kamdhenu Limited,NSE,KAMDHENU.NS
KAMOPAINTS.NS,Kamdhenu Ventures Limited,NSE,KAMOPAINTS.NS
KANANIIND.NS,Kanani Industries Limited,NSE,KANANIIND.NS
KANCHI.NS,Kanchi Karpooram Limited,NSE,KANCHI.NS
KANCOTEA.NS,Kanco Tea & Industries Limited,NSE,KANCOTEA.NS
KANOHAR.NS,Kanohar Electricals Limited,NSE,KANOHAR.NS
KANORICHEM.NS,Kanoria Chemicals & Industries Limited,NSE,KANORICHEM.NS
KANPRPLA.NS,Kanpur Plastipack Limited,NSE,KANPRPLA.NS
KANSAINER.NS,Kansai Nerolac Paints Limited,NSE,KANSAINER.NS
KAPSTON.NS,Kapston Services Limited,NSE,KAPSTON.NS
KARAMTARA.NS,Karamtara Engineering Limited,NSE,KARAMTARA.NS
KARMAENG.NS,Karma Energy Limited,NSE,KARMAENG.NS
KARURVYSYA.NS,Karur Vysya Bank Limited,NSE,KARURVYSYA.NS
KAUSHALYA.NS,Kaushalya Infrastructure Development Corporation Limited,NSE,KAUSHALYA.NS
KAVDEFENCE.NS,Kavveri Defence & Wireless Technologies Limited,NSE,KAVDEFENCE.NS
KAYA.NS,Kaya Limited,NSE,KAYA.NS
KAYNES.NS,Kaynes Technology India Limited,NSE,KAYNES.NS
KCP.NS,KCP Limited,NSE,KCP.NS
KCPSUGIND.NS,KCP Sugar and Industries Corporation Limited,NSE,KCPSUGIND.NS
KDDL.NS,KDDL Limited,NSE,KDDL.NS
KDGREEN.NS,KD Green Industries Limited,NSE,KDGREEN.NS
KEC.NS,KEC International Limited,NSE,KEC.NS
KECL.NS,Kirloskar Electric Company Limited,NSE,KECL.NS
KEEPLEARN.NS,DSJ Keep Learning Limited,NSE,KEEPLEARN.NS
KEI.NS,KEI Industries Limited,NSE,KEI.NS
KELLTONTEC.NS,Kellton Tech Solutions Limited,NSE,KELLTONTEC.NS
KENNAMET.NS,Kennametal India Limited,NSE,KENNAMET.NS
KERNEX.NS,Kernex Microsystems (India) Limited,NSE,KERNEX.NS
KESORAMIND.NS,Kesoram Industries Limited,NSE,KESORAMIND.NS
KEYFINSERV.NS,Keynote Financial Services Limited,NSE,KEYFINSERV.NS
KFINTECH.NS,Kfin Technologies Limited,NSE,KFINTECH.NS
KHADIM.NS,Khadim India Limited,NSE,KHADIM.NS
KHAICHEM.NS,Khaitan Chemicals & Fertilizers Limited,NSE,KHAICHEM.NS
KHAITANLTD.NS,Khaitan (India) Limited,NSE,KHAITANLTD.NS
KHANDSE.NS,Khandwala Securities Limited,NSE,KHANDSE.NS
KICL.NS,Kalyani Investment Company Limited,NSE,KICL.NS
KILITCH.NS,Kilitch Drugs (India) Limited,NSE,KILITCH.NS
KIMS.NS,Krishna Institute of Medical Sciences Limited,NSE,KIMS.NS
KINGFA.NS,Kingfa Science & Technology (India) Limited,NSE,KINGFA.NS
KIOCL.NS,KIOCL Limited,NSE,KIOCL.NS
KIRANVYPAR.NS,Kiran Vyapar Limited,NSE,KIRANVYPAR.NS
KIRIINDUS.NS,Kiri Industries Limited,NSE,KIRIINDUS.NS
KIRLFER.NS,Kirloskar Ferrous Industries Limited,NSE,KIRLFER.NS
KIRLOSBROS.NS,Kirloskar Brothers Limited,NSE,KIRLOSBROS.NS
KIRLOSENG.NS,Kirloskar Oil Engines Limited,NSE,KIRLOSENG.NS
KIRLOSIND.NS,Kirloskar Industries Limited,NSE,KIRLOSIND.NS
KIRLPNU.NS,Kirloskar Pneumatic Company Limited,NSE,KIRLPNU.NS
KISSHT.NS,OnEMI Technology Solutions Limited,NSE,KISSHT.NS
KITEX.NS,Kitex Garments Limited,NSE,KITEX.NS
KJMCFIN.NS,KJMC Financial Services Limited,NSE,KJMCFIN.NS
KKCL.NS,Kewal Kiran Clothing Limited,NSE,KKCL.NS
KLBRENG-B.NS,Kilburn Engineering Limited,NSE,KLBRENG-B.NS
KMCSHIL.NS,K M C Speciality Hospitals (India) Limited,NSE,KMCSHIL.NS
KMEW.NS,Knowledge Marine & Engineering Works Limited,NSE,KMEW.NS
KMSUGAR.NS,K.M.Sugar Mills Limited,NSE,KMSUGAR.NS
KNACK.NS,Knack Packaging Limited,NSE,KNACK.NS
KNAGRI.NS,KN Agri Resources Limited,NSE,KNAGRI.NS
KNRCON.NS,KNR Constructions Limited,NSE,KNRCON.NS
KOHINOOR.NS,Kohinoor Foods Limited,NSE,KOHINOOR.NS
KOKUYOCMLN.NS,Kokuyo Camlin Limited,NSE,KOKUYOCMLN.NS
KOLTEPATIL.NS,Kolte - Patil Developers Limited,NSE,KOLTEPATIL.NS
KOPRAN.NS,Kopran Limited,NSE,KOPRAN.NS
KOTAKBANK.NS,Kotak Mahindra Bank Limited,NSE,KOTAKBANK.NS
KOTARISUG.NS,Kothari Sugars And Chemicals Limited,NSE,KOTARISUG.NS
KOTHARIPET.NS,Kothari Petrochemicals Limited,NSE,KOTHARIPET.NS
KOTHARIPRO.NS,Kothari Products Limited,NSE,KOTHARIPRO.NS
KOTIC.NS,Kothari Industrial Corporation Limited,NSE,KOTIC.NS
KOTYARK.NS,Kotyark Industries Limited,NSE,KOTYARK.NS
KOVAI.NS,Kovai Medical Center & Hospital Limited,NSE,KOVAI.NS
KPEL.NS,K.P. Energy Limited,NSE,KPEL.NS
KPIGREEN.NS,KPI Green Energy Limited,NSE,KPIGREEN.NS
KPIL.NS,Kalpataru Projects International Limited,NSE,KPIL.NS
KPITTECH.NS,KPIT Technologies Limited,NSE,KPITTECH.NS
KPL.NS,Kwality Pharmaceuticals Limited,NSE,KPL.NS
KPRMILL.NS,K.P.R. Mill Limited,NSE,KPRMILL.NS
KRBL.NS,KRBL Limited,NSE,KRBL.NS
KREBSBIO.NS,Krebs Biochemicals and Industries Limited,NSE,KREBSBIO.NS
KRIDHANINF.NS,Kridhan Infra Limited,NSE,KRIDHANINF.NS
KRISHANA.NS,Krishana Phoschem Limited,NSE,KRISHANA.NS
KRISHIVAL.NS,Krishival Foods Limited,NSE,KRISHIVAL.NS
KRISHNADEF.NS,Krishna Defence And Allied Industries Limited,NSE,KRISHNADEF.NS
KRITI.NS,Kriti Industries (India) Limited,NSE,KRITI.NS
KRITIKA.NS,Kritika Wires Limited,NSE,KRITIKA.NS
KRITINUT.NS,Kriti Nutrients Limited,NSE,KRITINUT.NS
KRN.NS,KRN Heat Exchanger and Refrigeration Limited,NSE,KRN.NS
KRONOX.NS,Kronox Lab Sciences Limited,NSE,KRONOX.NS
KROSS.NS,Kross Limited,NSE,KROSS.NS
KRSNAA.NS,Krsnaa Diagnostics Limited,NSE,KRSNAA.NS
KRYSTAL.NS,Krystal Integrated Services Limited,NSE,KRYSTAL.NS
KSB.NS,Ksb Limited,NSE,KSB.NS
KSCL.NS,Kaveri Seed Company Limited,NSE,KSCL.NS
KSE.NS,KSE Limited,NSE,KSE.NS
KSHINTL.NS,KSH International Limited,NSE,KSHINTL.NS
KSHITIJPOL.NS,Kshitij Polyline Limited,NSE,KSHITIJPOL.NS
KSL.NS,Kalyani Steels Limited,NSE,KSL.NS
KSOLVES.NS,Ksolves India Limited,NSE,KSOLVES.NS
KSR.NS,KSR Footwear Limited,NSE,KSR.NS
KTKBANK.NS,The Karnataka Bank Limited,NSE,KTKBANK.NS
KUANTUM.NS,Kuantum Papers Limited,NSE,KUANTUM.NS
KUSUMGAR.NS,Kusumgar Limited,NSE,KUSUMGAR.NS
KWIL.NS,Kwality Wall's (India) Limited,NSE,KWIL.NS
LADDERUP.NS,Ladderup Finance Limited,NSE,LADDERUP.NS
LAGNAM.NS,Lagnam Spintex Limited,NSE,LAGNAM.NS
LAHOTIOV.NS,Lahoti Overseas Limited,NSE,LAHOTIOV.NS
LAKPRE.NS,Lakshmi Precision Screws Limited,NSE,LAKPRE.NS
LAKSHMIMIL.NS,Lakshmi Mills Company Limited,NSE,LAKSHMIMIL.NS
LAL.NS,Lorenzini Apparels Limited,NSE,LAL.NS
LALITHAA.NS,Lalithaa Jewellery Mart Limited,NSE,LALITHAA.NS
LALPATHLAB.NS,Dr. Lal Path Labs Ltd.,NSE,LALPATHLAB.NS
LAMBODHARA.NS,Lambodhara Textiles Limited,NSE,LAMBODHARA.NS
LANCER.NS,Lancer Container Lines Limited,NSE,LANCER.NS
LANCORHOL.NS,Lancor Holdings Limited,NSE,LANCORHOL.NS
LANDMARK.NS,Landmark Cars Limited,NSE,LANDMARK.NS
LANDSMILL.NS,Landsmill Green Limited,NSE,LANDSMILL.NS
LAOPALA.NS,La Opala RG Limited,NSE,LAOPALA.NS
LASERPOWER.NS,Laser Power & Infra Limited,NSE,LASERPOWER.NS
LATENTVIEW.NS,Latent View Analytics Limited,NSE,LATENTVIEW.NS
LATTEYS.NS,Latteys Industries Limited,NSE,LATTEYS.NS
LAURUSLABS.NS,Laurus Labs Limited,NSE,LAURUSLABS.NS
LAXMICOT.NS,Laxmi Cotspin Limited,NSE,LAXMICOT.NS
LAXMIDENTL.NS,Laxmi Dental Limited,NSE,LAXMIDENTL.NS
LAXMIINDIA.NS,Laxmi India Finance Limited,NSE,LAXMIINDIA.NS
LCCINFOTEC.NS,LCC Infotech Limited,NSE,LCCINFOTEC.NS
LCCPROJECT.NS,LCC Projects Limited,NSE,LCCPROJECT.NS
LCL.NS,Lohia Corp Limited,NSE,LCL.NS
LEAPIND.NS,LEAP India Limited,NSE,LEAPIND.NS
LEENEE.NS,Lee & Nee Softwares Exports Limited,NSE,LEENEE.NS
LEMERITE.NS,Le Merite Exports Limited,NSE,LEMERITE.NS
LEMONTREE.NS,Lemon Tree Hotels Limited,NSE,LEMONTREE.NS
LENSKART.NS,Lenskart Solutions Limited,NSE,LENSKART.NS
LEXUS.NS,Lexus Granito (India) Limited,NSE,LEXUS.NS
LFIC.NS,Lakshmi Finance & Industrial Corporation Limited,NSE,LFIC.NS
LGBBROSLTD.NS,LG Balakrishnan & Bros Limited,NSE,LGBBROSLTD.NS
LGEINDIA.NS,LG Electronics India Limited,NSE,LGEINDIA.NS
LGHL.NS,Laxmi Goldorna House Limited,NSE,LGHL.NS
LIBAS.NS,Libas Consumer Products Limited,NSE,LIBAS.NS
LIBERTSHOE.NS,Liberty Shoes Limited,NSE,LIBERTSHOE.NS
LICHSGFIN.NS,LIC Housing Finance Limited,NSE,LICHSGFIN.NS
LICI.NS,Life Insurance Corporation Of India,NSE,LICI.NS
LIKHITHA.NS,Likhitha Infrastructure Limited,NSE,LIKHITHA.NS
LINC.NS,Linc Limited,NSE,LINC.NS
LINCOLN.NS,Lincoln Pharmaceuticals Limited,NSE,LINCOLN.NS
LINDEINDIA.NS,Linde India Limited,NSE,LINDEINDIA.NS
LKPSEC.NS,LKP Securities Limited,NSE,LKPSEC.NS
LLOYDSENGG.NS,LLOYDS ENGINEERING WORKS LIMITED,NSE,LLOYDSENGG.NS
LLOYDSENT.NS,Lloyds Enterprises Limited,NSE,LLOYDSENT.NS
LLOYDSME.NS,Lloyds Metals And Energy Limited,NSE,LLOYDSME.NS
LMW.NS,LMW Limited,NSE,LMW.NS
LODHA.NS,Lodha Developers Limited,NSE,LODHA.NS
LOKESHMACH.NS,Lokesh Machines Limited,NSE,LOKESHMACH.NS
LORDSCHLO.NS,Lords Chloro Alkali Limited,NSE,LORDSCHLO.NS
LOTUSCHO.NS,Lotus Chocolate Company Limited,NSE,LOTUSCHO.NS
LOTUSDEV.NS,Sri Lotus Developers and Realty Limited,NSE,LOTUSDEV.NS
LOTUSEYE.NS,Lotus Eye Hospital and Institute Limited,NSE,LOTUSEYE.NS
LOVABLE.NS,Lovable Lingerie Limited,NSE,LOVABLE.NS
LOYALTEX.NS,Loyal Textile Mills Limited,NSE,LOYALTEX.NS
LPDC.NS,Landmark Property Development Company Limited,NSE,LPDC.NS
LT.NS,Larsen & Toubro Limited,NSE,LT.NS
LTF.NS,L&T Finance Limited,NSE,LTF.NS
LTFOODS.NS,LT Foods Limited,NSE,LTFOODS.NS
LTM.NS,LTM Limited,NSE,LTM.NS
LTTS.NS,L&T Technology Services Limited,NSE,LTTS.NS
LUMAXIND.NS,Lumax Industries Limited,NSE,LUMAXIND.NS
LUMAXTECH.NS,Lumax Auto Technologies Limited,NSE,LUMAXTECH.NS
LUMINO.NS,Lumino Industries Limited,NSE,LUMINO.NS
LUPIN.NS,Lupin Limited,NSE,LUPIN.NS
LUXIND.NS,Lux Industries Limited,NSE,LUXIND.NS
LXCHEM.NS,Laxmi Organic Industries Limited,NSE,LXCHEM.NS
LYKALABS.NS,Lyka Labs Limited,NSE,LYKALABS.NS
M&M.NS,Mahindra & Mahindra Limited,NSE,M&M.NS
M&MFIN.NS,Mahindra & Mahindra Financial Services Limited,NSE,M&MFIN.NS
MAANALU.NS,Maan Aluminium Limited,NSE,MAANALU.NS
MACPOWER.NS,Macpower CNC Machines Limited,NSE,MACPOWER.NS
MADHAV.NS,Madhav Marbles and Granites Limited,NSE,MADHAV.NS
MADHAVIPL.NS,Madhav Infra Projects Limited,NSE,MADHAVIPL.NS
MADHUCON.NS,Madhucon Projects Limited,NSE,MADHUCON.NS
MADRASFERT.NS,Madras Fertilizers Limited,NSE,MADRASFERT.NS
MAFATIND.NS,Mafatlal Industries Limited,NSE,MAFATIND.NS
MAGADSUGAR.NS,Magadh Sugar & Energy Limited,NSE,MAGADSUGAR.NS
MAGNUM.NS,Magnum Ventures Limited,NSE,MAGNUM.NS
MAHABANK.NS,Bank of Maharashtra,NSE,MAHABANK.NS
MAHAPEXLTD.NS,Maha Rashtra Apex Corporation Limited,NSE,MAHAPEXLTD.NS
MAHASTEEL.NS,Mahamaya Steel Industries Limited,NSE,MAHASTEEL.NS
MAHEPC.NS,Mahindra EPC Irrigation Limited,NSE,MAHEPC.NS
MAHESHWARI.NS,Maheshwari Logistics Limited,NSE,MAHESHWARI.NS
MAHLIFE.NS,Mahindra Lifespace Developers Limited,NSE,MAHLIFE.NS
MAHLOG.NS,Mahindra Logistics Limited,NSE,MAHLOG.NS
MAHSCOOTER.NS,Maharashtra Scooters Limited,NSE,MAHSCOOTER.NS
MAHSEAMLES.NS,Maharashtra Seamless Limited,NSE,MAHSEAMLES.NS
MAITHANALL.NS,Maithan Alloys Limited,NSE,MAITHANALL.NS
MAJESAUT.NS,Majestic Auto Limited,NSE,MAJESAUT.NS
MAKERSL.NS,Makers Laboratories Limited,NSE,MAKERSL.NS
MALLCOM.NS,Mallcom (India) Limited,NSE,MALLCOM.NS
MALUPAPER.NS,Malu Paper Mills Limited,NSE,MALUPAPER.NS
MAMATA.NS,Mamata Machinery Limited,NSE,MAMATA.NS
MANAKALUCO.NS,Manaksia Aluminium Company Limited,NSE,MANAKALUCO.NS
MANAKCOAT.NS,Manaksia Coated Metals & Industries Limited,NSE,MANAKCOAT.NS
MANAKSIA.NS,Manaksia Limited,NSE,MANAKSIA.NS
MANAKSTEEL.NS,Manaksia Steels Limited,NSE,MANAKSTEEL.NS
MANALIPETC.NS,Manali Petrochemicals Limited,NSE,MANALIPETC.NS
MANAPPURAM.NS,Manappuram Finance Limited,NSE,MANAPPURAM.NS
MANBA.NS,Manba Finance Limited,NSE,MANBA.NS
MANCREDIT.NS,Mangal Credit and Fincorp Limited,NSE,MANCREDIT.NS
MANGALAM.NS,Mangalam Drugs And Organics Limited,NSE,MANGALAM.NS
MANGLMCEM.NS,Mangalam Cement Limited,NSE,MANGLMCEM.NS
MANIKA.NS,Manika Plastech Limited,NSE,MANIKA.NS
MANINDS.NS,Man Industries (India) Limited,NSE,MANINDS.NS
MANINFRA.NS,Man Infraconstruction Limited,NSE,MANINFRA.NS
MANIPALHOS.NS,Manipal Health Enterprises Limited,NSE,MANIPALHOS.NS
MANKIND.NS,Mankind Pharma Limited,NSE,MANKIND.NS
MANOMAY.NS,Manomay Tex India Limited,NSE,MANOMAY.NS
MANORAMA.NS,Manorama Industries Limited,NSE,MANORAMA.NS
MANORG.NS,Mangalam Organics Limited,NSE,MANORG.NS
MANUGRAPH.NS,Manugraph India Limited,NSE,MANUGRAPH.NS
MANYAVAR.NS,Vedant Fashions Limited,NSE,MANYAVAR.NS
MAPMYINDIA.NS,C.E. Info Systems Limited,NSE,MAPMYINDIA.NS
MARALOVER.NS,Maral Overseas Limited,NSE,MARALOVER.NS
MARATHON.NS,Marathon Nextgen Realty Limited,NSE,MARATHON.NS
MARICO.NS,Marico Limited,NSE,MARICO.NS
MARINE.NS,Marine Electricals (India) Limited,NSE,MARINE.NS
MARKOLINES.NS,Markolines Pavement Technologies Limited,NSE,MARKOLINES.NS
MARKSANS.NS,Marksans Pharma Limited,NSE,MARKSANS.NS
MARSONS.NS,Marsons Limited,NSE,MARSONS.NS
MARUTI.NS,Maruti Suzuki India Limited,NSE,MARUTI.NS
MASFIN.NS,MAS Financial Services Limited,NSE,MASFIN.NS
MASKINVEST.NS,Mask Investments Limited,NSE,MASKINVEST.NS
MASTEK.NS,Mastek Limited,NSE,MASTEK.NS
MASTERTR.NS,Master Trust Limited,NSE,MASTERTR.NS
MATRIMONY.NS,Matrimony.Com Limited,NSE,MATRIMONY.NS
MAWANASUG.NS,Mawana Sugars Limited,NSE,MAWANASUG.NS
MAXESTATES.NS,Max Estates Limited,NSE,MAXESTATES.NS
MAXHEALTH.NS,Max Healthcare Institute Limited,NSE,MAXHEALTH.NS
MAXIND.NS,Max India Limited,NSE,MAXIND.NS
MAYURUNIQ.NS,Mayur Uniquoters Ltd,NSE,MAYURUNIQ.NS
MAZDA.NS,Mazda Limited,NSE,MAZDA.NS
MAZDOCK.NS,Mazagon Dock Shipbuilders Limited,NSE,MAZDOCK.NS
MBAPL.NS,Madhya Bharat Agro Products Limited,NSE,MBAPL.NS
MBECL.NS,Mcnally Bharat Engineering Company Limited,NSE,MBECL.NS
MBEL.NS,M & B Engineering Limited,NSE,MBEL.NS
MBLINFRA.NS,MBL Infrastructure Limited,NSE,MBLINFRA.NS
MCCHRLS-B.NS,Mac Charles India Limited,NSE,MCCHRLS-B.NS
MCL.NS,M TEK COPPER LIMITED,NSE,MCL.NS
MCLEODRUSS.NS,Mcleod Russel India Limited,NSE,MCLEODRUSS.NS
MCLOUD.NS,Magellanic Cloud Limited,NSE,MCLOUD.NS
MCX.NS,Multi Commodity Exchange of India Limited,NSE,MCX.NS
MEDANTA.NS,Global Health Limited,NSE,MEDANTA.NS
MEDIASSIST.NS,Medi Assist Healthcare Services Limited,NSE,MEDIASSIST.NS
MEDICAMEQ.NS,Medicamen Biotech Limited,NSE,MEDICAMEQ.NS
MEDICAPQ.NS,Medi Caps Limited,NSE,MEDICAPQ.NS
MEDICO.NS,Medico Remedies Limited,NSE,MEDICO.NS
MEDPLUS.NS,Medplus Health Services Limited,NSE,MEDPLUS.NS
MEESHO.NS,Meesho Limited,NSE,MEESHO.NS
MEGASTAR.NS,Megastar Foods Limited,NSE,MEGASTAR.NS
MEIL.NS,Mangal Electrical Industries Limited,NSE,MEIL.NS
MENNPIS.NS,Menon Pistons Limited,NSE,MENNPIS.NS
MENONBE.NS,Menon Bearings Limited,NSE,MENONBE.NS
MEP.NS,MEP Infrastructure Developers Limited,NSE,MEP.NS
MERCANTILE.NS,Mercantile Ventures Limited,NSE,MERCANTILE.NS
MERCURYEV.NS,Mercury Ev-Tech Limited,NSE,MERCURYEV.NS
METROBRAND.NS,Metro Brands Limited,NSE,METROBRAND.NS
METROGLOBL.NS,Metroglobal Limited,NSE,METROGLOBL.NS
METROPOLIS.NS,Metropolis Healthcare Limited,NSE,METROPOLIS.NS
MFML.NS,Mahalaxmi Fabric Mills Limited,NSE,MFML.NS
MFSL.NS,Max Financial Services Limited,NSE,MFSL.NS
MGEL.NS,Mangalam Global Enterprise Limited,NSE,MGEL.NS
MGL.NS,Mahanagar Gas Limited,NSE,MGL.NS
MHLXMIRU.NS,Mahalaxmi Rubtech Limited,NSE,MHLXMIRU.NS
MHRIL.NS,Mahindra Holidays & Resorts India Limited,NSE,MHRIL.NS
MICEL.NS,MIC Electronics Limited,NSE,MICEL.NS
MIDHANI.NS,Mishra Dhatu Nigam Limited,NSE,MIDHANI.NS
MIDWESTLTD.NS,Midwest Limited,NSE,MIDWESTLTD.NS
MIIL.NS,Meghna Infracon Infrastructure Limited,NSE,MIIL.NS
MILKYMIST.NS,Milky Mist Dairy Food Limited,NSE,MILKYMIST.NS
MINALIND.NS,Minal Industries Limited,NSE,MINALIND.NS
MINDACORP.NS,Minda Corporation Limited,NSE,MINDACORP.NS
MINDTECK.NS,Mindteck (India) Limited,NSE,MINDTECK.NS
MIRZAINT.NS,Mirza International Limited,NSE,MIRZAINT.NS
MITCON.NS,MITCON Consultancy & Engineering Services Limited,NSE,MITCON.NS
MITTAL.NS,Mittal Life Style Limited,NSE,MITTAL.NS
MKEXIM.NS,M.K. Exim (India) Limited,NSE,MKEXIM.NS
MKPL.NS,M K Proteins Limited,NSE,MKPL.NS
MLKFOOD.NS,Milkfood Limited,NSE,MLKFOOD.NS
MMFL.NS,MM Forgings Limited,NSE,MMFL.NS
MMP.NS,MMP Industries Limited,NSE,MMP.NS
MMTC.NS,MMTC Limited,NSE,MMTC.NS
MMWL.NS,Media Matrix Worldwide Limited,NSE,MMWL.NS
MOBIKWIK.NS,One Mobikwik Systems Limited,NSE,MOBIKWIK.NS
MODINATUR.NS,Modi Naturals Limited,NSE,MODINATUR.NS
MODIRUBBER.NS,Modi Rubber Limited,NSE,MODIRUBBER.NS
MODIS.NS,Modis Navnirman Limited,NSE,MODIS.NS
MODISONLTD.NS,MODISON LIMITED,NSE,MODISONLTD.NS
MODTHREAD.NS,Modern Threads (India) Limited,NSE,MODTHREAD.NS
MOHITE.NS,Mohite Industries Limited,NSE,MOHITE.NS
MOHITIND.NS,Mohit Industries Limited,NSE,MOHITIND.NS
MOIL.NS,MOIL Limited,NSE,MOIL.NS
MOKSH.NS,Moksh Ornaments Limited,NSE,MOKSH.NS
MOL.NS,Meghmani Organics Limited,NSE,MOL.NS
MOLBIO.NS,Molbio Diagnostics Limited,NSE,MOLBIO.NS
MOLDTECH.NS,Mold-Tek Technologies Limited,NSE,MOLDTECH.NS
MOLDTKPAC.NS,Mold-Tek Packaging Limited,NSE,MOLDTKPAC.NS
MOMSBELIEF.NS,Rays of Belief Limited,NSE,MOMSBELIEF.NS
MONARCH.NS,Monarch Networth Capital Limited,NSE,MONARCH.NS
MONEYBOXX.NS,Moneyboxx Finance Limited,NSE,MONEYBOXX.NS
MONEYVIEW.NS,Moneyview Limited,NSE,MONEYVIEW.NS
MONTECARLO.NS,Monte Carlo Fashions Limited,NSE,MONTECARLO.NS
MOREPENLAB.NS,Morepen Laboratories Limited,NSE,MOREPENLAB.NS
MOSCHIP.NS,Moschip Technologies Limited,NSE,MOSCHIP.NS
MOTHERSON.NS,Samvardhana Motherson International Limited,NSE,MOTHERSON.NS
MOTILALOFS.NS,Motilal Oswal Financial Services Limited,NSE,MOTILALOFS.NS
MOTISONS.NS,Motisons Jewellers Limited,NSE,MOTISONS.NS
MOTOGENFIN.NS,The Motor & General Finance Limited,NSE,MOTOGENFIN.NS
MPDL.NS,MPDL Limited,NSE,MPDL.NS
MPHASIS.NS,MphasiS Limited,NSE,MPHASIS.NS
MPIMANIPAL.NS,Manipal Payment and Identity Solutions Limited,NSE,MPIMANIPAL.NS
MPSLTD.NS,MPS Limited,NSE,MPSLTD.NS
MRF.NS,MRF Limited,NSE,MRF.NS
MRPL.NS,Mangalore Refinery and Petrochemicals Limited,NSE,MRPL.NS
MSL.NS,Mangalam Seeds Limited,NSE,MSL.NS
MSPL.NS,MSP Steel & Power Limited,NSE,MSPL.NS
MSTCLTD.NS,Mstc Limited,NSE,MSTCLTD.NS
MSUMI.NS,Motherson Sumi Wiring India Limited,NSE,MSUMI.NS
MTARTECH.NS,Mtar Technologies Limited,NSE,MTARTECH.NS
MTEDUCARE.NS,MT Educare Limited,NSE,MTEDUCARE.NS
MTNL.NS,Mahanagar Telephone Nigam Limited,NSE,MTNL.NS
MUFIN.NS,Mufin Green Finance Limited,NSE,MUFIN.NS
MUFTI.NS,Credo Brands Marketing Limited,NSE,MUFTI.NS
MUKANDLTD.NS,Mukand Limited,NSE,MUKANDLTD.NS
MUKESHB.NS,Mukesh Babu Financial Services Limited,NSE,MUKESHB.NS
MUKKA.NS,Mukka Proteins Limited,NSE,MUKKA.NS
MUKTAARTS.NS,Mukta Arts Limited,NSE,MUKTAARTS.NS
MUNJALAU.NS,Munjal Auto Industries Limited,NSE,MUNJALAU.NS
MUNJALSHOW.NS,Munjal Showa Limited,NSE,MUNJALSHOW.NS
MURUDCERA.NS,Murudeshwar Ceramics Limited,NSE,MURUDCERA.NS
MUTHOOTCAP.NS,Muthoot Capital Services Limited,NSE,MUTHOOTCAP.NS
MUTHOOTFIN.NS,Muthoot Finance Limited,NSE,MUTHOOTFIN.NS
MUTHOOTMF.NS,Muthoot Microfin Limited,NSE,MUTHOOTMF.NS
MVELECTRO.NS,MV Electrosystems Limited,NSE,MVELECTRO.NS
MVGJL.NS,Manoj Vaibhav Gems N Jewellers Limited,NSE,MVGJL.NS
MWL.NS,Mangalam Worldwide Limited,NSE,MWL.NS
MYSORPETRO.NS,Mysore Petro Chemicals Limited,NSE,MYSORPETRO.NS
NACLIND.NS,NACL Industries Limited,NSE,NACLIND.NS
NAGREEKCAP.NS,Nagreeka Capital & Infrastructure Limited,NSE,NAGREEKCAP.NS
NAGREEKEXP.NS,Nagreeka Exports Limited,NSE,NAGREEKEXP.NS
NAHARCAP.NS,Nahar Capital and Financial Services Limited,NSE,NAHARCAP.NS
NAHARINDUS.NS,Nahar Industrial Enterprises Limited,NSE,NAHARINDUS.NS
NAHARPOLY.NS,Nahar Poly Films Limited,NSE,NAHARPOLY.NS
NAHARSPING.NS,Nahar Spinning Mills Limited,NSE,NAHARSPING.NS
NAM-INDIA.NS,Nippon Life India Asset Management Limited,NSE,NAM-INDIA.NS
NARMADA.NS,Narmada Agrobase Limited,NSE,NARMADA.NS
NATCAPSUQ.NS,Natural Capsules Limited,NSE,NATCAPSUQ.NS
NATCOPHARM.NS,Natco Pharma Limited,NSE,NATCOPHARM.NS
NATHBIOGEN.NS,Nath Bio-Genes (India) Limited,NSE,NATHBIOGEN.NS
NATIONALUM.NS,National Aluminium Company Limited,NSE,NATIONALUM.NS
NATIONSTD.NS,National Standard (India) Limited,NSE,NATIONSTD.NS
NAUKRI.NS,Info Edge (India) Limited,NSE,NAUKRI.NS
NAVA.NS,NAVA LIMITED,NSE,NAVA.NS
NAVINFLUOR.NS,Navin Fluorine International Limited,NSE,NAVINFLUOR.NS
NAVKARCORP.NS,Navkar Corporation Limited,NSE,NAVKARCORP.NS
NAVKARURB.NS,Navkar Urbanstructure Limited,NSE,NAVKARURB.NS
NAVNETEDUL.NS,Navneet Education Limited,NSE,NAVNETEDUL.NS
NAZARA.NS,Nazara Technologies Limited,NSE,NAZARA.NS
NBCC.NS,NBCC (India) Limited,NSE,NBCC.NS
NBIFIN.NS,N. B. I. Industrial Finance Company Limited,NSE,NBIFIN.NS
NCC.NS,NCC Limited,NSE,NCC.NS
NCLIND.NS,NCL Industries Limited,NSE,NCLIND.NS
NDGL.NS,Naga Dhunseri Group Limited,NSE,NDGL.NS
NDL.NS,Nandan Denim Limited,NSE,NDL.NS
NDLVENTURE.NS,NDL Ventures Limited,NSE,NDLVENTURE.NS
NDRAUTO.NS,Ndr Auto Components Limited,NSE,NDRAUTO.NS
NDTV.NS,New Delhi Television Limited,NSE,NDTV.NS
NEAGI.NS,Neelamalai Agro Industries Limited,NSE,NEAGI.NS
NECCLTD.NS,North Eastern Carrying Corporation Limited,NSE,NECCLTD.NS
NECLIFE.NS,Nectar Lifesciences Limited,NSE,NECLIFE.NS
NELCAST.NS,Nelcast Limited,NSE,NELCAST.NS
NELCO.NS,NELCO Limited,NSE,NELCO.NS
NEOGEN.NS,Neogen Chemicals Limited,NSE,NEOGEN.NS
NEPHROPLUS.NS,Nephrocare Health Services Limited,NSE,NEPHROPLUS.NS
NESCO.NS,Nesco Limited,NSE,NESCO.NS
NESTLEIND.NS,Nestle India Limited,NSE,NESTLEIND.NS
NETWEB.NS,Netweb Technologies India Limited,NSE,NETWEB.NS
NETWORK18.NS,Network18 Media & Investments Limited,NSE,NETWORK18.NS
NEUEON.NS,Neueon Corporation Limited,NSE,NEUEON.NS
NEULANDLAB.NS,Neuland Laboratories Limited,NSE,NEULANDLAB.NS
NEWGEN.NS,Newgen Software Technologies Limited,NSE,NEWGEN.NS
NEXTMEDIA.NS,Next Mediaworks Limited,NSE,NEXTMEDIA.NS
NFL.NS,National Fertilizers Limited,NSE,NFL.NS
NGIL.NS,Nakoda Group of Industries Limited,NSE,NGIL.NS
NGLFINE.NS,NGL Fine-Chem Limited,NSE,NGLFINE.NS
NH.NS,Narayana Hrudayalaya Ltd.,NSE,NH.NS
NHPC.NS,NHPC Limited,NSE,NHPC.NS
NIACL.NS,The New India Assurance Company Limited,NSE,NIACL.NS
NIBE.NS,NIBE Limited,NSE,NIBE.NS
NIBL.NS,NRB Industrial Bearings Limited,NSE,NIBL.NS
NICCOPAR.NS,Nicco Parks & Resorts Limited,NSE,NICCOPAR.NS
NIITLTD.NS,NIIT Limited,NSE,NIITLTD.NS
NIITMTS.NS,NIIT Learning Systems Limited,NSE,NIITMTS.NS
NILAINFRA.NS,Nila Infrastructures Limited,NSE,NILAINFRA.NS
NILASPACES.NS,Nila Spaces Limited,NSE,NILASPACES.NS
NILE.NS,Nile Limited,NSE,NILE.NS
NILKAMAL.NS,Nilkamal Limited,NSE,NILKAMAL.NS
NIMBSPROJ.NS,Nimbus Projects Limited,NSE,NIMBSPROJ.NS
NINSYS.NS,NINtec Systems Limited,NSE,NINSYS.NS
NIPPOBATRY.NS,Indo-National Limited,NSE,NIPPOBATRY.NS
NIRAJ.NS,Niraj Cement Structurals Limited,NSE,NIRAJ.NS
NIRAJISPAT.NS,Niraj Ispat Industries Limited,NSE,NIRAJISPAT.NS
NIRLON.NS,Nirlon Limited,NSE,NIRLON.NS
NITCO.NS,Nitco Limited,NSE,NITCO.NS
NITINSPIN.NS,Nitin Spinners Limited,NSE,NITINSPIN.NS
NITIRAJ.NS,Nitiraj Engineers Limited,NSE,NITIRAJ.NS
NITTAGELA.NS,Nitta Gelatin India Limited,NSE,NITTAGELA.NS
NITYAS.NS,Nityas Gems and Jewellery Limited,NSE,NITYAS.NS
NIVABUPA.NS,Niva Bupa Health Insurance Company Limited,NSE,NIVABUPA.NS
NKIND.NS,NK Industries Limited,NSE,NKIND.NS
NLCINDIA.NS,NLC India Limited,NSE,NLCINDIA.NS
NMDC.NS,NMDC Limited,NSE,NMDC.NS
NOCIL.NS,NOCIL Limited,NSE,NOCIL.NS
NOIDATOLL.NS,Noida Toll Bridge Company Limited,NSE,NOIDATOLL.NS
NORBTEAEXP.NS,Norben Tea & Exports Limited,NSE,NORBTEAEXP.NS
NORTHARC.NS,Northern Arc Capital Limited,NSE,NORTHARC.NS
NOVAAGRI.NS,Nova Agritech Limited,NSE,NOVAAGRI.NS
NOVARTIND.NS,Novartis India Limited,NSE,NOVARTIND.NS
NPST.NS,Network People Services Technologies Limited,NSE,NPST.NS
NRAIL.NS,N R Agarwal Industries Limited,NSE,NRAIL.NS
NRBBEARING.NS,NRB Bearing Limited,NSE,NRBBEARING.NS
NRL.NS,Nupur Recyclers Limited,NSE,NRL.NS
NSIL.NS,Nalwa Sons Investments Limited,NSE,NSIL.NS
NSLNISP.NS,NMDC Steel Limited,NSE,NSLNISP.NS
NTCIND.NS,NTC Industries Limited,NSE,NTCIND.NS
NTPC.NS,NTPC Limited,NSE,NTPC.NS
NTPCGREEN.NS,NTPC Green Energy Limited,NSE,NTPCGREEN.NS
NUCLEUS.NS,Nucleus Software Exports Limited,NSE,NUCLEUS.NS
NURECA.NS,Nureca Limited,NSE,NURECA.NS
NUVAMA.NS,Nuvama Wealth Management Limited,NSE,NUVAMA.NS
NUVOCO.NS,Nuvoco Vistas Corporation Limited,NSE,NUVOCO.NS
NYKAA.NS,FSN E-Commerce Ventures Limited,NSE,NYKAA.NS
OAL.NS,Oriental Aromatics Limited,NSE,OAL.NS
OBCL.NS,OBCL Limited,NSE,OBCL.NS
OBEROIRLTY.NS,Oberoi Realty Limited,NSE,OBEROIRLTY.NS
OCCLLTD.NS,OCCL Limited,NSE,OCCLLTD.NS
ODIGMA.NS,Odigma Consultancy Solutions Limited,NSE,ODIGMA.NS
ODYCORP.NS,Odyssey Corporation Limited,NSE,ODYCORP.NS
OFSS.NS,Oracle Financial Services Software Limited,NSE,OFSS.NS
OIL.NS,Oil India Limited,NSE,OIL.NS
OILCOUNTUB.NS,Oil Country Tubular Limited,NSE,OILCOUNTUB.NS
OLAELEC.NS,Ola Electric Mobility Limited,NSE,OLAELEC.NS
OLECTRA.NS,Olectra Greentech Limited,NSE,OLECTRA.NS
OMAXAUTO.NS,Omax Autos Limited,NSE,OMAXAUTO.NS
OMAXE.NS,Omaxe Limited,NSE,OMAXE.NS
OMFREIGHT.NS,Om Freight Forwarders Limited,NSE,OMFREIGHT.NS
OMINFRAL.NS,OM INFRA LIMITED,NSE,OMINFRAL.NS
OMNI.NS,Omnitech Engineering Limited,NSE,OMNI.NS
OMPOWER.NS,Om Power Transmission Limited,NSE,OMPOWER.NS
ONEGLOBAL.NS,One Global Service Provider Limited,NSE,ONEGLOBAL.NS
ONELIFECAP.NS,Onelife Capital Advisors Limited,NSE,ONELIFECAP.NS
ONEPOINT.NS,One Point One Solutions Limited,NSE,ONEPOINT.NS
ONESOURCE.NS,Onesource Specialty Pharma Limited,NSE,ONESOURCE.NS
ONGC.NS,Oil & Natural Gas Corporation Limited,NSE,ONGC.NS
ONIDA.NS,Onida Electronics Limited,NSE,ONIDA.NS
ONIXSOLAR.NS,Onix Solar Energy Limited,NSE,ONIXSOLAR.NS
ONMOBILE.NS,OnMobile Global Limited,NSE,ONMOBILE.NS
ONWARDTEC.NS,Onward Technologies Limited,NSE,ONWARDTEC.NS
OPTIEMUS.NS,Optiemus Infracom Limited,NSE,OPTIEMUS.NS
OPTIFIN.NS,Optimus Finance Limited,NSE,OPTIFIN.NS
ORBTEXP.NS,Orbit Exports Limited,NSE,ORBTEXP.NS
ORCHASP.NS,Orchasp Limited,NSE,ORCHASP.NS
ORCHPHARMA.NS,Orchid Pharma Limited,NSE,ORCHPHARMA.NS
ORICONENT.NS,Oricon Enterprises Limited,NSE,ORICONENT.NS
ORIENTALTL.NS,Oriental Trimex Limited,NSE,ORIENTALTL.NS
ORIENTBELL.NS,Orient Bell Limited,NSE,ORIENTBELL.NS
ORIENTCABL.NS,Orient Cables (India) Limited,NSE,ORIENTCABL.NS
ORIENTCEM.NS,Orient Cement Limited,NSE,ORIENTCEM.NS
ORIENTCER.NS,ORIENT CERATECH LIMITED,NSE,ORIENTCER.NS
ORIENTELEC.NS,Orient Electric Limited,NSE,ORIENTELEC.NS
ORIENTHOT.NS,Oriental Hotels Limited,NSE,ORIENTHOT.NS
ORIENTLTD.NS,Orient Press Limited,NSE,ORIENTLTD.NS
ORIENTPPR.NS,Orient Paper & Industries Limited,NSE,ORIENTPPR.NS
ORIENTTECH.NS,Orient Technologies Limited,NSE,ORIENTTECH.NS
ORIRAIL.NS,Oriental Rail Infrastructure Limited,NSE,ORIRAIL.NS
ORISSAMINE.NS,The Orissa Minerals Development Company Limited,NSE,ORISSAMINE.NS
ORKLAINDIA.NS,Orkla India Limited,NSE,ORKLAINDIA.NS
ORTINGLOBE.NS,ORTIN GLOBAL LIMITED,NSE,ORTINGLOBE.NS
OSIAHYPER.NS,Osia Hyper Retail Limited,NSE,OSIAHYPER.NS
OSWALAGRO.NS,Oswal Agro Mills Limited,NSE,OSWALAGRO.NS
OSWALGREEN.NS,Oswal Greentech Limited,NSE,OSWALGREEN.NS
OSWALPUMPS.NS,Oswal Pumps Limited,NSE,OSWALPUMPS.NS
OSWALSEEDS.NS,ShreeOswal Seeds And Chemicals Limited,NSE,OSWALSEEDS.NS
PACEDIGITK.NS,Pace Digitek Limited,NSE,PACEDIGITK.NS
PACIFICI.NS,Pacific Industries Limited,NSE,PACIFICI.NS
PAGEIND.NS,Page Industries Limited,NSE,PAGEIND.NS
PAISALO.NS,Paisalo Digital Limited,NSE,PAISALO.NS
PAKKA.NS,PAKKA LIMITED,NSE,PAKKA.NS
PALASHSECU.NS,Palash Securities Limited,NSE,PALASHSECU.NS
PALREDTEC.NS,Palred Technologies Limited,NSE,PALREDTEC.NS
PANACEABIO.NS,Panacea Biotec Limited,NSE,PANACEABIO.NS
PANACHE.NS,Panache Digilife Limited,NSE,PANACHE.NS
PANAMAPET.NS,Panama Petrochem Limited,NSE,PANAMAPET.NS
PANCHMAHQ.NS,Panchmahal Steel Limited,NSE,PANCHMAHQ.NS
PANORAMA.NS,Panorama Studios International Limited,NSE,PANORAMA.NS
PANSARI.NS,Pansari Developers Limited,NSE,PANSARI.NS
PAR.NS,Par Drugs And Chemicals Limited,NSE,PAR.NS
PARACABLES.NS,Paramount Communications Limited,NSE,PARACABLES.NS
PARADEEP.NS,Paradeep Phosphates Limited,NSE,PARADEEP.NS
PARAGMILK.NS,Parag Milk Foods Limited,NSE,PARAGMILK.NS
PARAS.NS,Paras Defence and Space Technologies Limited,NSE,PARAS.NS
PARASPETRO.NS,Paras Petrofils Limited,NSE,PARASPETRO.NS
PARIN.NS,Parin Enterprises Limited,NSE,PARIN.NS
PARKHOSPS.NS,Park Medi World Limited,NSE,PARKHOSPS.NS
PARKHOTELS.NS,Apeejay Surrendra Park Hotels Limited,NSE,PARKHOTELS.NS
PARNAXLAB.NS,Parnax Lab Limited,NSE,PARNAXLAB.NS
PARSVNATH.NS,Parsvnath Developers Limited,NSE,PARSVNATH.NS
PASHUPATI.NS,Pashupati Cotspin Limited,NSE,PASHUPATI.NS
PASUPTAC.NS,Pasupati Acrylon Limited,NSE,PASUPTAC.NS
PATANJALI.NS,Patanjali Foods Limited,NSE,PATANJALI.NS
PATELENG.NS,Patel Engineering Limited,NSE,PATELENG.NS
PATELRMART.NS,Patel Retail Limited,NSE,PATELRMART.NS
PATINTLOG.NS,Patel Integrated Logistics Limited,NSE,PATINTLOG.NS
PAUSHAKLTD.NS,Paushak Limited,NSE,PAUSHAKLTD.NS
PAVNAIND.NS,Pavna Industries Limited,NSE,PAVNAIND.NS
PAYTM.NS,One 97 Communications Limited,NSE,PAYTM.NS
PBMPOLY.NS,PBM Polytex Limited,NSE,PBMPOLY.NS
PCBL.NS,PCBL Chemical Limited,NSE,PCBL.NS
PCJEWELLER.NS,PC Jeweller Limited,NSE,PCJEWELLER.NS
PDMJEPAPER.NS,Pudumjee Paper Products Limited,NSE,PDMJEPAPER.NS
PDSL.NS,PDS Limited,NSE,PDSL.NS
PEARLPOLY.NS,Pearl Polymers Limited,NSE,PEARLPOLY.NS
PENIND.NS,Pennar Industries Limited,NSE,PENIND.NS
PENINLAND.NS,Peninsula Land Limited,NSE,PENINLAND.NS
PERMAGN.NS,Permanent Magnets Limited,NSE,PERMAGN.NS
PERNIASPOP.NS,Purple Style Labs Limited,NSE,PERNIASPOP.NS
PERSISTENT.NS,Persistent Systems Limited,NSE,PERSISTENT.NS
PETRONET.NS,Petronet LNG Limited,NSE,PETRONET.NS
PFC.NS,Power Finance Corporation Limited,NSE,PFC.NS
PFIZER.NS,Pfizer Limited,NSE,PFIZER.NS
PFOCUS.NS,Prime Focus Limited,NSE,PFOCUS.NS
PFS.NS,PTC India Financial Services Limited,NSE,PFS.NS
PGEL.NS,PG Electroplast Limited,NSE,PGEL.NS
PGHH.NS,Procter & Gamble Hygiene and Health Care Limited,NSE,PGHH.NS
PGHL.NS,Procter & Gamble Health Limited,NSE,PGHL.NS
PGIL.NS,Pearl Global Industries Limited,NSE,PGIL.NS
PHOENIXLTD.NS,The Phoenix Mills Limited,NSE,PHOENIXLTD.NS
PHOENXINTL.NS,Phoenix International Limited,NSE,PHOENXINTL.NS
PICCADIL.NS,Piccadily Agro Industries Limited,NSE,PICCADIL.NS
PIDILITIND.NS,Pidilite Industries Limited,NSE,PIDILITIND.NS
PIGL.NS,Power & Instrumentation (Gujarat) Limited,NSE,PIGL.NS
PIIND.NS,PI Industries Limited,NSE,PIIND.NS
PILANIINVS.NS,Pilani Investment and Industries Corporation Limited,NSE,PILANIINVS.NS
PILITA.NS,PIL ITALICA LIFESTYLE LIMITED,NSE,PILITA.NS
PINELABS.NS,Pine Labs Limited,NSE,PINELABS.NS
PIONEEREMB.NS,Pioneer Embroideries Limited,NSE,PIONEEREMB.NS
PIONRINV.NS,Pioneer Investcorp Limited,NSE,PIONRINV.NS
PIRAMALFIN.NS,Piramal Finance Limited,NSE,PIRAMALFIN.NS
PITTIENG.NS,Pitti Engineering Limited,NSE,PITTIENG.NS
PIXTRANS.NS,Pix Transmissions Limited,NSE,PIXTRANS.NS
PKTEA.NS,The Peria Karamalai Tea & Produce Company Limited,NSE,PKTEA.NS
PLASTIBLEN.NS,Plastiblends India Limited,NSE,PLASTIBLEN.NS
PLATIND.NS,Platinum Industries Limited,NSE,PLATIND.NS
PLAZACABLE.NS,Plaza Wires Limited,NSE,PLAZACABLE.NS
PML.NS,Paul Merchants Limited,NSE,PML.NS
PNB.NS,Punjab National Bank,NSE,PNB.NS
PNBGILTS.NS,PNB Gilts Limited,NSE,PNBGILTS.NS
PNBHOUSING.NS,PNB Housing Finance Limited,NSE,PNBHOUSING.NS
PNC.NS,PNC Media and Entertainment Limited,NSE,PNC.NS
PNCINFRA.NS,PNC Infratech Limited,NSE,PNCINFRA.NS
PNGJL.NS,P N Gadgil Jewellers Limited,NSE,PNGJL.NS
PNGSREVA.NS,PNGS Reva Diamond Jewellery Limited,NSE,PNGSREVA.NS
POCL.NS,Pondy Oxides & Chemicals Limited,NSE,POCL.NS
PODDARMENT.NS,Poddar Pigments Limited,NSE,PODDARMENT.NS
POEL.NS,POCL Enterprises Limited,NSE,POEL.NS
POKARNA.NS,Pokarna Limited,NSE,POKARNA.NS
POLICYBZR.NS,PB Fintech Limited,NSE,POLICYBZR.NS
POLYCAB.NS,Polycab India Limited,NSE,POLYCAB.NS
POLYMED.NS,Poly Medicure Limited,NSE,POLYMED.NS
POLYPLEX.NS,Polyplex Corporation Limited,NSE,POLYPLEX.NS
POLYSPIN.NS,Polyspin Exports Limited,NSE,POLYSPIN.NS
PONNIERODE.NS,Ponni Sugars (Erode) Limited,NSE,PONNIERODE.NS
POONAWALLA.NS,Poonawalla Fincorp Limited,NSE,POONAWALLA.NS
POWERGRID.NS,Power Grid Corporation of India Limited,NSE,POWERGRID.NS
POWERICA.NS,Powerica Limited,NSE,POWERICA.NS
POWERINDIA.NS,Hitachi Energy India Limited,NSE,POWERINDIA.NS
POWERMECH.NS,Power Mech Projects Limited,NSE,POWERMECH.NS
PPAP.NS,PPAP Automotive Limited,NSE,PPAP.NS
PPL.NS,Prakash Pipes Limited,NSE,PPL.NS
PPLPHARMA.NS,Piramal Pharma Limited,NSE,PPLPHARMA.NS
PRABHA.NS,Prabha Energy Limited,NSE,PRABHA.NS
PRADPME.NS,Pradeep Metals Limited,NSE,PRADPME.NS
PRAENG.NS,Prajay Engineers Syndicate Limited,NSE,PRAENG.NS
PRAJIND.NS,Praj Industries Limited,NSE,PRAJIND.NS
PRAKASH.NS,Prakash Industries Limited,NSE,PRAKASH.NS
PRAKASHSTL.NS,Prakash Steelage Limited,NSE,PRAKASHSTL.NS
PRANAV.NS,Pranav Constructions Limited,NSE,PRANAV.NS
PRASOLCHEM.NS,Prasol Chemicals Limited,NSE,PRASOLCHEM.NS
PRAVEG.NS,Praveg Limited,NSE,PRAVEG.NS
PRAXIS.NS,Praxis Home Retail Limited,NSE,PRAXIS.NS
PRECAM.NS,Precision Camshafts Limited,NSE,PRECAM.NS
PRECOT.NS,Precot Limited,NSE,PRECOT.NS
PRECWIRE.NS,Precision Wires India Limited,NSE,PRECWIRE.NS
PREMCO.NS,Premco Global Limited,NSE,PREMCO.NS
PREMEXPLN.NS,Premier Explosives Limited,NSE,PREMEXPLN.NS
PREMIER.NS,Premier Limited,NSE,PREMIER.NS
PREMIERENE.NS,Premier Energies Limited,NSE,PREMIERENE.NS
PREMIERPOL.NS,Premier Polyfilm Limited,NSE,PREMIERPOL.NS
PRESTIGE.NS,Prestige Estates Projects Limited,NSE,PRESTIGE.NS
PRICOLLTD.NS,Pricol Limited,NSE,PRICOLLTD.NS
PRIMESECU.NS,Prime Securities Limited,NSE,PRIMESECU.NS
PRIMO.NS,Primo Chemicals Limited,NSE,PRIMO.NS
PRINCEPIPE.NS,Prince Pipes And Fittings Limited,NSE,PRINCEPIPE.NS
PRIORITY.NS,Priority Jewels Limited,NSE,PRIORITY.NS
PRISMX.NS,Prismx Global Ventures Limited,NSE,PRISMX.NS
PRITI.NS,Priti International Limited,NSE,PRITI.NS
PRITIKAUTO.NS,Pritika Auto Industries Limited,NSE,PRITIKAUTO.NS
PRIVISCL.NS,Privi Speciality Chemicals Limited,NSE,PRIVISCL.NS
PROSTARM.NS,Prostarm Info Systems Limited,NSE,PROSTARM.NS
PROTEAN.NS,Protean eGov Technologies Limited,NSE,PROTEAN.NS
PROZONER.NS,Prozone Realty Limited,NSE,PROZONER.NS
PRSMJOHNSN.NS,Prism Johnson Limited,NSE,PRSMJOHNSN.NS
PRUDENT.NS,Prudent Corporate Advisory Services Limited,NSE,PRUDENT.NS
PRUDMOULI.NS,Prudential Sugar Corporation Limited,NSE,PRUDMOULI.NS
PSB.NS,Punjab & Sind Bank,NSE,PSB.NS
PSPPROJECT.NS,PSP Projects Limited,NSE,PSPPROJECT.NS
PTC.NS,PTC India Limited,NSE,PTC.NS
PTCIL.NS,PTC Industries Limited,NSE,PTCIL.NS
PTL.NS,PTL Enterprises Limited,NSE,PTL.NS
PUNJABCHEM.NS,Punjab Chemicals & Crop Protection Limited,NSE,PUNJABCHEM.NS
PURVA.NS,Puravankara Limited,NSE,PURVA.NS
PVP.NS,PVP Ventures Limited,NSE,PVP.NS
PVRINOX.NS,PVR INOX Limited,NSE,PVRINOX.NS
PVSL.NS,Popular Vehicles and Services Limited,NSE,PVSL.NS
PWL.NS,Physicswallah Limited,NSE,PWL.NS
PYRAMID.NS,Pyramid Technoplast Limited,NSE,PYRAMID.NS
QMSMEDI.NS,QMS Medical Allied Services Limited,NSE,QMSMEDI.NS
QPOWER.NS,Quality Power Electrical Equipments Limited,NSE,QPOWER.NS
QUADFUTURE.NS,Quadrant Future Tek Limited,NSE,QUADFUTURE.NS
QUESS.NS,Quess Corp Limited,NSE,QUESS.NS
QUICKHEAL.NS,Quick Heal Technologies Limited,NSE,QUICKHEAL.NS
QUINT.NS,Quint Digital Limited,NSE,QUINT.NS
QUINTEGRA.NS,Quintegra Solutions Limited,NSE,QUINTEGRA.NS
RACE.NS,Race Eco Chain Limited,NSE,RACE.NS
RACLGEAR.NS,RACL Geartech Limited,NSE,RACLGEAR.NS
RADAAN.NS,Radaan Mediaworks India Limited,NSE,RADAAN.NS
RADHIKAJWE.NS,Radhika Jeweltech Limited,NSE,RADHIKAJWE.NS
RADIANTCMS.NS,Radiant Cash Management Services Limited,NSE,RADIANTCMS.NS
RADICO.NS,Radico Khaitan Limited,NSE,RADICO.NS
RADIOCITY.NS,Music Broadcast Limited,NSE,RADIOCITY.NS
RAILTEL.NS,Railtel Corporation Of India Limited,NSE,RAILTEL.NS
RAIN.NS,Rain Industries Limited,NSE,RAIN.NS
RAINBOW.NS,Rainbow Childrens Medicare Limited,NSE,RAINBOW.NS
RAJESHEXPO.NS,Rajesh Exports Limited,NSE,RAJESHEXPO.NS
RAJMET.NS,Rajnandini Metal Limited,NSE,RAJMET.NS
RAJOOENG.NS,Rajoo Engineers Limited,NSE,RAJOOENG.NS
RAJPALAYAM.NS,Rajapalayam Mills Limited,NSE,RAJPALAYAM.NS
RAJRATAN.NS,Rajratan Global Wire Limited,NSE,RAJRATAN.NS
RAJRILTD.NS,Raj Rayon Industries Limited,NSE,RAJRILTD.NS
RAJSREESUG.NS,Rajshree Sugars & Chemicals Limited,NSE,RAJSREESUG.NS
RAJTV.NS,Raj Television Network Limited,NSE,RAJTV.NS
RALLIS.NS,Rallis India Limited,NSE,RALLIS.NS
RAMANEWS.NS,Shree Rama Newsprint Limited,NSE,RAMANEWS.NS
RAMAPHO.NS,Rama Phosphates Limited,NSE,RAMAPHO.NS
RAMASTEEL.NS,Rama Steel Tubes Limited,NSE,RAMASTEEL.NS
RAMBHAJO.NS,Advit Jewels Limited,NSE,RAMBHAJO.NS
RAMCOCEM.NS,The Ramco Cements Limited,NSE,RAMCOCEM.NS
RAMCOIND.NS,Ramco Industries Limited,NSE,RAMCOIND.NS
RAMCOSYS.NS,Ramco Systems Limited,NSE,RAMCOSYS.NS
RAMKY.NS,Ramky Infrastructure Limited,NSE,RAMKY.NS
RAMRAT.NS,Ram Ratna Wires Limited,NSE,RAMRAT.NS
RANASUG.NS,Rana Sugars Limited,NSE,RANASUG.NS
RANEHOLDIN.NS,Rane Holdings Limited,NSE,RANEHOLDIN.NS
RATEGAIN.NS,Rategain Travel Technologies Limited,NSE,RATEGAIN.NS
RATNAMANI.NS,Ratnamani Metals & Tubes Limited,NSE,RATNAMANI.NS
RATNAVEER.NS,Ratnaveer Precision Engineering Limited,NSE,RATNAVEER.NS
RAYMOND.NS,Raymond Limited,NSE,RAYMOND.NS
RAYMONDLSL.NS,Raymond Lifestyle Limited,NSE,RAYMONDLSL.NS
RAYMONDREL.NS,Raymond Realty Limited,NSE,RAYMONDREL.NS
RBA.NS,Restaurant Brands Asia Limited,NSE,RBA.NS
RBLBANK.NS,RBL Bank Limited,NSE,RBLBANK.NS
RBZJEWEL.NS,RBZ Jewellers Limited,NSE,RBZJEWEL.NS
RCF.NS,Rashtriya Chemicals and Fertilizers Limited,NSE,RCF.NS
RCOM.NS,Reliance Communications Limited,NSE,RCOM.NS
RECLTD.NS,REC Limited,NSE,RECLTD.NS
REDINGTON.NS,Redington Limited,NSE,REDINGTON.NS
REDTAPE.NS,Redtape Limited,NSE,REDTAPE.NS
REFEX.NS,Refex Industries Limited,NSE,REFEX.NS
REGAAL.NS,Regaal Resources Limited,NSE,REGAAL.NS
REGENCERAM.NS,Regency Ceramics Limited,NSE,REGENCERAM.NS
RELAXO.NS,Relaxo Footwears Limited,NSE,RELAXO.NS
RELCHEMQ.NS,Reliance Chemotex Industries Limited,NSE,RELCHEMQ.NS
RELIABLE.NS,Reliable Data Services Limited,NSE,RELIABLE.NS
RELIANCE.NS,Reliance Industries Limited,NSE,RELIANCE.NS
RELIGARE.NS,Religare Enterprises Limited,NSE,RELIGARE.NS
RELINFRA.NS,Reliance Infrastructure Limited,NSE,RELINFRA.NS
RELTD.NS,Ravindra Energy Limited,NSE,RELTD.NS
REMSONSIND.NS,Remsons Industries Limited,NSE,REMSONSIND.NS
RENTOMOJO.NS,Rentomojo Limited,NSE,RENTOMOJO.NS
RENUKA.NS,Shree Renuka Sugars Limited,NSE,RENUKA.NS
REPCOHOME.NS,Repco Home Finance Limited,NSE,REPCOHOME.NS
REPL.NS,Rudrabhishek Enterprises Limited,NSE,REPL.NS
REPRO.NS,Repro India Limited,NSE,REPRO.NS
RESPONIND.NS,Responsive Industries Limited,NSE,RESPONIND.NS
RETAIL.NS,JHS Svendgaard Retail Ventures Limited,NSE,RETAIL.NS
RGL.NS,Renaissance Global Limited,NSE,RGL.NS
RHETAN.NS,Rhetan TMT Limited,NSE,RHETAN.NS
RHFL.NS,Reliance Home Finance Limited,NSE,RHFL.NS
RHIM.NS,RHI MAGNESITA INDIA LIMITED,NSE,RHIM.NS
RHL.NS,Robust Hotels Limited,NSE,RHL.NS
RICOAUTO.NS,Rico Auto Industries Limited,NSE,RICOAUTO.NS
RIIL.NS,Reliance Industrial Infrastructure Limited,NSE,RIIL.NS
RIR.NS,RIR Power Electronics Limited,NSE,RIR.NS
RISHABH.NS,Rishabh Instruments Limited,NSE,RISHABH.NS
RITCO.NS,Ritco Logistics Limited,NSE,RITCO.NS
RITES.NS,RITES Limited,NSE,RITES.NS
RKDL.NS,Ravi Kumar Distilleries Limited,NSE,RKDL.NS
RKEC.NS,RKEC Projects Limited,NSE,RKEC.NS
RKFORGE.NS,Ramkrishna Forgings Limited,NSE,RKFORGE.NS
RKSWAMY.NS,R K Swamy Limited,NSE,RKSWAMY.NS
RMC.NS,RMC Switchgears Limited,NSE,RMC.NS
RMDRIP.NS,R M Drip and Sprinklers Systems Limited,NSE,RMDRIP.NS
RML.NS,Rane (Madras) Limited,NSE,RML.NS
RNBDENIMS.NS,R&B Denims Limited,NSE,RNBDENIMS.NS
ROHLTD.NS,Royal Orchid Hotels Limited,NSE,ROHLTD.NS
ROLEXRINGS.NS,Rolex Rings Limited,NSE,ROLEXRINGS.NS
ROLLT.NS,Rollatainers Limited,NSE,ROLLT.NS
ROML.NS,Raj Oil Mills Limited,NSE,ROML.NS
ROSSARI.NS,Rossari Biotech Limited,NSE,ROSSARI.NS
ROSSELLIND.NS,Rossell India Limited,NSE,ROSSELLIND.NS
ROSSTECH.NS,Rossell Techsys Limited,NSE,ROSSTECH.NS
ROTO.NS,Roto Pumps Limited,NSE,ROTO.NS
ROUTE.NS,ROUTE MOBILE LIMITED,NSE,ROUTE.NS
RPEL.NS,Raghav Productivity Enhancers Limited,NSE,RPEL.NS
RPGLIFE.NS,RPG Life Sciences Limited,NSE,RPGLIFE.NS
RPOWER.NS,Reliance Power Limited,NSE,RPOWER.NS
RPPINFRA.NS,R.P.P. Infra Projects Limited,NSE,RPPINFRA.NS
RPPL.NS,Rajshree Polypack Limited,NSE,RPPL.NS
RPSGVENT.NS,RPSG VENTURES LIMITED,NSE,RPSGVENT.NS
RPTECH.NS,Rashi Peripherals Limited,NSE,RPTECH.NS
RRECL.NS,RDB Real Estate Constructions Limited,NSE,RRECL.NS
RRIL.NS,RRIL Limited,NSE,RRIL.NS
RRKABEL.NS,R R Kabel Limited,NSE,RRKABEL.NS
RSDFIN.NS,RSD Finance Limited,NSE,RSDFIN.NS
RSL.NS,Rajputana Stainless Limited,NSE,RSL.NS
RSSOFTWARE.NS,R. S. Software (India) Limited,NSE,RSSOFTWARE.NS
RSWM.NS,RSWM Limited,NSE,RSWM.NS
RSYSTEMS.NS,R Systems International Limited,NSE,RSYSTEMS.NS
RTNINDIA.NS,RattanIndia Enterprises Limited,NSE,RTNINDIA.NS
RTNPOWER.NS,RattanIndia Power Limited,NSE,RTNPOWER.NS
RTSPOWR.NS,RTS Power Corporation Limited,NSE,RTSPOWR.NS
RUBFILA.NS,Rubfila International Limited,NSE,RUBFILA.NS
RUBICON.NS,Rubicon Research Limited,NSE,RUBICON.NS
RUBYMILLS.NS,The Ruby Mills Limited,NSE,RUBYMILLS.NS
RUCHINFRA.NS,Ruchi Infrastructure Limited,NSE,RUCHINFRA.NS
RUCHIRA.NS,Ruchira Papers Limited,NSE,RUCHIRA.NS
RUDRA.NS,Rudra Global Infra Products Limited,NSE,RUDRA.NS
RUNWALENTR.NS,Runwal Enterprises Limited,NSE,RUNWALENTR.NS
RUPA.NS,Rupa & Company Limited,NSE,RUPA.NS
RUSHIL.NS,Rushil Decor Limited,NSE,RUSHIL.NS
RUSTOMJEE.NS,Keystone Realtors Limited,NSE,RUSTOMJEE.NS
RVHL.NS,Ravinder Heights Limited,NSE,RVHL.NS
RVNL.NS,Rail Vikas Nigam Limited,NSE,RVNL.NS
RVTH.NS,Revathi Equipment India Limited,NSE,RVTH.NS
S&SPOWER.NS,S&S Power Switchgears Limited,NSE,S&SPOWER.NS
SAATVIKGL.NS,Saatvik Green Energy Limited,NSE,SAATVIKGL.NS
SAB.NS,SAB Industries Limited,NSE,SAB.NS
SADBHAV.NS,Sadbhav Engineering Limited,NSE,SADBHAV.NS
SADBHIN.NS,Sadbhav Infrastructure Project Limited,NSE,SADBHIN.NS
SADHNANIQ.NS,Sadhana Nitrochem Limited,NSE,SADHNANIQ.NS
SAFARI.NS,Safari Industries (India) Limited,NSE,SAFARI.NS
SAGARDEEP.NS,Sagardeep Alloys Limited,NSE,SAGARDEEP.NS
SAGCEM.NS,Sagar Cements Limited,NSE,SAGCEM.NS
SAGILITY.NS,SAGILITY LIMITED,NSE,SAGILITY.NS
SAHLIBHFI.NS,Shalibhadra Finance Limited,NSE,SAHLIBHFI.NS
SAHYADRI.NS,Sahyadri Industries Limited,NSE,SAHYADRI.NS
SAICAPI.NS,Sai Capital Limited,NSE,SAICAPI.NS
SAIL.NS,Steel Authority of India Limited,NSE,SAIL.NS
SAILIFE.NS,Sai Life Sciences Limited,NSE,SAILIFE.NS
SAIPARENT.NS,Sai Parenterals Limited,NSE,SAIPARENT.NS
SAKAR.NS,Sakar Healthcare Limited,NSE,SAKAR.NS
SAKHTISUG.NS,Sakthi Sugars Limited,NSE,SAKHTISUG.NS
SAKSOFT.NS,Saksoft Limited,NSE,SAKSOFT.NS
SAKUMA.NS,Sakuma Exports Limited,NSE,SAKUMA.NS
SALASAR.NS,Salasar Techno Engineering Limited,NSE,SALASAR.NS
SALONA.NS,Salona Cotspin Limited,NSE,SALONA.NS
SALSTEEL.NS,S.A.L. Steel Limited,NSE,SALSTEEL.NS
SALZERELEC.NS,Salzer Electronics Limited,NSE,SALZERELEC.NS
SAMBANDAM.NS,Sambandam Spinning Mills Limited,NSE,SAMBANDAM.NS
SAMBHAAV.NS,Sambhaav Media Limited,NSE,SAMBHAAV.NS
SAMBHV.NS,Sambhv Steel Tubes Limited,NSE,SAMBHV.NS
SAMHI.NS,Samhi Hotels Limited,NSE,SAMHI.NS
SAMMAANCAP.NS,Sammaan Capital Limited,NSE,SAMMAANCAP.NS
SAMPANN.NS,Sampann Utpadan India Limited,NSE,SAMPANN.NS
SANATHAN.NS,Sanathan Textiles Limited,NSE,SANATHAN.NS
SANDESH.NS,The Sandesh Limited,NSE,SANDESH.NS
SANDHAR.NS,Sandhar Technologies Limited,NSE,SANDHAR.NS
SANDUMA.NS,Sandur Manganese & Iron Ores Limited,NSE,SANDUMA.NS
SANGAMIND.NS,Sangam (India) Limited,NSE,SANGAMIND.NS
SANGHVIMOV.NS,Sanghvi Movers Limited,NSE,SANGHVIMOV.NS
SANOFI.NS,Sanofi India Limited,NSE,SANOFI.NS
SANOFICONR.NS,Sanofi Consumer Healthcare India Limited,NSE,SANOFICONR.NS
SANSERA.NS,Sansera Engineering Limited,NSE,SANSERA.NS
SANSTAR.NS,Sanstar Limited,NSE,SANSTAR.NS
SANWARIA.NS,Sanwaria Consumer Limited,NSE,SANWARIA.NS
SAPPHIRE.NS,Sapphire Foods India Limited,NSE,SAPPHIRE.NS
SAPPL.NS,Shree Ajit Pulp & Paper Limited,NSE,SAPPL.NS
SARDAEN.NS,Sarda Energy & Minerals Limited,NSE,SARDAEN.NS
SAREGAMA.NS,Saregama India Limited,NSE,SAREGAMA.NS
SARLAPOLY.NS,Sarla Performance Fibers Limited,NSE,SARLAPOLY.NS
SARVESHWAR.NS,Sarveshwar Foods Limited,NSE,SARVESHWAR.NS
SASKEN.NS,Sasken Technologies Limited,NSE,SASKEN.NS
SATIA.NS,Satia Industries Limited,NSE,SATIA.NS
SATIN.NS,Satin Creditcare Network Limited,NSE,SATIN.NS
SAURASHCEM.NS,Saurashtra Cement Limited,NSE,SAURASHCEM.NS
SAYAJIHOTL.NS,Sayaji Hotels Limited,NSE,SAYAJIHOTL.NS
SAYAJIIND.NS,Sayaji Industries Limited,NSE,SAYAJIIND.NS
SBC.NS,SBC Exports Limited,NSE,SBC.NS
SBCL.NS,Shivalik Bimetal Controls Limited,NSE,SBCL.NS
SBFC.NS,SBFC Finance Limited,NSE,SBFC.NS
SBGLP.NS,Suratwwala Business Group Limited,NSE,SBGLP.NS
SBICARD.NS,SBI Cards and Payment Services Limited,NSE,SBICARD.NS
SBIFUNDS.NS,SBI Funds Management Limited,NSE,SBIFUNDS.NS
SBILIFE.NS,SBI Life Insurance Company Limited,NSE,SBILIFE.NS
SBIN.NS,State Bank of India,NSE,SBIN.NS
SCANSTL.NS,Scan Steels Limited,NSE,SCANSTL.NS
SCHAEFFLER.NS,Schaeffler India Limited,NSE,SCHAEFFLER.NS
SCHAND.NS,S Chand And Company Limited,NSE,SCHAND.NS
SCHNEIDER.NS,Schneider Electric Infrastructure Limited,NSE,SCHNEIDER.NS
SCI.NS,Shipping Corporation Of India Limited,NSE,SCI.NS
SCILAL.NS,Shipping Corporation of India Land and Assets Limited,NSE,SCILAL.NS
SCODATUBES.NS,Scoda Tubes Limited,NSE,SCODATUBES.NS
SCPL.NS,Sheetal Cool Products Limited,NSE,SCPL.NS
SDBL.NS,Som Distilleries & Breweries Limited,NSE,SDBL.NS
SEAMECLTD.NS,Seamec Limited,NSE,SEAMECLTD.NS
SECMARK.NS,SecMark Consultancy Limited,NSE,SECMARK.NS
SECURKLOUD.NS,SECUREKLOUD TECHNOLOGIES LIMITED,NSE,SECURKLOUD.NS
SEDEMAC.NS,SEDEMAC Mechatronics Limited,NSE,SEDEMAC.NS
SEIL.NS,Shanti Educational Initiatives Limited,NSE,SEIL.NS
SEJALLTD.NS,Sejal Glass Limited,NSE,SEJALLTD.NS
SEKURITIND.NS,Saint Gobain Sekurit India Limited,NSE,SEKURITIND.NS
SEMAC.NS,Semac Construction Limited,NSE,SEMAC.NS
SENCO.NS,Senco Gold Limited,NSE,SENCO.NS
SENORES.NS,Senores Pharmaceuticals Limited,NSE,SENORES.NS
SEPC.NS,SEPC Limited,NSE,SEPC.NS
SERVOTECH.NS,Servotech Renewable Power System Limited,NSE,SERVOTECH.NS
SESHAPAPER.NS,Seshasayee Paper and Boards Limited,NSE,SESHAPAPER.NS
SETCO.NS,Setco Automotive Limited,NSE,SETCO.NS
SETL.NS,Standard Engineering Technology Limited,NSE,SETL.NS
SETUINFRA.NS,Setubandhan Infrastructure Limited,NSE,SETUINFRA.NS
SEYAIND.NS,Seya Industries Limited,NSE,SEYAIND.NS
SFL.NS,Sheela Foam Limited,NSE,SFL.NS
SGFIN.NS,SG Finserve Limited,NSE,SGFIN.NS
SGIL.NS,Synergy Green Industries Limited,NSE,SGIL.NS
SGL.NS,STL Global Limited,NSE,SGL.NS
SGLRES.NS,SGL Resources Limited,NSE,SGLRES.NS
SGMART.NS,SG Mart Limited,NSE,SGMART.NS
SGRL.NS,Shree Ganesh Remedies Limited,NSE,SGRL.NS
SHADOWFAX.NS,Shadowfax Technologies Limited,NSE,SHADOWFAX.NS
SHAH.NS,Shah Metacorp Limited,NSE,SHAH.NS
SHAHALLOYS.NS,Shah Alloys Limited,NSE,SHAHALLOYS.NS
SHAHINVEST.NS,Shah Investor's Home Limited,NSE,SHAHINVEST.NS
SHAILY.NS,Shaily Engineering Plastics Limited,NSE,SHAILY.NS
SHAKTIPUMP.NS,Shakti Pumps (India) Limited,NSE,SHAKTIPUMP.NS
SHALBY.NS,Shalby Limited,NSE,SHALBY.NS
SHALPAINTS.NS,Shalimar Paints Limited,NSE,SHALPAINTS.NS
SHANKARA.NS,Shankara Building Products Limited,NSE,SHANKARA.NS
SHANKESH.NS,Shankesh Jewellers Limited,NSE,SHANKESH.NS
SHANTI.NS,Shanti Overseas (India) Limited,NSE,SHANTI.NS
SHANTIGEAR.NS,Shanthi Gears Limited,NSE,SHANTIGEAR.NS
SHANTIGOLD.NS,Shanti Gold International Limited,NSE,SHANTIGOLD.NS
SHARDACROP.NS,Sharda Cropchem Limited,NSE,SHARDACROP.NS
SHARDAMOTR.NS,Sharda Motor Industries Limited,NSE,SHARDAMOTR.NS
SHARDUL.NS,Shardul Securities Limited,NSE,SHARDUL.NS
SHAREINDIA.NS,Share India Securities Limited,NSE,SHAREINDIA.NS
SHBAJRG.NS,Shri Bajrang Alliance Limited,NSE,SHBAJRG.NS
SHEKHAWATI.NS,Shekhawati Industries Limited,NSE,SHEKHAWATI.NS
SHEMAROO.NS,Shemaroo Entertainment Limited,NSE,SHEMAROO.NS
SHERVANI.NS,Shervani Industrial Syndicate Limited,NSE,SHERVANI.NS
SHILCTECH.NS,Shilchar Technologies Limited,NSE,SHILCTECH.NS
SHILGRAVQ.NS,Shilp Gravures Limited,NSE,SHILGRAVQ.NS
SHILPAMED.NS,Shilpa Medicare Limited,NSE,SHILPAMED.NS
SHINDL.NS,Sharat Industries Limited,NSE,SHINDL.NS
SHIPROCKET.NS,Shiprocket Limited,NSE,SHIPROCKET.NS
SHIVAAGRO.NS,Shiva Global Agro Industries Limited,NSE,SHIVAAGRO.NS
SHIVACEM.NS,Shiva Cement Limited,NSE,SHIVACEM.NS
SHIVALIK.NS,Shivalik Rasayan Limited,NSE,SHIVALIK.NS
SHIVAMAUTO.NS,Shivam Autotech Limited,NSE,SHIVAMAUTO.NS
SHIVAMILLS.NS,Shiva Mills Limited,NSE,SHIVAMILLS.NS
SHIVATEX.NS,Shiva Texyarn Limited,NSE,SHIVATEX.NS
SHIVAUM.NS,Shiv Aum Steels Limited,NSE,SHIVAUM.NS
SHK.NS,S H Kelkar and Company Limited,NSE,SHK.NS
SHOPERSTOP.NS,Shoppers Stop Limited,NSE,SHOPERSTOP.NS
SHRADDHA.NS,Shraddha Prime Projects Limited,NSE,SHRADDHA.NS
SHRADHA.NS,Shradha Realty Limited,NSE,SHRADHA.NS
SHREDIGCEM.NS,Shree Digvijay Cement Co.Ltd,NSE,SHREDIGCEM.NS
SHREECEM.NS,SHREE CEMENT LIMITED,NSE,SHREECEM.NS
SHREEJISPG.NS,Shreeji Shipping Global Limited,NSE,SHREEJISPG.NS
SHREEPUSHK.NS,Shree Pushkar Chemicals & Fertilisers Limited,NSE,SHREEPUSHK.NS
SHREERAMA.NS,Shree Rama Multi-Tech Limited,NSE,SHREERAMA.NS
SHRENIK.NS,Shrenik Limited,NSE,SHRENIK.NS
SHREYANIND.NS,Shreyans Industries Limited,NSE,SHREYANIND.NS
SHRIKRISH.NS,Shri Krishna Devcon Limited,NSE,SHRIKRISH.NS
SHRINGARMS.NS,Shringar House of Mangalsutra Limited,NSE,SHRINGARMS.NS
SHRIPISTON.NS,SPR Auto Technologies Limited,NSE,SHRIPISTON.NS
SHRIRAMFIN.NS,Shriram Finance Limited,NSE,SHRIRAMFIN.NS
SHRIRAMPPS.NS,Shriram Properties Limited,NSE,SHRIRAMPPS.NS
SHRJAGP.NS,Shri Jagdamba Polymers Limited,NSE,SHRJAGP.NS
SHUKRAPHAR.NS,Shukra Pharmaceuticals Limited,NSE,SHUKRAPHAR.NS
SHYAMCENT.NS,Shyam Century Ferrous Limited,NSE,SHYAMCENT.NS
SHYAMMETL.NS,Shyam Metalics and Energy Limited,NSE,SHYAMMETL.NS
SHYAMTEL.NS,Shyam Telecom Limited,NSE,SHYAMTEL.NS
SICAGEN.NS,Sicagen India Limited,NSE,SICAGEN.NS
SICALLOG.NS,Sical Logistics Limited,NSE,SICALLOG.NS
SIEL.NS,Superior Industrial Enterprises Limited,NSE,SIEL.NS
SIEMENS.NS,Siemens Limited,NSE,SIEMENS.NS
SIGACHI.NS,Sigachi Industries Limited,NSE,SIGACHI.NS
SIGIND.NS,Signet Industries Limited,NSE,SIGIND.NS
SIGMA.NS,Sigma Solve Limited,NSE,SIGMA.NS
SIGMAADV.NS,SIGMA ADVANCED SYSTEMS LIMITED,NSE,SIGMAADV.NS
SIGNATURE.NS,Signatureglobal (India) Limited,NSE,SIGNATURE.NS
SIGNPOST.NS,Signpost India Limited,NSE,SIGNPOST.NS
SIKA.NS,Sika Interplant Systems Limited,NSE,SIKA.NS
SIKKO.NS,Sikko Industries Limited,NSE,SIKKO.NS
SIL.NS,Standard Industries Limited,NSE,SIL.NS
SILGO.NS,Silgo Retail Limited,NSE,SILGO.NS
SILINV.NS,SIL Investments Limited,NSE,SILINV.NS
SILVERTUC.NS,Silver Touch Technologies Limited,NSE,SILVERTUC.NS
SIMBHALS.NS,Simbhaoli Sugars Limited,NSE,SIMBHALS.NS
SIMPLEXINF.NS,Simplex Infrastructures Limited,NSE,SIMPLEXINF.NS
SIMPLXREA.NS,Simplex Realty Limited,NSE,SIMPLXREA.NS
SINCLAIR.NS,Sinclairs Hotels Limited,NSE,SINCLAIR.NS
SINDHUTRAD.NS,Sindhu Trade Links Limited,NSE,SINDHUTRAD.NS
SINGERIND.NS,Singer India Limited,NSE,SINGERIND.NS
SINTERCOM.NS,Sintercom India Limited,NSE,SINTERCOM.NS
SIRCA.NS,Sirca Paints India Limited,NSE,SIRCA.NS
SIS.NS,SIS LIMITED,NSE,SIS.NS
SITINET.NS,Siti Networks Limited,NSE,SITINET.NS
SIYSIL.NS,Siyaram Silk Mills Limited,NSE,SIYSIL.NS
SJS.NS,S.J.S. Enterprises Limited,NSE,SJS.NS
SJVN.NS,SJVN Limited,NSE,SJVN.NS
SKFINDIA.NS,SKF India Limited,NSE,SKFINDIA.NS
SKFINDUS.NS,SKF India (Industrial) Limited,NSE,SKFINDUS.NS
SKIPPER.NS,Skipper Limited,NSE,SKIPPER.NS
SKMEGGPROD.NS,SKM Egg Products Export (India) Limited,NSE,SKMEGGPROD.NS
SKYGOLD.NS,SKY GOLD AND DIAMONDS LIMITED,NSE,SKYGOLD.NS
SKYWAYS.NS,Skyways Air Services Limited,NSE,SKYWAYS.NS
SMARTLINK.NS,Smartlink Holdings Limited,NSE,SMARTLINK.NS
SMARTWORKS.NS,Smartworks Coworking Spaces Limited,NSE,SMARTWORKS.NS
SMCGLOBAL.NS,SMC Global Securities Limited,NSE,SMCGLOBAL.NS
SMLMAH.NS,SML Mahindra Limited,NSE,SMLMAH.NS
SMLT.NS,Sarthak Metals Limited,NSE,SMLT.NS
SMSPHARMA.NS,SMS Pharmaceuticals Limited,NSE,SMSPHARMA.NS
SNOWMAN.NS,Snowman Logistics Limited,NSE,SNOWMAN.NS
SOBHA.NS,Sobha Limited,NSE,SOBHA.NS
SOFTTECH.NS,Softtech Engineers Limited,NSE,SOFTTECH.NS
SOLARA.NS,Solara Active Pharma Sciences Limited,NSE,SOLARA.NS
SOLARINDS.NS,Solar Industries India Limited,NSE,SOLARINDS.NS
SOLARWORLD.NS,Solarworld Energy Solutions Limited,NSE,SOLARWORLD.NS
SOLEX.NS,Solex Energy Limited,NSE,SOLEX.NS
SOMANYCERA.NS,Somany Ceramics Limited,NSE,SOMANYCERA.NS
SOMATEX.NS,Soma Textiles & Industries Limited,NSE,SOMATEX.NS
SOMICONVEY.NS,Somi Conveyor Beltings Limited,NSE,SOMICONVEY.NS
SONA.NS,Sonaselection India Limited,NSE,SONA.NS
SONACOMS.NS,Sona BLW Precision Forgings Limited,NSE,SONACOMS.NS
SONAL.NS,Sonal Mercantile Limited,NSE,SONAL.NS
SONAMLTD.NS,SONAM LIMITED,NSE,SONAMLTD.NS
SONATSOFTW.NS,Sonata Software Limited,NSE,SONATSOFTW.NS
SOTL.NS,Savita Oil Technologies Limited,NSE,SOTL.NS
SOUTHBANK.NS,The South Indian Bank Limited,NSE,SOUTHBANK.NS
SOUTHWEST.NS,South West Pinnacle Exploration Limited,NSE,SOUTHWEST.NS
SPAL.NS,S. P. Apparels Limited,NSE,SPAL.NS
SPANDANA.NS,Spandana Sphoorty Financial Limited,NSE,SPANDANA.NS
SPARC.NS,Sun Pharma Advanced Research Company Limited,NSE,SPARC.NS
SPCENET.NS,Spacenet Enterprises India Limited,NSE,SPCENET.NS
SPECIALITY.NS,Speciality Restaurants Limited,NSE,SPECIALITY.NS
SPECTRUM.NS,Spectrum Electrical Industries Limited,NSE,SPECTRUM.NS
SPENCERS.NS,Spencer's Retail Limited,NSE,SPENCERS.NS
SPIC.NS,Southern Petrochemicals Industries Corporation  Limited,NSE,SPIC.NS
SPLIL.NS,SPL Industries Limited,NSE,SPLIL.NS
SPLPETRO.NS,Supreme Petrochem Limited,NSE,SPLPETRO.NS
SPMLINFRA.NS,SPML Infra Limited,NSE,SPMLINFRA.NS
SPORTKING.NS,Sportking India Limited,NSE,SPORTKING.NS
SRD.NS,Shankar Lal Rampal Dye-Chem Limited,NSE,SRD.NS
SREEL.NS,Sreeleathers Limited,NSE,SREEL.NS
SRF.NS,SRF Limited,NSE,SRF.NS
SRGHFL.NS,SRG Housing Finance Limited,NSE,SRGHFL.NS
SRHHYPOLTD.NS,Sree Rayalaseema Hi-Strength Hypo Limited,NSE,SRHHYPOLTD.NS
SRIKPRIND.NS,Sri KPR Industries Limited,NSE,SRIKPRIND.NS
SRIT.NS,SRIT India Limited,NSE,SRIT.NS
SRM.NS,SRM Contractors Limited,NSE,SRM.NS
SRTL.NS,Shree Ram Twistex Limited,NSE,SRTL.NS
SSDL.NS,Saraswati Saree Depot Limited,NSE,SSDL.NS
SSRETAIL.NS,SS Retail Limited,NSE,SSRETAIL.NS
SSWL.NS,Steel Strips Wheels Limited,NSE,SSWL.NS
STALLION.NS,Stallion India Fluorochemicals Limited,NSE,STALLION.NS
STANLEY.NS,Stanley Lifestyles Limited,NSE,STANLEY.NS
STAR.NS,Strides Pharma Science Limited,NSE,STAR.NS
STARCEMENT.NS,Star Cement Limited,NSE,STARCEMENT.NS
STARHEALTH.NS,Star Health and Allied Insurance Company Limited,NSE,STARHEALTH.NS
STARPAPER.NS,Star Paper Mills Limited,NSE,STARPAPER.NS
STARTECK.NS,Starteck Finance Limited,NSE,STARTECK.NS
STCINDIA.NS,The State Trading Corporation of India Limited,NSE,STCINDIA.NS
STEAMHOUSE.NS,Steamhouse India Limited,NSE,STEAMHOUSE.NS
STEELCAS.NS,Steelcast Limited,NSE,STEELCAS.NS
STEELCITY.NS,Steel City Securities Limited,NSE,STEELCITY.NS
STEELXIND.NS,STEEL EXCHANGE INDIA LIMITED,NSE,STEELXIND.NS
STEL.NS,Stel Holdings Limited,NSE,STEL.NS
STERTOOLS.NS,Sterling Tools Limited,NSE,STERTOOLS.NS
STLNETWORK.NS,STL Networks Limited,NSE,STLNETWORK.NS
STLSTRINF.NS,Steel Strips Infrastructures Limited,NSE,STLSTRINF.NS
STLTECH.NS,Sterlite Technologies Limited,NSE,STLTECH.NS
STOVEKRAFT.NS,Stove Kraft Limited,NSE,STOVEKRAFT.NS
STUDDS.NS,Studds Accessories Limited,NSE,STUDDS.NS
STYL.NS,Seshaasai Technologies Limited,NSE,STYL.NS
STYLAMIND.NS,Stylam Industries Limited,NSE,STYLAMIND.NS
STYLEBAAZA.NS,Baazar Style Retail Limited,NSE,STYLEBAAZA.NS
STYRENIX.NS,Styrenix Performance Materials Limited,NSE,STYRENIX.NS
SUBEXLTD.NS,Subex Limited,NSE,SUBEXLTD.NS
SUBROS.NS,Subros Limited,NSE,SUBROS.NS
SUDARCOLOR.NS,Sudarshan Colorants India Limited,NSE,SUDARCOLOR.NS
SUDARSCHEM.NS,Sudarshan Chemical Industries Limited,NSE,SUDARSCHEM.NS
SUDEEPPHRM.NS,Sudeep Pharma Limited,NSE,SUDEEPPHRM.NS
SUKHJITS.NS,Sukhjit Starch & Chemicals Limited,NSE,SUKHJITS.NS
SULA.NS,Sula Vineyards Limited,NSE,SULA.NS
SUMEDHA.NS,Sumedha Fiscal Services Limited,NSE,SUMEDHA.NS
SUMEETINDS.NS,Sumeet Industries Limited,NSE,SUMEETINDS.NS
SUMICHEM.NS,Sumitomo Chemical India Limited,NSE,SUMICHEM.NS
SUMIT.NS,Sumit Woods Limited,NSE,SUMIT.NS
SUMMITSEC.NS,Summit Securities Limited,NSE,SUMMITSEC.NS
SUNCLAY.NS,Sundaram Clayton Limited,NSE,SUNCLAY.NS
SUNDARAM.NS,Sundaram Multi Pap Limited,NSE,SUNDARAM.NS
SUNDARMFIN.NS,Sundaram Finance Limited,NSE,SUNDARMFIN.NS
SUNDRMBRAK.NS,Sundaram Brake Linings Limited,NSE,SUNDRMBRAK.NS
SUNDRMFAST.NS,Sundram Fasteners Limited,NSE,SUNDRMFAST.NS
SUNDROP.NS,Sundrop Brands Limited,NSE,SUNDROP.NS
SUNFLAG.NS,Sunflag Iron And Steel Company Limited,NSE,SUNFLAG.NS
SUNLOC.NS,Sunil Healthcare Limited,NSE,SUNLOC.NS
SUNPHARMA.NS,Sun Pharmaceutical Industries Limited,NSE,SUNPHARMA.NS
SUNRAKSHAK.NS,Sunrakshakk Industries India Limited,NSE,SUNRAKSHAK.NS
SUNSHIEL.NS,Sunshield Chemicals Limited,NSE,SUNSHIEL.NS
SUNSHINE.NS,Sunshine Pictures Limited,NSE,SUNSHINE.NS
SUNTECK.NS,Sunteck Realty Limited,NSE,SUNTECK.NS
SUNTV.NS,Sun TV Network Limited,NSE,SUNTV.NS
SUPERHOUSE.NS,Superhouse Limited,NSE,SUPERHOUSE.NS
SUPERSPIN.NS,Super Spinning Mills Limited,NSE,SUPERSPIN.NS
SUPRAJIT.NS,Suprajit Engineering Limited,NSE,SUPRAJIT.NS
SUPREME.NS,Supreme Holdings & Hospitality (India) Limited,NSE,SUPREME.NS
SUPREMEENG.NS,Supreme Engineering Limited,NSE,SUPREMEENG.NS
SUPREMEIND.NS,Supreme Industries Limited,NSE,SUPREMEIND.NS
SUPREMEINF.NS,Supreme Infrastructure India Limited,NSE,SUPREMEINF.NS
SUPRIYA.NS,Supriya Lifescience Limited,NSE,SUPRIYA.NS
SUPTANERY.NS,Super Tannery Limited,NSE,SUPTANERY.NS
SURAJEST.NS,Suraj Estate Developers Limited,NSE,SURAJEST.NS
SURAJLTD.NS,Suraj Limited,NSE,SURAJLTD.NS
SURAKSHA.NS,Suraksha Diagnostic Limited,NSE,SURAKSHA.NS
SURANASOL.NS,Surana Solar Limited,NSE,SURANASOL.NS
SURANAT&P.NS,Surana Telecom and Power Limited,NSE,SURANAT&P.NS
SURYALA.NS,Suryalata Spinning Mills Limited,NSE,SURYALA.NS
SURYALAXMI.NS,Suryalakshmi Cotton Mills Limited,NSE,SURYALAXMI.NS
SURYAROSNI.NS,Surya Roshni Limited,NSE,SURYAROSNI.NS
SURYODAY.NS,Suryoday Small Finance Bank Limited,NSE,SURYODAY.NS
SUTLEJTEX.NS,Sutlej Textiles and Industries Limited,NSE,SUTLEJTEX.NS
SUVEN.NS,Suven Life Sciences Limited,NSE,SUVEN.NS
SUVIDHAA.NS,Suvidhaa Infoserve Limited,NSE,SUVIDHAA.NS
SUYOG.NS,Suyog Telematics Limited,NSE,SUYOG.NS
SUZLON.NS,Suzlon Energy Limited,NSE,SUZLON.NS
SVGLOBAL.NS,S V Global Mill Limited,NSE,SVGLOBAL.NS
SVLL.NS,Shree Vasu Logistics Limited,NSE,SVLL.NS
SVPGLOB.NS,SVP GLOBAL TEXTILES LIMITED,NSE,SVPGLOB.NS
SWANCORP.NS,SWAN CORP LIMITED,NSE,SWANCORP.NS
SWANDEF.NS,Swan Defence and Heavy Industries Limited,NSE,SWANDEF.NS
SWARAJ.NS,Swaraj Suiting Limited,NSE,SWARAJ.NS
SWARAJENG.NS,Swaraj Engines Limited,NSE,SWARAJENG.NS
SWARNSAR.NS,Swarnsarita Jewels India Limited,NSE,SWARNSAR.NS
SWASTIKAIN.NS,Swastika Infra Limited,NSE,SWASTIKAIN.NS
SWELECTES.NS,Swelect Energy Systems Limited,NSE,SWELECTES.NS
SWIGGY.NS,Swiggy Limited,NSE,SWIGGY.NS
SWISSMLTRY.NS,Swiss Military Consumer Goods Limited,NSE,SWISSMLTRY.NS
SWSOLAR.NS,Sterling and Wilson Renewable Energy Limited,NSE,SWSOLAR.NS
SYMBIOTEC.NS,Symbiotec Pharmalab Limited,NSE,SYMBIOTEC.NS
SYMPHONY.NS,Symphony Limited,NSE,SYMPHONY.NS
SYNCOMF.NS,Syncom Formulations (India) Limited,NSE,SYNCOMF.NS
SYNGENE.NS,Syngene International Limited,NSE,SYNGENE.NS
SYRMA.NS,Syrma SGS Technology Limited,NSE,SYRMA.NS
SYSTMTXC.NS,Systematix Corporate Services Limited,NSE,SYSTMTXC.NS
TAALTECH.NS,Taal Tech Limited,NSE,TAALTECH.NS
TAINWALCHM.NS,Tainwala Chemical and Plastic (I) Limited,NSE,TAINWALCHM.NS
TAJGVK.NS,Taj GVK Hotels & Resorts Limited,NSE,TAJGVK.NS
TAKE.NS,TAKE Limited,NSE,TAKE.NS
TALBROAUTO.NS,Talbros Automotive Components Limited,NSE,TALBROAUTO.NS
TAMBOLIIN.NS,Tamboli Industries Limited,NSE,TAMBOLIIN.NS
TANAA.NS,Taneja Aerospace & Aviation Limited,NSE,TANAA.NS
TANLA.NS,Tanla Platforms Limited,NSE,TANLA.NS
TARACHAND.NS,Tara Chand InfraLogistic Solutions Limited,NSE,TARACHAND.NS
TARAPUR.NS,Tarapur Transformers Limited,NSE,TARAPUR.NS
TARC.NS,TARC Limited,NSE,TARC.NS
TARIL.NS,Transformers And Rectifiers (India) Limited,NSE,TARIL.NS
TARMAT.NS,Tarmat Limited,NSE,TARMAT.NS
TARSONS.NS,Tarsons Products Limited,NSE,TARSONS.NS
TASTYBITE.NS,Tasty Bite Eatables Limited,NSE,TASTYBITE.NS
TATACAP.NS,Tata Capital Limited,NSE,TATACAP.NS
TATACHEM.NS,Tata Chemicals Limited,NSE,TATACHEM.NS
TATACOMM.NS,Tata Communications Limited,NSE,TATACOMM.NS
TATACONSUM.NS,TATA CONSUMER PRODUCTS LIMITED,NSE,TATACONSUM.NS
TATAELXSI.NS,Tata Elxsi Limited,NSE,TATAELXSI.NS
TATAINVEST.NS,Tata Investment Corporation Limited,NSE,TATAINVEST.NS
TATAPOWER.NS,Tata Power Company Limited,NSE,TATAPOWER.NS
TATASTEEL.NS,Tata Steel Limited,NSE,TATASTEEL.NS
TATATECH.NS,Tata Technologies Limited,NSE,TATATECH.NS
TATVA.NS,Tatva Chintan Pharma Chem Limited,NSE,TATVA.NS
TBOTEK.NS,TBO Tek Limited,NSE,TBOTEK.NS
TBZ.NS,Tribhovandas Bhimji Zaveri Limited,NSE,TBZ.NS
TCC.NS,TCC Concept Limited,NSE,TCC.NS
TCI.NS,Transport Corporation of India Limited,NSE,TCI.NS
TCIEXP.NS,TCI Express Limited,NSE,TCIEXP.NS
TCIFINANCE.NS,TCI Finance Limited,NSE,TCIFINANCE.NS
TCPLPACK.NS,TCPL Packaging Limited,NSE,TCPLPACK.NS
TCS.NS,Tata Consultancy Services Limited,NSE,TCS.NS
TDPOWERSYS.NS,TD Power Systems Limited,NSE,TDPOWERSYS.NS
TEAMGTY.NS,Team India Guaranty Limited,NSE,TEAMGTY.NS
TEAMLEASE.NS,Teamlease Services Limited,NSE,TEAMLEASE.NS
TECHM.NS,Tech Mahindra Limited,NSE,TECHM.NS
TECHNOCRAF.NS,Technocraft Ventures Limited,NSE,TECHNOCRAF.NS
TECHNOE.NS,Techno Electric & Engineering Company Limited,NSE,TECHNOE.NS
TECHNVISN.NS,TechNVision Ventures Limited,NSE,TECHNVISN.NS
TECILCHEM.NS,TECIL Chemicals and Hydro Power Limited,NSE,TECILCHEM.NS
TEGA.NS,Tega Industries Limited,NSE,TEGA.NS
TEJASNET.NS,Tejas Networks Limited,NSE,TEJASNET.NS
TEMBO.NS,Tembo Global Industries Limited,NSE,TEMBO.NS
TEMPSENS.NS,Tempsens Instruments (India) Limited,NSE,TEMPSENS.NS
TENNIND.NS,Tenneco Clean Air India Limited,NSE,TENNIND.NS
TERAI.NS,Terai Tea Company Limited,NSE,TERAI.NS
TERASOFT.NS,Tera Software Limited,NSE,TERASOFT.NS
TEXINFRA.NS,Texmaco Infrastructure & Holdings Limited,NSE,TEXINFRA.NS
TEXMOPIPES.NS,Texmo Pipes and Products Limited,NSE,TEXMOPIPES.NS
TEXRAIL.NS,Texmaco Rail & Engineering Limited,NSE,TEXRAIL.NS
TFCILTD.NS,Tourism Finance Corporation of India Limited,NSE,TFCILTD.NS
TFL.NS,Transwarranty Finance Limited,NSE,TFL.NS
TGBHOTELS.NS,TGB Banquets And Hotels Limited,NSE,TGBHOTELS.NS
TGVSL.NS,TGV Sraac Limited,NSE,TGVSL.NS
THACKER.NS,Thacker & Company Limited,NSE,THACKER.NS
THAKDEV.NS,Thakkers Developers Limited,NSE,THAKDEV.NS
THANGAMAYL.NS,Thangamayil Jewellery Limited,NSE,THANGAMAYL.NS
THEINVEST.NS,The Investment Trust Of India Limited,NSE,THEINVEST.NS
THEJO.NS,Thejo Engineering Limited,NSE,THEJO.NS
THELEELA.NS,Leela Palaces Hotels & Resorts Limited,NSE,THELEELA.NS
THEMISMED.NS,Themis Medicare Limited,NSE,THEMISMED.NS
THERMAX.NS,Thermax Limited,NSE,THERMAX.NS
THOMASCOOK.NS,Thomas Cook  (India)  Limited,NSE,THOMASCOOK.NS
THOMASCOTT.NS,Thomas Scott (India) Limited,NSE,THOMASCOTT.NS
THYROCARE.NS,Thyrocare Technologies Limited,NSE,THYROCARE.NS
TI.NS,Tilaknagar Industries Limited,NSE,TI.NS
TICL.NS,Twamev Construction and Infrastructure Limited,NSE,TICL.NS
TIGERLOGS.NS,Tiger Logistics (India) Limited,NSE,TIGERLOGS.NS
TIIL.NS,Technocraft Industries (India) Limited,NSE,TIIL.NS
TIINDIA.NS,Tube Investments of India Limited,NSE,TIINDIA.NS
TIJARIA.NS,Tijaria Polypipes Limited,NSE,TIJARIA.NS
TIL.NS,TIL Limited,NSE,TIL.NS
TIMETECHNO.NS,Time Technoplast Limited,NSE,TIMETECHNO.NS
TIMEX.NS,Timex Group India Limited,NSE,TIMEX.NS
TIMKEN.NS,Timken India Limited,NSE,TIMKEN.NS
TINNARUBR.NS,Tinna Rubber and Infrastructure Limited,NSE,TINNARUBR.NS
TIPSFILMS.NS,Tips Films Limited,NSE,TIPSFILMS.NS
TIPSMUSIC.NS,Tips Music Limited,NSE,TIPSMUSIC.NS
TIRUMALCHM.NS,Thirumalai Chemicals Limited,NSE,TIRUMALCHM.NS
TIRUPATIFL.NS,Tirupati Forge Limited,NSE,TIRUPATIFL.NS
TITAGARH.NS,TITAGARH RAIL SYSTEMS LIMITED,NSE,TITAGARH.NS
TITAN.NS,Titan Company Limited,NSE,TITAN.NS
TMB.NS,Tamilnad Mercantile Bank Limited,NSE,TMB.NS
TMCV.NS,Tata Motors Limited,NSE,TMCV.NS
TMPV.NS,Tata Motors Passenger Vehicles Limited,NSE,TMPV.NS
TNPETRO.NS,Tamilnadu PetroProducts Limited,NSE,TNPETRO.NS
TNPL.NS,Tamil Nadu Newsprint & Papers Limited,NSE,TNPL.NS
TNTELE.NS,Tamilnadu Telecommunication Limited,NSE,TNTELE.NS
TOKYOPLAST.NS,Tokyo Plast International Limited,NSE,TOKYOPLAST.NS
TOLINS.NS,Tolins Tyres Limited,NSE,TOLINS.NS
TORNTPHARM.NS,Torrent Pharmaceuticals Limited,NSE,TORNTPHARM.NS
TORNTPOWER.NS,Torrent Power Limited,NSE,TORNTPOWER.NS
TOTAL.NS,Total Transport Systems Limited,NSE,TOTAL.NS
TOUCHWOOD.NS,Touchwood Entertainment Limited,NSE,TOUCHWOOD.NS
TOYAMSL.NS,Toyam Sports Limited,NSE,TOYAMSL.NS
TPHQ.NS,Teamo Productions HQ Limited,NSE,TPHQ.NS
TPLPLASTEH.NS,TPL Plastech Limited,NSE,TPLPLASTEH.NS
TRACXN.NS,Tracxn Technologies Limited,NSE,TRACXN.NS
TRANSCOR.NS,Transcorp International Limited,NSE,TRANSCOR.NS
TRANSPEK.NS,Transpek Industry Limited,NSE,TRANSPEK.NS
TRANSRAILL.NS,Transrail Lighting Limited,NSE,TRANSRAILL.NS
TRANSWORLD.NS,TRANSWORLD SHIPPING LINES LIMITED,NSE,TRANSWORLD.NS
TRAVELFOOD.NS,Travel Food Services Limited,NSE,TRAVELFOOD.NS
TREEHOUSE.NS,Tree House Education & Accessories Limited,NSE,TREEHOUSE.NS
TREJHARA.NS,TREJHARA SOLUTIONS LIMITED,NSE,TREJHARA.NS
TREL.NS,Transindia Real Estate Limited,NSE,TREL.NS
TRENT.NS,Trent Limited,NSE,TRENT.NS
TRF.NS,TRF Limited,NSE,TRF.NS
TRIDENT.NS,Trident Limited,NSE,TRIDENT.NS
TRIGYN.NS,Trigyn Technologies Limited,NSE,TRIGYN.NS
TRITONV.NS,Triton Valves Limited,NSE,TRITONV.NS
TRITURBINE.NS,Triveni Turbine Limited,NSE,TRITURBINE.NS
TRIVENI.NS,Triveni Engineering & Industries Limited,NSE,TRIVENI.NS
TRU.NS,TruCap Finance Limited,NSE,TRU.NS
TRUALT.NS,TruAlt Bioenergy Limited,NSE,TRUALT.NS
TSFINV.NS,TSF INVESTMENTS LIMITED,NSE,TSFINV.NS
TTKHLTCARE.NS,TTK Healthcare Limited,NSE,TTKHLTCARE.NS
TTKPRESTIG.NS,TTK Prestige Limited,NSE,TTKPRESTIG.NS
TTL.NS,T T Limited,NSE,TTL.NS
TTML.NS,Tata Teleservices (Maharashtra) Limited,NSE,TTML.NS
TURTLEMINT.NS,Turtlemint Fintech Solutions Limited,NSE,TURTLEMINT.NS
TUTIALKA.NS,Tuticorin Alkali Chemicals & Fertilizers Limited,NSE,TUTIALKA.NS
TVSELECT.NS,TVS Electronics Limited,NSE,TVSELECT.NS
TVSHLTD.NS,TVS Holdings Limited,NSE,TVSHLTD.NS
TVSMOTOR.NS,TVS Motor Company Limited,NSE,TVSMOTOR.NS
TVSSCS.NS,TVS Supply Chain Solutions Limited,NSE,TVSSCS.NS
TVSSRICHAK.NS,TVS Srichakra Limited,NSE,TVSSRICHAK.NS
TVTODAY.NS,TV Today Network Limited,NSE,TVTODAY.NS
TVVISION.NS,TV Vision Limited,NSE,TVVISION.NS
UBL.NS,United Breweries Limited,NSE,UBL.NS
UCAL.NS,UCAL LIMITED,NSE,UCAL.NS
UCOBANK.NS,UCO Bank,NSE,UCOBANK.NS
UDAYJEW.NS,Uday Jewellery Industries Limited,NSE,UDAYJEW.NS
UDS.NS,Updater Services Limited,NSE,UDS.NS
UEL.NS,Ujaas Energy Limited,NSE,UEL.NS
UFBL.NS,United Foodbrands Limited,NSE,UFBL.NS
UFLEX.NS,UFLEX Limited,NSE,UFLEX.NS
UFO.NS,UFO Moviez India Limited,NSE,UFO.NS
UGARSUGAR.NS,The Ugar Sugar Works Limited,NSE,UGARSUGAR.NS
UGROCAP.NS,Ugro Capital Limited,NSE,UGROCAP.NS
UJJIVANSFB.NS,Ujjivan Small Finance Bank Limited,NSE,UJJIVANSFB.NS
ULTRACEMCO.NS,UltraTech Cement Limited,NSE,ULTRACEMCO.NS
ULTRAMAR.NS,Ultramarine & Pigments Limited,NSE,ULTRAMAR.NS
UMAEXPORTS.NS,Uma Exports Limited,NSE,UMAEXPORTS.NS
UMESLTD.NS,Usha Martin Education & Solutions Limited,NSE,UMESLTD.NS
UMIYA-MRO.NS,UMIYA BUILDCON LIMITED,NSE,UMIYA-MRO.NS
UNICHEMLAB.NS,Unichem Laboratories Limited,NSE,UNICHEMLAB.NS
UNIDT.NS,United Drilling Tools Limited,NSE,UNIDT.NS
UNIECOM.NS,Unicommerce Esolutions Limited,NSE,UNIECOM.NS
UNIENTER.NS,Uniphos Enterprises Limited,NSE,UNIENTER.NS
UNIINFO.NS,Uniinfo Telecom Services Limited,NSE,UNIINFO.NS
UNIMECH.NS,Unimech Aerospace and Manufacturing Limited,NSE,UNIMECH.NS
UNIONBANK.NS,Union Bank of India,NSE,UNIONBANK.NS
UNIPARTS.NS,Uniparts India Limited,NSE,UNIPARTS.NS
UNITDSPR.NS,United Spirits Limited,NSE,UNITDSPR.NS
UNITECH.NS,Unitech Limited,NSE,UNITECH.NS
UNITEDPOLY.NS,United Polyfab Gujarat Limited,NSE,UNITEDPOLY.NS
UNITEDTEA.NS,The United Nilgiri Tea Estates Company Limited,NSE,UNITEDTEA.NS
UNIVASTU.NS,Univastu India Limited,NSE,UNIVASTU.NS
UNIVCABLES.NS,Universal Cables Limited,NSE,UNIVCABLES.NS
UNIVPHOTO.NS,Universus Photo Imagings Limited,NSE,UNIVPHOTO.NS
UNOMINDA.NS,UNO Minda Limited,NSE,UNOMINDA.NS
UPHOT.NS,U P Hotels Limited,NSE,UPHOT.NS
UPL.NS,UPL Limited,NSE,UPL.NS
URAVIDEF.NS,Uravi Defence and Technology Limited,NSE,URAVIDEF.NS
URBANCO.NS,Urban Company Limited,NSE,URBANCO.NS
URJA.NS,Urja Global Limited,NSE,URJA.NS
USHAMART.NS,Usha Martin Limited,NSE,USHAMART.NS
USK.NS,Udayshivakumar Infra Limited,NSE,USK.NS
UTIAMC.NS,UTI Asset Management Company Limited,NSE,UTIAMC.NS
UTKARSHBNK.NS,Utkarsh Small Finance Bank Limited,NSE,UTKARSHBNK.NS
UTLSOLAR.NS,Fujiyama Power Systems Limited,NSE,UTLSOLAR.NS
UTTAMSUGAR.NS,Uttam Sugar Mills Limited,NSE,UTTAMSUGAR.NS
UYFINCORP.NS,U. Y. Fincorp Limited,NSE,UYFINCORP.NS
V2RETAIL.NS,V2 Retail Limited,NSE,V2RETAIL.NS
VADILALIND.NS,Vadilal Industries Limited,NSE,VADILALIND.NS
VADILENT.NS,Vadilal Enterprises Limited,NSE,VADILENT.NS
VAIBHAVGBL.NS,Vaibhav Global Limited,NSE,VAIBHAVGBL.NS
VAISHALI.NS,Vaishali Pharma Limited,NSE,VAISHALI.NS
VAKRANGEE.NS,Vakrangee Limited,NSE,VAKRANGEE.NS
VALIANTLAB.NS,Valiant Laboratories Limited,NSE,VALIANTLAB.NS
VALIANTORG.NS,Valiant Organics Limited,NSE,VALIANTORG.NS
VAML.NS,Vedanta Aluminium Metal Limited,NSE,VAML.NS
VARDHACRLC.NS,Vardhman Acrylics Limited,NSE,VARDHACRLC.NS
VARDMNPOLY.NS,Vardhman Polytex Limited,NSE,VARDMNPOLY.NS
VARMORA.NS,Varmora Granito Limited,NSE,VARMORA.NS
VARROC.NS,Varroc Engineering Limited,NSE,VARROC.NS
VASCONEQ.NS,Vascon Engineers Limited,NSE,VASCONEQ.NS
VASUPRADA.NS,Shri Vasuprada Plantations Limited,NSE,VASUPRADA.NS
VASWANI.NS,Vaswani Industries Limited,NSE,VASWANI.NS
VBL.NS,Varun Beverages Limited,NSE,VBL.NS
VCL.NS,Vaxtex Cotfab Limited,NSE,VCL.NS
VEDAVAAG.NS,VEDAVAAG Systems Limited,NSE,VEDAVAAG.NS
VEDL.NS,Vedanta Limited,NSE,VEDL.NS
VEDPOWER.NS,Vedanta Power Limited,NSE,VEDPOWER.NS
VEEDOL.NS,Veedol Corporation Limited,NSE,VEEDOL.NS
VEEGALAND.NS,Veegaland Developers Limited,NSE,VEEGALAND.NS
VELJAN.NS,Veljan Denison Limited,NSE,VELJAN.NS
VENKEYS.NS,Venky's (India) Limited,NSE,VENKEYS.NS
VENTIVE.NS,Ventive Hospitality Limited,NSE,VENTIVE.NS
VENUSPIPES.NS,Venus Pipes & Tubes Limited,NSE,VENUSPIPES.NS
VENUSREM.NS,Venus Remedies Limited,NSE,VENUSREM.NS
VERANDA.NS,Veranda Learning Solutions Limited,NSE,VERANDA.NS
VERTOZ.NS,Vertoz Limited,NSE,VERTOZ.NS
VESUVIUS.NS,Vesuvius India Limited,NSE,VESUVIUS.NS
VETO.NS,Veto Switchgears And Cables Limited,NSE,VETO.NS
VGCL.NS,Vibrant Global Capital Limited,NSE,VGCL.NS
VGL.NS,VARVEE GLOBAL LIMITED,NSE,VGL.NS
VGUARD.NS,V-Guard Industries Limited,NSE,VGUARD.NS
VHL.NS,Vardhman Holdings Limited,NSE,VHL.NS
VHLTD.NS,Viceroy Hotels Limited,NSE,VHLTD.NS
VIDHIING.NS,Vidhi Specialty Food Ingredients Limited,NSE,VIDHIING.NS
VIDYAWIRES.NS,Vidya Wires Limited,NSE,VIDYAWIRES.NS
VIJAYA.NS,Vijaya Diagnostic Centre Limited,NSE,VIJAYA.NS
VIJIFIN.NS,Viji Finance Limited,NSE,VIJIFIN.NS
VIJSOLX.NS,Vijay Solvex Limited,NSE,VIJSOLX.NS
VIKASECO.NS,Vikas EcoTech Limited,NSE,VIKASECO.NS
VIKASLIFE.NS,Vikas Lifecare Limited,NSE,VIKASLIFE.NS
VIKRAMSOLR.NS,Vikram Solar Limited,NSE,VIKRAMSOLR.NS
VIKRAN.NS,Vikran Engineering Limited,NSE,VIKRAN.NS
VIMTALABS.NS,Vimta Labs Limited,NSE,VIMTALABS.NS
VINATIORGA.NS,Vinati Organics Limited,NSE,VINATIORGA.NS
VINCOFE.NS,Vintage Coffee And Beverages Limited,NSE,VINCOFE.NS
VINDHYATEL.NS,Vindhya Telelinks Limited,NSE,VINDHYATEL.NS
VINEETLAB.NS,Vineet Laboratories Limited,NSE,VINEETLAB.NS
VINNY.NS,Vinny Overseas Limited,NSE,VINNY.NS
VINYLINDIA.NS,Vinyl Chemicals (India) Limited,NSE,VINYLINDIA.NS
VIPCLOTHNG.NS,VIP Clothing Limited,NSE,VIPCLOTHNG.NS
VIPIND.NS,VIP Industries Limited,NSE,VIPIND.NS
VIPULLTD.NS,Vipul Limited,NSE,VIPULLTD.NS
VIRAT.NS,Virat Industries Limited,NSE,VIRAT.NS
VIRINCHI.NS,Virinchi Limited,NSE,VIRINCHI.NS
VIRTUALG.NS,Virtual Global Education Limited,NSE,VIRTUALG.NS
VISACHROME.NS,VISA Chrome Limited,NSE,VISACHROME.NS
VISAKAIND.NS,Visaka Industries Limited,NSE,VISAKAIND.NS
VISHAL.NS,Vishal Fabrics Limited,NSE,VISHAL.NS
VISHNU.NS,Vishnu Chemicals Limited,NSE,VISHNU.NS
VISHWARAJ.NS,Vishwaraj Sugar Industries Limited,NSE,VISHWARAJ.NS
VISL.NS,Vedanta Iron and Steel Limited,NSE,VISL.NS
VITAL.NS,Vital Chemtech Limited,NSE,VITAL.NS
VIVIANA.NS,Viviana Power Tech Limited,NSE,VIVIANA.NS
VIVIDHA.NS,Visagar Polytex Limited,NSE,VIVIDHA.NS
VIVIMEDLAB.NS,Vivimed Labs Limited,NSE,VIVIMEDLAB.NS
VIVOBIOT.NS,Vivo Bio Tech Limited,NSE,VIVOBIOT.NS
VIYASH.NS,Viyash Scientific Limited,NSE,VIYASH.NS
VLEGOV.NS,VL E-Governance & IT Solutions Limited,NSE,VLEGOV.NS
VLSFINANCE.NS,VLS Finance Limited,NSE,VLSFINANCE.NS
VMART.NS,V-Mart Retail Limited,NSE,VMART.NS
VMM.NS,Vishal Mega Mart Limited,NSE,VMM.NS
VMSTMT.NS,VMS TMT Limited,NSE,VMSTMT.NS
VNL.NS,Vishal Nirmiti Limited,NSE,VNL.NS
VOEPL.NS,Virtuoso Optoelectronics Limited,NSE,VOEPL.NS
VOGL.NS,Vedanta Oil and Gas Limited,NSE,VOGL.NS
VOITHPAPR.NS,Voith Paper Fabrics India Limited,NSE,VOITHPAPR.NS
VOLTAMP.NS,Voltamp Transformers Limited,NSE,VOLTAMP.NS
VOLTAS.NS,Voltas Limited,NSE,VOLTAS.NS
VPRPL.NS,Vishnu Prakash R Punglia Limited,NSE,VPRPL.NS
VRAJ.NS,Vraj Iron and Steel Limited,NSE,VRAJ.NS
VRLLOG.NS,VRL Logistics Limited,NSE,VRLLOG.NS
VSSL.NS,Vardhman Special Steels Limited,NSE,VSSL.NS
VSTIND.NS,VST Industries Limited,NSE,VSTIND.NS
VSTL.NS,Vibhor Steel Tubes Limited,NSE,VSTL.NS
VSTTILLERS.NS,V.S.T Tillers Tractors Limited,NSE,VSTTILLERS.NS
VTL.NS,Vardhman Textiles Limited,NSE,VTL.NS
VTMLTD.NS,VTM Limited,NSE,VTMLTD.NS
WAAREEENER.NS,Waaree Energies Limited,NSE,WAAREEENER.NS
WAAREEINDO.NS,Indosolar Limited,NSE,WAAREEINDO.NS
WAAREERTL.NS,Waaree Renewable Technologies Limited,NSE,WAAREERTL.NS
WABAG.NS,VA Tech Wabag Limited,NSE,WABAG.NS
WAKEFIT.NS,Wakefit Innovations Limited,NSE,WAKEFIT.NS
WALCHANNAG.NS,Walchandnagar Industries Limited,NSE,WALCHANNAG.NS
WANBURY.NS,Wanbury Limited,NSE,WANBURY.NS
WARDINMOBI.NS,Wardwizard Innovations & Mobility Limited,NSE,WARDINMOBI.NS
WATERBASE.NS,Waterbase Limited,NSE,WATERBASE.NS
WCIL.NS,Western Carriers (India) Limited,NSE,WCIL.NS
WEALTH.NS,Wealth First Portfolio Managers Limited,NSE,WEALTH.NS
WEBELSOLAR.NS,Websol Energy System Limited,NSE,WEBELSOLAR.NS
WEIZMANIND.NS,Weizmann Limited,NSE,WEIZMANIND.NS
WEL.NS,Wonder Electricals Limited,NSE,WEL.NS
WELCORP.NS,Welspun Corp Limited,NSE,WELCORP.NS
WELENT.NS,Welspun Enterprises Limited,NSE,WELENT.NS
WELINV.NS,Welspun Investments and Commercials Limited,NSE,WELINV.NS
WELSPLSOL.NS,Welspun Specialty Solutions Limited,NSE,WELSPLSOL.NS
WELSPUNLIV.NS,Welspun Living Limited,NSE,WELSPUNLIV.NS
WENDT.NS,Wendt (India) Limited,NSE,WENDT.NS
WESTLIFE.NS,WESTLIFE FOODWORLD LIMITED,NSE,WESTLIFE.NS
WEWIN.NS,WE WIN LIMITED,NSE,WEWIN.NS
WEWORK.NS,WeWork India Management Limited,NSE,WEWORK.NS
WHBRADY.NS,WH Brady & Company Limited,NSE,WHBRADY.NS
WHEELS.NS,Wheels India Limited,NSE,WHEELS.NS
WHIRLPOOL.NS,Whirlpool of India Limited,NSE,WHIRLPOOL.NS
WILLAMAGOR.NS,Williamson Magor & Company Limited,NSE,WILLAMAGOR.NS
WINDLAS.NS,Windlas Biotech Limited,NSE,WINDLAS.NS
WINDMACHIN.NS,Windsor Machines Limited,NSE,WINDMACHIN.NS
WIPL.NS,The Western India Plywoods Limited,NSE,WIPL.NS
WIPRO.NS,Wipro Limited,NSE,WIPRO.NS
WOCKPHARMA.NS,Wockhardt Limited,NSE,WOCKPHARMA.NS
WONDERLA.NS,Wonderla Holidays Limited,NSE,WONDERLA.NS
WORTHPERI.NS,Worth Peripherals Limited,NSE,WORTHPERI.NS
WPIL.NS,WPIL Limited,NSE,WPIL.NS
WSI.NS,W S Industries (I) Limited,NSE,WSI.NS
WSTCSTPAPR.NS,West Coast Paper Mills Limited,NSE,WSTCSTPAPR.NS
XCHANGING.NS,Xchanging Solutions Limited,NSE,XCHANGING.NS
XELPMOC.NS,Xelpmoc Design And Tech Limited,NSE,XELPMOC.NS
XPROINDIA.NS,Xpro India Limited,NSE,XPROINDIA.NS
XTGLOBAL.NS,Xtglobal Infotech Limited,NSE,XTGLOBAL.NS
XTRANET.NS,Xtranet Technologies Limited,NSE,XTRANET.NS
YASHO.NS,Yasho Industries Limited,NSE,YASHO.NS
YATHARTH.NS,Yatharth Hospital & Trauma Care Services Limited,NSE,YATHARTH.NS
YATRA.NS,Yatra Online Limited,NSE,YATRA.NS
YESBANK.NS,Yes Bank Limited,NSE,YESBANK.NS
YOGI.NS,Yogi Limited,NSE,YOGI.NS
YUKEN.NS,Yuken India Limited,NSE,YUKEN.NS
ZAGGLE.NS,Zaggle Prepaid Ocean Services Limited,NSE,ZAGGLE.NS
ZEEL.NS,Zee Entertainment Enterprises Limited,NSE,ZEEL.NS
ZEELEARN.NS,Zee Learn Limited,NSE,ZEELEARN.NS
ZEEMEDIA.NS,Zee Media Corporation Limited,NSE,ZEEMEDIA.NS
ZENITHEXPO.NS,Zenith Exports Limited,NSE,ZENITHEXPO.NS
ZENITHSTL.NS,Zenith Steel Pipes & Industries Limited,NSE,ZENITHSTL.NS
ZENSARTECH.NS,Zensar Technologies Limited,NSE,ZENSARTECH.NS
ZENTEC.NS,Zen Technologies Limited,NSE,ZENTEC.NS
ZFCVINDIA.NS,ZF Commercial Vehicle Control Systems India Limited,NSE,ZFCVINDIA.NS
ZFSTEERING.NS,ZF Steering Gear (India) Limited,NSE,ZFSTEERING.NS
ZIMLAB.NS,Zim Laboratories Limited,NSE,ZIMLAB.NS
ZODIAC.NS,Zodiac Energy Limited,NSE,ZODIAC.NS
ZODIACLOTH.NS,Zodiac Clothing Company Limited,NSE,ZODIACLOTH.NS
ZOTA.NS,Zota Health Care LImited,NSE,ZOTA.NS
ZSARACOM.NS,Saraswati Commercial India Limited,NSE,ZSARACOM.NS
ZUARI.NS,Zuari Agro Chemicals Limited,NSE,ZUARI.NS
ZUARIIND.NS,ZUARI INDUSTRIES LIMITED,NSE,ZUARIIND.NS
ZYDUSLIFE.NS,Zydus Lifesciences Limited,NSE,ZYDUSLIFE.NS
ZYDUSWELL.NS,Zydus Wellness Limited,NSE,ZYDUSWELL.NS
